Datetime,Open,High,Low,Close,Volume
2017-12-01,16000.0,16450.0,13050.0,13300.0,3209658.0
2017-12-04,13050.0,13100.0,11600.0,12000.0,744204.0
2017-12-05,12000.0,12250.0,11700.0,11800.0,275732.0
2017-12-06,11850.0,12000.0,11450.0,11550.0,218911.0
2017-12-07,11600.0,11600.0,10900.0,11000.0,224633.0
2017-12-08,11100.0,11800.0,10950.0,11000.0,373110.0
2017-12-11,11100.0,11400.0,11000.0,11050.0,89343.0
2017-12-12,11200.0,11450.0,10850.0,10950.0,119746.0
2017-12-13,11050.0,11200.0,10650.0,10700.0,104705.0
2017-12-14,10800.0,10950.0,10550.0,10700.0,116689.0
2017-12-15,10800.0,10950.0,10650.0,10800.0,70955.0
2017-12-18,10850.0,10900.0,10500.0,10550.0,87043.0
2017-12-19,10600.0,10800.0,10250.0,10800.0,119199.0
2017-12-20,10800.0,10900.0,10600.0,10700.0,79503.0
2017-12-21,10550.0,10650.0,10050.0,10250.0,104484.0
2017-12-22,10300.0,10600.0,10200.0,10600.0,48258.0
2017-12-26,10650.0,11100.0,10650.0,10900.0,78055.0
2017-12-27,10800.0,10900.0,10550.0,10750.0,22077.0
2017-12-28,10800.0,10950.0,10550.0,10700.0,20507.0
2018-01-02,10850.0,10900.0,10600.0,10800.0,28028.0
2018-01-03,10750.0,10750.0,10600.0,10600.0,39968.0
2018-01-04,10700.0,10750.0,10600.0,10750.0,29937.0
2018-01-05,10800.0,11700.0,10800.0,11600.0,330812.0
2018-01-08,11850.0,12000.0,11400.0,11650.0,174122.0
2018-01-09,11700.0,11750.0,11350.0,11500.0,165269.0
2018-01-10,11550.0,11650.0,11100.0,11350.0,119392.0
2018-01-11,11350.0,11750.0,11300.0,11400.0,114415.0
2018-01-12,11300.0,11400.0,11050.0,11050.0,75246.0
2018-01-15,11150.0,11150.0,10700.0,10900.0,64960.0
2018-01-16,10900.0,10950.0,10750.0,10950.0,27081.0
2018-01-17,11000.0,11350.0,10900.0,10900.0,85553.0
2018-01-18,11000.0,11150.0,10800.0,10850.0,41732.0
2018-01-19,10950.0,11700.0,10900.0,11600.0,151049.0
2018-01-22,11700.0,12050.0,11300.0,11750.0,170768.0
2018-01-23,11700.0,11950.0,11550.0,11950.0,144522.0
2018-01-24,12000.0,13000.0,11950.0,12400.0,502880.0
2018-01-25,12400.0,12500.0,12100.0,12400.0,136865.0
2018-01-26,12550.0,12600.0,12200.0,12450.0,132850.0
2018-01-29,12350.0,12900.0,12300.0,12800.0,165915.0
2018-01-30,12650.0,12950.0,12300.0,12700.0,95216.0
2018-01-31,12900.0,13000.0,12500.0,12750.0,55288.0
2018-02-01,12900.0,12950.0,12400.0,12650.0,64037.0
2018-02-02,12500.0,12750.0,11950.0,12300.0,72627.0
2018-02-05,11850.0,12000.0,11650.0,11800.0,55106.0
2018-02-06,11250.0,12000.0,11100.0,11950.0,74985.0
2018-02-07,11900.0,12150.0,11400.0,11600.0,40099.0
2018-02-08,11650.0,11850.0,11300.0,11650.0,67615.0
2018-02-09,11200.0,11700.0,11150.0,11600.0,49924.0
2018-02-12,11600.0,11850.0,11050.0,11600.0,45704.0
2018-02-13,11750.0,11800.0,11400.0,11650.0,18192.0
2018-02-14,11800.0,11850.0,11400.0,11850.0,23326.0
2018-02-19,11850.0,12000.0,11600.0,11950.0,30674.0
2018-02-20,12000.0,12100.0,11800.0,12050.0,30613.0
2018-02-21,11900.0,12050.0,11700.0,11800.0,40102.0
2018-02-22,12350.0,12500.0,11800.0,11800.0,95040.0
2018-02-23,11950.0,12250.0,11850.0,12200.0,50200.0
2018-02-26,12300.0,12550.0,12050.0,12450.0,54175.0
2018-02-27,12550.0,13450.0,12500.0,13100.0,220409.0
2018-02-28,13450.0,13750.0,12900.0,13150.0,167656.0
2018-03-02,12900.0,13900.0,12850.0,13500.0,129060.0
2018-03-05,13800.0,13800.0,13150.0,13450.0,63092.0
2018-03-06,13450.0,13500.0,12550.0,13100.0,144125.0
2018-03-07,12750.0,12850.0,12250.0,12350.0,125176.0
2018-03-08,12450.0,12800.0,12350.0,12650.0,42970.0
2018-03-09,12500.0,12750.0,12400.0,12550.0,58446.0
2018-03-12,12750.0,13250.0,12650.0,12900.0,101597.0
2018-03-13,12750.0,13150.0,12750.0,13100.0,44874.0
2018-03-14,13000.0,13250.0,12900.0,13050.0,34570.0
2018-03-15,12900.0,13200.0,12850.0,13200.0,48515.0
2018-03-16,13250.0,13650.0,13050.0,13500.0,108666.0
2018-03-19,13300.0,13650.0,13250.0,13600.0,68580.0
2018-03-20,13500.0,13650.0,13000.0,13350.0,124167.0
2018-03-21,13100.0,13300.0,12850.0,12900.0,167294.0
2018-03-22,13000.0,13200.0,12300.0,12400.0,130324.0
2018-03-23,12250.0,12700.0,12150.0,12400.0,40519.0
2018-03-26,12600.0,12700.0,12250.0,12350.0,39667.0
2018-03-27,12500.0,12600.0,12150.0,12500.0,24768.0
2018-03-28,12500.0,12600.0,11800.0,11950.0,68725.0
2018-03-29,11850.0,12150.0,11850.0,11950.0,35243.0
2018-03-30,12000.0,12200.0,11850.0,12050.0,24139.0
2018-04-02,12100.0,12150.0,11850.0,12100.0,27215.0
2018-04-03,11950.0,12100.0,11800.0,11950.0,45547.0
2018-04-04,12000.0,12550.0,12000.0,12150.0,62169.0
2018-04-05,12550.0,12550.0,12350.0,12450.0,13636.0
2018-04-06,12500.0,12550.0,11950.0,12100.0,41095.0
2018-04-09,12000.0,12100.0,11750.0,11800.0,40098.0
2018-04-10,11800.0,11800.0,11350.0,11500.0,76498.0
2018-04-11,11550.0,11650.0,11400.0,11400.0,23234.0
2018-04-12,11350.0,11500.0,11150.0,11250.0,53296.0
2018-04-13,11250.0,11450.0,11250.0,11400.0,13210.0
2018-04-16,11500.0,11500.0,11150.0,11200.0,21262.0
2018-04-17,11200.0,11250.0,10950.0,11050.0,23519.0
2018-04-18,11100.0,11250.0,11000.0,11150.0,20825.0
2018-04-19,11150.0,12000.0,11150.0,11700.0,85088.0
2018-04-20,11800.0,11850.0,11400.0,11400.0,35031.0
2018-04-23,11500.0,12800.0,11400.0,12300.0,193787.0
2018-04-24,12350.0,12450.0,12000.0,12300.0,47861.0
2018-04-25,12250.0,12500.0,11850.0,11950.0,41253.0
2018-04-26,12000.0,12100.0,11700.0,11700.0,37773.0
2018-04-27,11700.0,11900.0,11650.0,11800.0,19302.0
2018-04-30,11800.0,12100.0,11600.0,11650.0,92419.0
2018-05-02,11950.0,12300.0,11800.0,12300.0,129005.0
2018-05-03,12600.0,12900.0,12050.0,12150.0,112836.0
2018-05-04,12200.0,12350.0,12000.0,12350.0,39940.0
2018-05-08,12500.0,12800.0,12150.0,12350.0,57526.0
2018-05-09,12350.0,12450.0,11700.0,11750.0,71665.0
2018-05-10,11800.0,11850.0,11600.0,11650.0,41591.0
2018-05-11,11700.0,11950.0,11650.0,11700.0,48433.0
2018-05-14,11800.0,12500.0,11650.0,12400.0,137950.0
2018-05-15,12850.0,15300.0,12650.0,14050.0,1639118.0
2018-05-16,13550.0,15100.0,13450.0,14400.0,554988.0
2018-05-17,14600.0,14750.0,13900.0,14200.0,259758.0
2018-05-18,14100.0,14800.0,13950.0,14300.0,216514.0
2018-05-21,14050.0,14400.0,14000.0,14050.0,82719.0
2018-05-23,14100.0,14200.0,13500.0,13550.0,139363.0
2018-05-24,13450.0,13500.0,12800.0,13100.0,155395.0
2018-05-25,12650.0,13000.0,12450.0,12700.0,99422.0
2018-05-28,13050.0,14250.0,12950.0,13700.0,295547.0
2018-05-29,13650.0,13750.0,13150.0,13200.0,124174.0
2018-05-30,13100.0,13650.0,12850.0,13400.0,119792.0
2018-05-31,13600.0,13800.0,12950.0,13050.0,114360.0
2018-06-01,13050.0,13200.0,12800.0,12900.0,58481.0
2018-06-04,12950.0,13000.0,12450.0,12550.0,60200.0
2018-06-05,12550.0,13000.0,12450.0,12500.0,37164.0
2018-06-07,12500.0,12900.0,12500.0,12600.0,25454.0
2018-06-08,12600.0,12900.0,12450.0,12850.0,26740.0
2018-06-11,13050.0,13050.0,12700.0,12800.0,51956.0
2018-06-12,12900.0,13350.0,12850.0,12900.0,93247.0
2018-06-14,12850.0,12900.0,12400.0,12550.0,48748.0
2018-06-15,12600.0,12650.0,12300.0,12350.0,28794.0
2018-06-18,12600.0,12600.0,11500.0,11750.0,55868.0
2018-06-19,11600.0,12000.0,11450.0,11500.0,41743.0
2018-06-20,11300.0,11750.0,11300.0,11650.0,28042.0
2018-06-21,11600.0,11850.0,11400.0,11650.0,13144.0
2018-06-22,11650.0,12000.0,11400.0,11850.0,25332.0
2018-06-25,12000.0,12550.0,11950.0,11950.0,30611.0
2018-06-26,11800.0,12500.0,11750.0,12400.0,44430.0
2018-06-27,12500.0,12600.0,12050.0,12100.0,23917.0
2018-06-28,11900.0,12500.0,11750.0,11950.0,31092.0
2018-06-29,11900.0,12450.0,11750.0,12150.0,21036.0
2018-07-02,12150.0,12300.0,11800.0,12000.0,15045.0
2018-07-03,11850.0,12000.0,11450.0,11600.0,32145.0
2018-07-04,11600.0,11650.0,11300.0,11400.0,16198.0
2018-07-05,11200.0,11350.0,10900.0,11050.0,32005.0
2018-07-06,11000.0,11700.0,10900.0,11500.0,12343.0
2018-07-09,11550.0,11800.0,11150.0,11750.0,19316.0
2018-07-10,11700.0,12100.0,11600.0,11950.0,24967.0
2018-07-11,11900.0,12900.0,11700.0,12250.0,102641.0
2018-07-12,12450.0,12450.0,12050.0,12100.0,21196.0
2018-07-13,12300.0,12450.0,12100.0,12350.0,22497.0
2018-07-16,12550.0,12600.0,12250.0,12300.0,13983.0
2018-07-17,12250.0,12400.0,12100.0,12250.0,11850.0
2018-07-18,12200.0,12400.0,11550.0,11550.0,28045.0
2018-07-19,11700.0,12050.0,11650.0,11750.0,17045.0
2018-07-20,11750.0,12000.0,11600.0,11800.0,9586.0
2018-07-23,11650.0,11850.0,11550.0,11700.0,13959.0
2018-07-24,11450.0,11800.0,11400.0,11500.0,27664.0
2018-07-25,11450.0,11600.0,11350.0,11450.0,16341.0
2018-07-26,11450.0,11700.0,11350.0,11450.0,8905.0
2018-07-27,11350.0,11650.0,11350.0,11550.0,5777.0
2018-07-30,11550.0,12000.0,11500.0,11550.0,7426.0
2018-07-31,11500.0,11650.0,11500.0,11650.0,6288.0
2018-08-01,11550.0,12650.0,11550.0,12400.0,63363.0
2018-08-02,12400.0,12500.0,11650.0,12050.0,45800.0
2018-08-03,12000.0,12500.0,11950.0,12500.0,23713.0
2018-08-06,12450.0,12550.0,12050.0,12200.0,25954.0
2018-08-07,12000.0,12150.0,11800.0,12000.0,23276.0
2018-08-08,12100.0,12200.0,11900.0,12000.0,30395.0
2018-08-09,12000.0,12650.0,11900.0,12550.0,97372.0
2018-08-10,12450.0,12550.0,12100.0,12450.0,38681.0
2018-08-13,12200.0,12550.0,11950.0,12400.0,36733.0
2018-08-14,12250.0,12500.0,12050.0,12400.0,29389.0
2018-08-16,12500.0,12550.0,12300.0,12400.0,32899.0
2018-08-17,12300.0,12450.0,12000.0,12150.0,32149.0
2018-08-20,12000.0,12250.0,11900.0,12200.0,37233.0
2018-08-21,12150.0,12300.0,11850.0,12100.0,44463.0
2018-08-22,12000.0,12200.0,11900.0,12100.0,27745.0
2018-08-23,12000.0,12300.0,11850.0,11900.0,29688.0
2018-08-24,12000.0,12200.0,11750.0,11950.0,34787.0
2018-08-27,11750.0,12050.0,11700.0,11950.0,41571.0
2018-08-28,11850.0,11950.0,11800.0,11900.0,18826.0
2018-08-29,11800.0,12150.0,11650.0,12000.0,50148.0
2018-08-30,12050.0,12400.0,12050.0,12400.0,76854.0
2018-08-31,12300.0,12650.0,12250.0,12500.0,63060.0
2018-09-03,12400.0,12900.0,12300.0,12900.0,76783.0
2018-09-04,13000.0,13400.0,12950.0,13150.0,92642.0
2018-09-05,13350.0,13400.0,12850.0,12950.0,41368.0
2018-09-06,12850.0,13300.0,12850.0,13100.0,47273.0
2018-09-07,13000.0,13250.0,13000.0,13150.0,39369.0
2018-09-10,13100.0,13400.0,13000.0,13350.0,47292.0
2018-09-11,13250.0,13500.0,12900.0,13150.0,52885.0
2018-09-12,13050.0,13300.0,12800.0,13250.0,34253.0
2018-09-13,13200.0,13350.0,13100.0,13350.0,21389.0
2018-09-14,13150.0,13400.0,13100.0,13300.0,33073.0
2018-09-17,13200.0,13300.0,12950.0,13200.0,25868.0
2018-09-18,13200.0,13300.0,13050.0,13100.0,21155.0
2018-09-19,13250.0,13300.0,13050.0,13100.0,38824.0
2018-09-20,13100.0,13200.0,12800.0,12900.0,33795.0
2018-09-21,12950.0,13300.0,12850.0,13150.0,35523.0
2018-09-27,13100.0,13500.0,13100.0,13300.0,23212.0
2018-09-28,13200.0,13450.0,13050.0,13450.0,46794.0
2018-10-01,13450.0,14200.0,13200.0,13850.0,101685.0
2018-10-02,13700.0,14000.0,13500.0,13500.0,34656.0
2018-10-04,13550.0,14000.0,13500.0,13950.0,33519.0
2018-10-05,13900.0,14450.0,13600.0,13600.0,102015.0
2018-10-08,13550.0,13850.0,13050.0,13200.0,40691.0
2018-10-10,13050.0,13050.0,12300.0,12500.0,56269.0
2018-10-11,12000.0,12250.0,11700.0,11700.0,56238.0
2018-10-12,11500.0,12300.0,11500.0,12150.0,22577.0
2018-10-15,12150.0,12400.0,11800.0,12200.0,9531.0
2018-10-16,12150.0,12500.0,12050.0,12250.0,13342.0
2018-10-17,12300.0,12700.0,12150.0,12250.0,11885.0
2018-10-18,12200.0,12750.0,12000.0,12350.0,42294.0
2018-10-19,12350.0,12500.0,12050.0,12350.0,11945.0
2018-10-22,12350.0,12550.0,11850.0,11950.0,25765.0
2018-10-23,11800.0,12000.0,11450.0,11950.0,34020.0
2018-10-24,11900.0,12100.0,11600.0,12000.0,20547.0
2018-10-25,11550.0,12500.0,11400.0,12100.0,31633.0
2018-10-26,12250.0,12300.0,11500.0,11650.0,48033.0
2018-10-29,11450.0,11750.0,10500.0,11000.0,38442.0
2018-10-30,10300.0,11200.0,10300.0,11200.0,45846.0
2018-10-31,11150.0,11800.0,10900.0,11500.0,15350.0
2018-11-01,11450.0,12000.0,11300.0,11700.0,28731.0
2018-11-02,11550.0,12000.0,11250.0,11900.0,19496.0
2018-11-05,11750.0,11850.0,11600.0,11850.0,7076.0
2018-11-06,12000.0,12050.0,11600.0,11600.0,8364.0
2018-11-07,11700.0,11950.0,11500.0,11650.0,8153.0
2018-11-08,11600.0,11900.0,11600.0,11750.0,10685.0
2018-11-09,11650.0,11750.0,11300.0,11650.0,36282.0
2018-11-12,11550.0,11700.0,11500.0,11650.0,7431.0
2018-11-13,11250.0,11500.0,11250.0,11450.0,15536.0
2018-11-14,11350.0,11700.0,11250.0,11700.0,8850.0
2018-11-15,11550.0,11600.0,11350.0,11400.0,9414.0
2018-11-16,11400.0,11450.0,11250.0,11450.0,8245.0
2018-11-19,11400.0,13050.0,11400.0,12450.0,180489.0
2018-11-20,12150.0,12400.0,12000.0,12000.0,22227.0
2018-11-21,11750.0,12250.0,11750.0,12050.0,20221.0
2018-11-22,11950.0,12000.0,11700.0,11750.0,13045.0
2018-11-23,11750.0,11800.0,11600.0,11600.0,8543.0
2018-11-26,11600.0,11800.0,11600.0,11700.0,14859.0
2018-11-27,11700.0,11850.0,11650.0,11800.0,14245.0
2018-11-28,11800.0,12000.0,11700.0,11750.0,12680.0
2018-11-29,11850.0,12450.0,11850.0,12250.0,38414.0
2018-11-30,12450.0,12650.0,12100.0,12250.0,29104.0
2018-12-03,12300.0,12500.0,12200.0,12350.0,15403.0
2018-12-04,12300.0,12500.0,12150.0,12450.0,17526.0
2018-12-05,12150.0,12400.0,12050.0,12100.0,9464.0
2018-12-06,12200.0,12200.0,11700.0,11950.0,26650.0
2018-12-07,11900.0,12050.0,11800.0,12050.0,10567.0
2018-12-10,11950.0,12000.0,11650.0,11700.0,8439.0
2018-12-11,11700.0,11950.0,11300.0,11300.0,20523.0
2018-12-12,11200.0,11900.0,11200.0,11850.0,17434.0
2018-12-13,11650.0,11950.0,11650.0,11850.0,10378.0
2018-12-14,11650.0,11850.0,11350.0,11450.0,11764.0
2018-12-17,11300.0,11950.0,11200.0,11750.0,20004.0
2018-12-18,11450.0,11800.0,11400.0,11450.0,14156.0
2018-12-19,11400.0,11800.0,11400.0,11550.0,12621.0
2018-12-20,11500.0,11700.0,11450.0,11550.0,9389.0
2018-12-21,11500.0,11700.0,11450.0,11450.0,11129.0
2018-12-24,11400.0,11600.0,11350.0,11550.0,9418.0
2018-12-26,11400.0,11600.0,11250.0,11400.0,12155.0
2018-12-27,11550.0,11550.0,11350.0,11400.0,5087.0
2018-12-28,11400.0,11650.0,11400.0,11500.0,10444.0
2019-01-02,11550.0,11600.0,11350.0,11400.0,6179.0
2019-01-03,11450.0,11450.0,11050.0,11250.0,14218.0
2019-01-04,11250.0,11250.0,10950.0,11050.0,11005.0
2019-01-07,11250.0,11300.0,11050.0,11300.0,6777.0
2019-01-08,11300.0,11400.0,11000.0,11100.0,13843.0
2019-01-09,11100.0,11300.0,11100.0,11200.0,20156.0
2019-01-10,11200.0,11500.0,11150.0,11400.0,14362.0
2019-01-11,11350.0,11600.0,11300.0,11500.0,10626.0
2019-01-14,11500.0,11650.0,11300.0,11350.0,9759.0
2019-01-15,11350.0,11550.0,11300.0,11500.0,3101.0
2019-01-16,11500.0,11850.0,11500.0,11800.0,15855.0
2019-01-17,11650.0,11800.0,11500.0,11550.0,7725.0
2019-01-18,11500.0,11950.0,11500.0,11550.0,12882.0
2019-01-21,11650.0,11650.0,11500.0,11600.0,8391.0
2019-01-22,11550.0,11700.0,11450.0,11500.0,5040.0
2019-01-23,11400.0,11550.0,11400.0,11450.0,8759.0
2019-01-24,11400.0,11500.0,11200.0,11350.0,38514.0
2019-01-25,11300.0,11350.0,11100.0,11200.0,27308.0
2019-01-28,11250.0,11300.0,11150.0,11250.0,11622.0
2019-01-29,11250.0,11350.0,10900.0,11000.0,28205.0
2019-01-30,11050.0,11250.0,11000.0,11150.0,14451.0
2019-01-31,11150.0,11350.0,11000.0,11250.0,29485.0
2019-02-01,11250.0,11400.0,11200.0,11400.0,14000.0
2019-02-07,11400.0,11900.0,11400.0,11900.0,50240.0
2019-02-08,11800.0,12100.0,11700.0,12050.0,42301.0
2019-02-11,11900.0,11900.0,11700.0,11700.0,20735.0
2019-02-12,11800.0,11950.0,11700.0,11850.0,28700.0
2019-02-13,11950.0,12300.0,11900.0,12100.0,37026.0
2019-02-14,12050.0,12200.0,11850.0,12200.0,31716.0
2019-02-15,12600.0,13500.0,12500.0,12700.0,346139.0
2019-02-18,12900.0,12950.0,12400.0,12700.0,78231.0
2019-02-19,12550.0,12950.0,12400.0,12500.0,62143.0
2019-02-20,12400.0,13100.0,12350.0,12850.0,83677.0
2019-02-21,12850.0,13050.0,12600.0,12900.0,43807.0
2019-02-22,12750.0,13000.0,12500.0,12700.0,74039.0
2019-02-25,12500.0,13000.0,12500.0,13000.0,38475.0
2019-02-26,13000.0,13150.0,12900.0,13050.0,37587.0
2019-02-27,13050.0,13250.0,12950.0,13150.0,58507.0
2019-02-28,13150.0,13950.0,12750.0,12850.0,242770.0
2019-03-04,12800.0,14300.0,12800.0,14000.0,202016.0
2019-03-05,14000.0,14150.0,13600.0,14000.0,70286.0
2019-03-06,14000.0,14200.0,13700.0,13850.0,37628.0
2019-03-07,13850.0,14250.0,13750.0,13900.0,100483.0
2019-03-08,13700.0,14050.0,13400.0,13550.0,56229.0
2019-03-11,13400.0,13950.0,13000.0,13950.0,62358.0
2019-03-12,13800.0,14000.0,13700.0,14000.0,34090.0
2019-03-13,13850.0,14200.0,13800.0,14200.0,55767.0
2019-03-14,14050.0,14600.0,13900.0,14200.0,99668.0
2019-03-15,14000.0,14200.0,13900.0,14000.0,44293.0
2019-03-18,13900.0,14200.0,13700.0,14050.0,39784.0
2019-03-19,14000.0,14300.0,13900.0,14150.0,66041.0
2019-03-20,14000.0,14400.0,14000.0,14400.0,49932.0
2019-03-21,14350.0,14550.0,14050.0,14150.0,32537.0
2019-03-22,14000.0,14250.0,13950.0,14150.0,33006.0
2019-03-25,14000.0,14300.0,13900.0,14150.0,41530.0
2019-03-26,14000.0,14400.0,13900.0,14300.0,44903.0
2019-03-27,14350.0,14550.0,13950.0,13950.0,47736.0
2019-03-28,13950.0,14150.0,13700.0,13900.0,50175.0
2019-03-29,13600.0,14000.0,13500.0,13900.0,57195.0
2019-04-01,13750.0,13950.0,13650.0,13700.0,22504.0
2019-04-02,13650.0,13800.0,13400.0,13500.0,32937.0
2019-04-03,13400.0,13600.0,13250.0,13350.0,24209.0
2019-04-04,13300.0,13350.0,13250.0,13350.0,10221.0
2019-04-05,13300.0,13450.0,13150.0,13350.0,20225.0
2019-04-08,13350.0,13800.0,13200.0,13700.0,41786.0
2019-04-09,13850.0,13950.0,13550.0,13800.0,31549.0
2019-04-10,13800.0,14000.0,13500.0,13600.0,33035.0
2019-04-11,13500.0,13500.0,13150.0,13150.0,37340.0
2019-04-12,13100.0,13550.0,12950.0,13300.0,37282.0
2019-04-15,13300.0,13600.0,13100.0,13350.0,23426.0
2019-04-16,13250.0,13250.0,13050.0,13150.0,18496.0
2019-04-17,13150.0,13350.0,12950.0,13250.0,18133.0
2019-04-18,13100.0,13300.0,13000.0,13100.0,26308.0
2019-04-19,13100.0,13450.0,13000.0,13400.0,22982.0
2019-04-22,13350.0,13450.0,13150.0,13300.0,21716.0
2019-04-23,13100.0,13300.0,13000.0,13300.0,29258.0
2019-04-24,13250.0,13400.0,13100.0,13400.0,12021.0
2019-04-25,13450.0,13450.0,13150.0,13400.0,11520.0
2019-04-26,13100.0,13500.0,13000.0,13400.0,29664.0
2019-04-29,13400.0,13500.0,13250.0,13400.0,11541.0
2019-04-30,13250.0,13450.0,13200.0,13400.0,17960.0
2019-05-02,13350.0,13800.0,13350.0,13800.0,50779.0
2019-05-03,13700.0,14050.0,13550.0,14050.0,56812.0
2019-05-07,14000.0,14200.0,13950.0,14200.0,50419.0
2019-05-08,14200.0,15600.0,14200.0,15300.0,295251.0
2019-05-09,15300.0,15500.0,15000.0,15300.0,118794.0
2019-05-10,15200.0,15300.0,14800.0,15200.0,63202.0
2019-05-13,15250.0,15650.0,15100.0,15400.0,98619.0
2019-05-14,15450.0,16000.0,15450.0,15750.0,106156.0
2019-05-15,15950.0,16000.0,15700.0,16000.0,71768.0
2019-05-16,15950.0,16400.0,15850.0,16050.0,70618.0
2019-05-17,16050.0,16700.0,15750.0,16450.0,113826.0
2019-05-20,16450.0,16700.0,16250.0,16500.0,48615.0
2019-05-21,16450.0,16600.0,16150.0,16400.0,47333.0
2019-05-22,16250.0,16900.0,16050.0,16650.0,81780.0
2019-05-23,16600.0,17050.0,16450.0,17050.0,78524.0
2019-05-24,16900.0,17900.0,16700.0,17800.0,117877.0
2019-05-27,17800.0,18350.0,17650.0,18150.0,84766.0
2019-05-28,18000.0,19900.0,17900.0,19500.0,251162.0
2019-05-29,19250.0,19750.0,19000.0,19600.0,153987.0
2019-05-30,19550.0,21450.0,19450.0,21350.0,185873.0
2019-05-31,20850.0,21150.0,18550.0,18800.0,181518.0
2019-06-03,18100.0,18300.0,17000.0,17150.0,163254.0
2019-06-04,17200.0,17450.0,15600.0,15700.0,287675.0
2019-06-05,15750.0,15800.0,14150.0,14250.0,383453.0
2019-06-07,14250.0,14350.0,13550.0,14000.0,323853.0
2019-06-10,14150.0,14600.0,13900.0,14600.0,232907.0
2019-06-11,14650.0,14700.0,14350.0,14500.0,119966.0
2019-06-12,14400.0,14600.0,14150.0,14200.0,76193.0
2019-06-13,14150.0,14300.0,14000.0,14100.0,74387.0
2019-06-14,14200.0,14550.0,14050.0,14550.0,97832.0
2019-06-17,14550.0,15050.0,14400.0,14700.0,125858.0
2019-06-18,14700.0,14700.0,14300.0,14400.0,52959.0
2019-06-19,14400.0,14450.0,14150.0,14350.0,58794.0
2019-06-20,14400.0,14400.0,14150.0,14200.0,44448.0
2019-06-21,14200.0,14350.0,14050.0,14200.0,30062.0
2019-06-24,14200.0,14200.0,13600.0,13700.0,85341.0
2019-06-25,13550.0,13700.0,13000.0,13100.0,100972.0
2019-06-26,12900.0,13300.0,12900.0,12950.0,51276.0
2019-06-27,12900.0,13100.0,12800.0,13000.0,36048.0
2019-06-28,12850.0,13100.0,12700.0,13100.0,39464.0
2019-07-01,12950.0,13100.0,12600.0,12700.0,31139.0
2019-07-02,12650.0,13050.0,12350.0,13050.0,78621.0
2019-07-03,13100.0,13300.0,12850.0,13050.0,27958.0
2019-07-04,12900.0,13200.0,12850.0,12900.0,17844.0
2019-07-05,12950.0,12950.0,12600.0,12700.0,21558.0
2019-07-08,12550.0,12850.0,12300.0,12300.0,33977.0
2019-07-09,12200.0,12600.0,12000.0,12500.0,24692.0
2019-07-10,12350.0,12650.0,12250.0,12650.0,19890.0
2019-07-11,12600.0,12750.0,12400.0,12650.0,20443.0
2019-07-12,12550.0,12750.0,12450.0,12750.0,22604.0
2019-07-15,12600.0,12800.0,12500.0,12750.0,26294.0
2019-07-16,12600.0,12700.0,12400.0,12650.0,75575.0
2019-07-17,12550.0,16350.0,12400.0,13950.0,1154998.0
2019-07-18,13700.0,14350.0,13700.0,13700.0,175945.0
2019-07-19,13400.0,13500.0,12650.0,12650.0,225859.0
2019-07-22,13100.0,13550.0,12850.0,13300.0,143886.0
2019-07-23,13500.0,14450.0,13450.0,14000.0,294311.0
2019-07-24,14100.0,14450.0,13600.0,13850.0,148418.0
2019-07-25,13700.0,14000.0,13300.0,13850.0,81862.0
2019-07-26,13650.0,13850.0,13450.0,13700.0,52457.0
2019-07-29,13850.0,13850.0,12550.0,12550.0,81281.0
2019-07-30,12300.0,12700.0,12250.0,12350.0,51669.0
2019-07-31,12400.0,13300.0,12400.0,13000.0,140776.0
2019-08-01,12900.0,13150.0,12600.0,12750.0,56740.0
2019-08-02,12450.0,12850.0,12150.0,12450.0,64268.0
2019-08-05,12300.0,12450.0,10500.0,11050.0,175176.0
2019-08-06,10000.0,11200.0,10000.0,10950.0,153287.0
2019-08-07,10600.0,11800.0,10600.0,11550.0,88389.0
2019-08-08,11550.0,11800.0,11350.0,11650.0,35100.0
2019-08-09,11550.0,12050.0,11400.0,12050.0,39578.0
2019-08-12,11850.0,12800.0,11800.0,12800.0,41000.0
2019-08-13,12800.0,12900.0,12250.0,12250.0,49092.0
2019-08-14,12400.0,12600.0,12250.0,12300.0,20926.0
2019-08-16,11950.0,12600.0,11950.0,12100.0,25958.0
2019-08-19,12050.0,12400.0,11800.0,12000.0,33197.0
2019-08-20,12000.0,12400.0,12000.0,12400.0,21693.0
2019-08-21,12200.0,12650.0,12200.0,12400.0,22462.0
2019-08-22,12400.0,12650.0,12050.0,12350.0,31830.0
2019-08-23,12150.0,12200.0,11950.0,12050.0,20910.0
2019-08-26,11700.0,11900.0,11400.0,11500.0,28602.0
2019-08-27,11600.0,13950.0,11600.0,12400.0,206177.0
2019-08-28,12300.0,12500.0,12150.0,12350.0,20275.0
2019-08-29,12400.0,12500.0,12200.0,12450.0,20014.0
2019-08-30,12350.0,12450.0,12250.0,12250.0,11970.0
2019-09-02,12150.0,12350.0,11950.0,12050.0,19908.0
2019-09-03,12150.0,12350.0,12050.0,12250.0,11140.0
2019-09-04,12250.0,12300.0,12100.0,12250.0,7403.0
2019-09-05,12400.0,12600.0,12050.0,12150.0,21814.0
2019-09-06,12150.0,13250.0,12150.0,12900.0,108831.0
2019-09-09,12800.0,12900.0,12550.0,12550.0,28414.0
2019-09-10,12500.0,12750.0,12450.0,12500.0,15565.0
2019-09-11,12650.0,12850.0,12300.0,12550.0,23209.0
2019-09-16,12500.0,13300.0,12450.0,13200.0,64967.0
2019-09-17,13050.0,13750.0,12850.0,13250.0,137810.0
2019-09-18,13250.0,13400.0,13150.0,13250.0,26106.0
2019-09-19,13250.0,13450.0,13100.0,13100.0,18728.0
2019-09-20,13100.0,13200.0,12900.0,13000.0,19435.0
2019-09-23,12800.0,12950.0,12750.0,12750.0,18695.0
2019-09-24,12850.0,12900.0,12750.0,12850.0,12008.0
2019-09-25,12750.0,12950.0,12500.0,12500.0,21537.0
2019-09-26,12800.0,12800.0,12300.0,12350.0,19982.0
2019-09-27,12500.0,12500.0,12150.0,12200.0,12667.0
2019-09-30,12250.0,12350.0,11950.0,11950.0,18586.0
2019-10-01,11850.0,12150.0,11850.0,12000.0,20817.0
2019-10-02,11850.0,11950.0,11550.0,11550.0,21577.0
2019-10-04,11450.0,11600.0,11250.0,11250.0,24009.0
2019-10-07,11200.0,11400.0,10850.0,10900.0,38936.0
2019-10-08,10900.0,11650.0,10700.0,11400.0,34581.0
2019-10-10,11500.0,11600.0,11250.0,11250.0,9357.0
2019-10-11,11250.0,11600.0,11200.0,11300.0,13750.0
2019-10-14,11450.0,11550.0,11300.0,11350.0,11563.0
2019-10-15,11450.0,11650.0,11300.0,11450.0,6478.0
2019-10-16,11450.0,11650.0,11400.0,11600.0,8609.0
2019-10-17,11600.0,11650.0,11400.0,11600.0,10594.0
2019-10-18,11550.0,11650.0,11500.0,11500.0,8015.0
2019-10-21,11600.0,11600.0,11350.0,11500.0,10478.0
2019-10-22,11600.0,11600.0,11250.0,11350.0,25721.0
2019-10-23,11350.0,11350.0,11000.0,11000.0,29193.0
2019-10-24,11100.0,11250.0,11000.0,11200.0,15477.0
2019-10-25,11100.0,11200.0,10900.0,10950.0,19450.0
2019-10-28,11000.0,11000.0,10850.0,10850.0,13153.0
2019-10-29,10900.0,11400.0,10800.0,10900.0,35874.0
2019-10-30,11000.0,12000.0,11000.0,11700.0,80470.0
2019-10-31,11700.0,12550.0,11650.0,12050.0,77527.0
2019-11-01,12200.0,12500.0,12000.0,12100.0,14793.0
2019-11-04,11950.0,12400.0,11950.0,12350.0,15064.0
2019-11-05,12350.0,12400.0,12250.0,12300.0,10703.0
2019-11-06,12350.0,12500.0,12300.0,12300.0,9804.0
2019-11-07,12100.0,12400.0,12100.0,12200.0,5972.0
2019-11-08,12300.0,12300.0,12050.0,12100.0,11555.0
2019-11-11,12100.0,12200.0,11900.0,11950.0,16853.0
2019-11-12,11950.0,12500.0,11950.0,12350.0,19914.0
2019-11-13,12450.0,12550.0,12150.0,12450.0,10198.0
2019-11-14,12450.0,12450.0,12150.0,12350.0,6059.0
2019-11-15,12450.0,12450.0,12050.0,12100.0,12129.0
2019-11-18,12000.0,12150.0,11950.0,12100.0,13136.0
2019-11-19,12000.0,12100.0,11950.0,11950.0,11296.0
2019-11-20,11900.0,12250.0,11900.0,11900.0,17320.0
2019-11-21,11700.0,11900.0,11400.0,11500.0,26220.0
2019-11-22,11300.0,11800.0,11250.0,11400.0,19042.0
2019-11-25,11300.0,11800.0,11300.0,11650.0,17031.0
2019-11-26,11850.0,11850.0,11600.0,11650.0,5831.0
2019-11-27,11650.0,11800.0,11450.0,11450.0,8931.0
2019-11-28,11350.0,12000.0,11350.0,11550.0,9664.0
2019-11-29,11550.0,11700.0,11300.0,11350.0,11467.0
2019-12-02,11300.0,11450.0,11250.0,11350.0,9667.0
2019-12-03,11150.0,11350.0,11100.0,11300.0,13342.0
2019-12-04,11150.0,11300.0,11100.0,11250.0,10947.0
2019-12-05,11250.0,11500.0,11050.0,11500.0,20535.0
2019-12-06,11500.0,12250.0,11500.0,11750.0,29862.0
2019-12-09,11650.0,11950.0,11650.0,11800.0,8434.0
2019-12-10,11650.0,11700.0,11450.0,11500.0,9138.0
2019-12-11,11500.0,11600.0,11450.0,11500.0,3982.0
2019-12-12,11450.0,11550.0,11400.0,11550.0,5934.0
2019-12-13,11550.0,11700.0,11400.0,11500.0,15023.0
2019-12-16,11450.0,11550.0,11400.0,11550.0,4366.0
2019-12-17,11450.0,11550.0,11400.0,11450.0,7236.0
2019-12-18,11450.0,11500.0,11350.0,11450.0,6245.0
2019-12-19,11450.0,11550.0,11350.0,11350.0,8343.0
2019-12-20,11300.0,11500.0,11300.0,11300.0,7792.0
2019-12-23,11450.0,11450.0,11150.0,11250.0,3920.0
2019-12-24,11300.0,11300.0,11100.0,11300.0,5430.0
2019-12-26,11300.0,11550.0,11200.0,11350.0,9020.0
2019-12-27,11450.0,11450.0,11100.0,11200.0,8933.0
2019-12-30,11200.0,11250.0,11150.0,11200.0,4955.0
2020-01-02,11100.0,11150.0,11000.0,11050.0,13950.0
2020-01-03,11100.0,11150.0,11000.0,11100.0,13362.0
2020-01-06,10900.0,11000.0,10800.0,10800.0,16549.0
2020-01-07,10800.0,11050.0,10750.0,10750.0,16092.0
2020-01-08,10750.0,10850.0,10150.0,10250.0,29799.0
2020-01-09,10450.0,11000.0,10450.0,10950.0,19904.0
2020-01-10,10950.0,11050.0,10800.0,11000.0,9976.0
2020-01-13,10900.0,11150.0,10800.0,11100.0,20286.0
2020-01-14,11050.0,11200.0,10900.0,11150.0,22515.0
2020-01-15,11150.0,11200.0,11000.0,11000.0,12095.0
2020-01-16,11000.0,11150.0,10850.0,11050.0,11560.0
2020-01-17,10950.0,11250.0,10900.0,11150.0,17394.0
2020-01-20,11000.0,11400.0,11000.0,11200.0,16232.0
2020-01-21,11100.0,11400.0,11000.0,11150.0,11390.0
2020-01-22,11050.0,11250.0,11050.0,11250.0,10146.0
2020-01-23,11250.0,11400.0,11150.0,11350.0,22540.0
2020-01-28,11050.0,11300.0,11000.0,11050.0,20894.0
2020-01-29,11100.0,11250.0,10950.0,10950.0,12348.0
2020-01-30,10950.0,11050.0,10850.0,10900.0,15283.0
2020-01-31,11200.0,11600.0,10900.0,11250.0,44866.0
2020-02-03,11250.0,11600.0,11250.0,11550.0,42484.0
2020-02-04,11450.0,12000.0,11350.0,11950.0,56451.0
2020-02-05,12250.0,12650.0,12200.0,12400.0,66716.0
2020-02-06,12400.0,12600.0,12300.0,12500.0,16162.0
2020-02-07,12350.0,12650.0,12350.0,12400.0,31751.0
2020-02-10,12400.0,13450.0,12400.0,13400.0,106152.0
2020-02-11,13450.0,13650.0,13100.0,13300.0,48480.0
2020-02-12,13450.0,14750.0,13450.0,14700.0,144248.0
2020-02-13,14700.0,14900.0,14500.0,14800.0,46163.0
2020-02-14,14800.0,15450.0,14750.0,15350.0,100274.0
2020-02-17,15350.0,15650.0,15250.0,15300.0,57656.0
2020-02-18,15300.0,16700.0,15300.0,16650.0,165280.0
2020-02-19,16800.0,17450.0,16300.0,17300.0,103706.0
2020-02-20,17300.0,18500.0,17300.0,18150.0,154481.0
2020-02-21,17850.0,17850.0,12750.0,12750.0,575391.0
2020-02-24,12000.0,12050.0,10350.0,10350.0,561662.0
2020-02-25,10100.0,11150.0,10100.0,10600.0,316637.0
2020-02-26,10350.0,10550.0,10100.0,10250.0,114247.0
2020-02-27,10200.0,10550.0,10100.0,10200.0,95544.0
2020-02-28,10150.0,10450.0,9850.0,10250.0,77172.0
2020-03-02,10300.0,10300.0,9950.0,10100.0,50346.0
2020-03-03,10250.0,10400.0,9900.0,9900.0,79474.0
2020-03-04,9900.0,10150.0,9800.0,10100.0,33947.0
2020-03-05,10200.0,10300.0,9990.0,10150.0,46448.0
2020-03-06,10150.0,10700.0,10100.0,10650.0,90903.0
2020-03-09,10500.0,10600.0,10200.0,10300.0,42027.0
2020-03-10,10050.0,10250.0,9900.0,10200.0,41220.0
2020-03-11,10200.0,10350.0,9950.0,9970.0,42106.0
2020-03-12,9970.0,9990.0,9010.0,9240.0,61694.0
2020-03-13,8710.0,8710.0,6780.0,7510.0,228764.0
2020-03-16,7660.0,7890.0,7000.0,7110.0,127756.0
2020-03-17,6500.0,7500.0,6500.0,7270.0,67395.0
2020-03-18,7240.0,7390.0,6790.0,6810.0,48632.0
2020-03-19,6800.0,7050.0,5570.0,6460.0,109707.0
2020-03-20,6190.0,6590.0,6190.0,6510.0,69993.0
2020-03-23,6180.0,6260.0,5750.0,6230.0,37046.0
2020-03-24,6250.0,6880.0,6250.0,6560.0,87478.0
2020-03-25,6890.0,6890.0,6600.0,6820.0,46086.0
2020-03-26,6710.0,7230.0,6450.0,6720.0,86252.0
2020-03-27,7100.0,7100.0,6700.0,6870.0,45406.0
2020-03-30,6630.0,7780.0,6600.0,7780.0,44547.0
2020-03-31,7800.0,8680.0,7800.0,8370.0,85580.0
2020-04-01,8410.0,9600.0,8410.0,8970.0,113265.0
2020-04-02,9000.0,9490.0,8900.0,9480.0,76600.0
2020-04-03,9480.0,9740.0,9220.0,9420.0,45176.0
2020-04-06,9410.0,9800.0,9310.0,9740.0,55724.0
2020-04-07,9820.0,9980.0,9000.0,9530.0,37938.0
2020-04-08,9530.0,9530.0,9230.0,9330.0,27749.0
2020-04-09,9260.0,9300.0,9010.0,9100.0,42818.0
2020-04-10,9550.0,9900.0,9220.0,9800.0,103965.0
2020-04-13,10100.0,11000.0,9980.0,11000.0,303000.0
2020-04-14,11150.0,11500.0,10350.0,10900.0,229759.0
2020-04-16,11150.0,11500.0,10450.0,11450.0,176951.0
2020-04-17,12000.0,12400.0,11400.0,12100.0,248743.0
2020-04-20,12000.0,12300.0,11700.0,12100.0,134347.0
2020-04-21,12100.0,12500.0,10900.0,12050.0,210850.0
2020-04-22,11600.0,11700.0,9990.0,10400.0,278390.0
2020-04-23,10000.0,10350.0,9330.0,9440.0,292700.0
2020-04-24,8980.0,9100.0,8540.0,8630.0,422972.0
2020-04-27,8700.0,8840.0,8590.0,8750.0,127755.0
2020-04-28,8800.0,8800.0,8590.0,8630.0,112608.0
2020-04-29,8640.0,8740.0,8570.0,8620.0,51712.0
2020-05-04,8530.0,8800.0,8530.0,8630.0,27643.0
2020-05-06,8760.0,9010.0,8630.0,8950.0,56506.0
2020-05-07,9050.0,9050.0,8880.0,8960.0,29798.0
2020-05-08,8970.0,9050.0,8510.0,9040.0,50859.0
2020-05-11,9030.0,9030.0,8750.0,8850.0,42797.0
2020-05-12,8850.0,9000.0,8700.0,8800.0,26767.0
2020-05-13,8750.0,8800.0,8600.0,8730.0,34509.0
2020-05-14,8700.0,8720.0,8580.0,8680.0,15920.0
2020-05-15,8870.0,8870.0,8620.0,8790.0,33500.0
2020-05-18,8790.0,8880.0,8650.0,8700.0,20840.0
2020-05-19,8720.0,8840.0,8670.0,8790.0,57791.0
2020-05-20,8790.0,9060.0,8770.0,8950.0,45591.0
2020-05-21,9000.0,9750.0,8980.0,9450.0,134931.0
2020-05-22,9480.0,9490.0,9000.0,9010.0,61346.0
2020-05-25,8950.0,11100.0,8660.0,9200.0,822704.0
2020-05-26,9200.0,9270.0,9050.0,9120.0,54485.0
2020-05-27,9210.0,9290.0,9140.0,9210.0,31045.0
2020-05-28,9210.0,9300.0,8810.0,9090.0,65195.0
2020-05-29,9090.0,9100.0,8950.0,9020.0,23386.0
2020-06-01,9130.0,9240.0,9040.0,9040.0,32802.0
2020-06-02,9160.0,9240.0,9010.0,9150.0,48561.0
2020-06-03,9170.0,9360.0,9150.0,9310.0,93069.0
2020-06-04,9340.0,9400.0,9250.0,9300.0,47525.0
2020-06-05,9300.0,9650.0,9240.0,9460.0,85961.0
2020-06-08,9700.0,9730.0,9460.0,9510.0,46920.0
2020-06-09,9530.0,9570.0,9300.0,9370.0,45077.0
2020-06-10,9370.0,9400.0,9140.0,9280.0,38943.0
2020-06-11,9280.0,9350.0,8960.0,9080.0,53597.0
2020-06-12,8510.0,8880.0,8510.0,8790.0,39032.0
2020-06-15,8580.0,8900.0,8180.0,8180.0,65038.0
2020-06-16,8550.0,8720.0,8330.0,8710.0,25581.0
2020-06-17,8530.0,8930.0,8440.0,8660.0,22808.0
2020-06-18,8660.0,8790.0,8550.0,8650.0,19698.0
2020-06-19,8650.0,8790.0,8540.0,8700.0,18231.0
2020-06-22,8700.0,8760.0,8590.0,8690.0,13587.0
2020-06-23,8760.0,8800.0,8620.0,8660.0,17868.0
2020-06-24,8800.0,8950.0,8550.0,8630.0,31486.0
2020-06-25,8630.0,8940.0,8600.0,8700.0,28394.0
2020-06-26,8690.0,8720.0,8600.0,8710.0,19808.0
2020-06-29,8600.0,8740.0,8530.0,8530.0,13002.0
2020-06-30,8530.0,8600.0,8460.0,8580.0,12261.0
2020-07-01,8450.0,8600.0,8450.0,8530.0,8063.0
2020-07-02,8540.0,8600.0,8400.0,8590.0,10866.0
2020-07-03,8590.0,8680.0,8570.0,8590.0,7756.0
2020-07-06,8700.0,8930.0,8590.0,8880.0,14803.0
2020-07-07,8900.0,9060.0,8830.0,8990.0,35855.0
2020-07-08,8990.0,9110.0,8860.0,9010.0,16289.0
2020-07-09,9010.0,9250.0,8940.0,9010.0,31220.0
2020-07-10,9000.0,9190.0,8780.0,8780.0,8385.0
2020-07-13,8710.0,8890.0,8710.0,8770.0,10590.0
2020-07-14,8770.0,8770.0,8590.0,8750.0,19680.0
2020-07-15,8830.0,8830.0,8650.0,8680.0,12131.0
2020-07-16,8700.0,8740.0,8410.0,8480.0,49250.0
2020-07-17,8640.0,8640.0,8460.0,8540.0,10177.0
2020-07-20,8450.0,8600.0,8410.0,8550.0,10825.0
2020-07-21,8550.0,8600.0,8490.0,8540.0,13021.0
2020-07-22,8540.0,8580.0,8470.0,8530.0,10729.0
2020-07-23,8550.0,8590.0,8310.0,8520.0,27015.0
2020-07-24,8410.0,8600.0,8400.0,8550.0,8340.0
2020-07-27,8590.0,9360.0,8550.0,9320.0,182692.0
2020-07-28,9950.0,11050.0,9100.0,9160.0,749235.0
2020-07-29,9540.0,10700.0,9220.0,10350.0,1532871.0
2020-07-30,10150.0,10300.0,9630.0,9750.0,226556.0
2020-07-31,9890.0,10300.0,9700.0,10050.0,227153.0
2020-08-03,10100.0,10700.0,10000.0,10700.0,239325.0
2020-08-04,10600.0,10850.0,10300.0,10750.0,172064.0
2020-08-05,10650.0,10750.0,10400.0,10550.0,96430.0
2020-08-06,10550.0,10700.0,10000.0,10150.0,147792.0
2020-08-07,10150.0,10350.0,9940.0,10100.0,127159.0
2020-08-10,10050.0,10500.0,10000.0,10100.0,66431.0
2020-08-11,10100.0,10250.0,9910.0,9980.0,55659.0
2020-08-12,9980.0,10050.0,9650.0,9770.0,72957.0
2020-08-13,9780.0,10000.0,9640.0,9980.0,37650.0
2020-08-14,9980.0,9990.0,9560.0,9800.0,48227.0
2020-08-18,9570.0,9650.0,8770.0,8810.0,73095.0
2020-08-19,8810.0,9140.0,8780.0,8880.0,26176.0
2020-08-20,8750.0,8900.0,8390.0,8580.0,34928.0
2020-08-21,8600.0,8790.0,8500.0,8640.0,15063.0
2020-08-24,8520.0,8730.0,8510.0,8600.0,24025.0
2020-08-25,8600.0,8790.0,8570.0,8790.0,36089.0
2020-08-26,8790.0,8890.0,8600.0,8760.0,28760.0
2020-08-27,8820.0,8820.0,8550.0,8570.0,19090.0
2020-08-28,8570.0,8780.0,8500.0,8650.0,30864.0
2020-08-31,8570.0,8770.0,8570.0,8690.0,20810.0
2020-09-01,8690.0,8740.0,8620.0,8740.0,17067.0
2020-09-02,8720.0,8880.0,8620.0,8700.0,16951.0
2020-09-03,8660.0,8930.0,8660.0,8930.0,16146.0
2020-09-04,8670.0,8890.0,8660.0,8800.0,21577.0
2020-09-07,8730.0,8970.0,8720.0,8920.0,12304.0
2020-09-08,8900.0,9040.0,8800.0,8800.0,18644.0
2020-09-09,8770.0,8960.0,8710.0,8840.0,15272.0
2020-09-10,8850.0,8950.0,8810.0,8870.0,16919.0
2020-09-11,8920.0,8990.0,8830.0,8940.0,14444.0
2020-09-14,8960.0,9770.0,8940.0,9730.0,229954.0
2020-09-15,9990.0,10250.0,9810.0,10150.0,233760.0
2020-09-16,10700.0,10700.0,10050.0,10150.0,239860.0
2020-09-17,10150.0,10450.0,9920.0,10450.0,139637.0
2020-09-18,10450.0,10600.0,10050.0,10550.0,105553.0
2020-09-21,10450.0,10700.0,10300.0,10600.0,59715.0
2020-09-22,10700.0,10700.0,10300.0,10600.0,87023.0
2020-09-23,10800.0,10850.0,10450.0,10700.0,95749.0
2020-09-24,10650.0,11000.0,10550.0,10850.0,144647.0
2020-09-25,11050.0,11050.0,10200.0,10400.0,175000.0
2020-09-28,10350.0,10900.0,10300.0,10850.0,156338.0
2020-09-29,10850.0,11050.0,10600.0,11050.0,128467.0
2020-10-05,10950.0,11450.0,10800.0,11400.0,63316.0
2020-10-06,11400.0,11500.0,11250.0,11450.0,73817.0
2020-10-07,11350.0,11850.0,11350.0,11800.0,99663.0
2020-10-08,11700.0,12400.0,11650.0,12350.0,164888.0
2020-10-12,12500.0,12500.0,12150.0,12150.0,79025.0
2020-10-13,12050.0,12650.0,11950.0,12600.0,141269.0
2020-10-14,12500.0,12750.0,12350.0,12750.0,99548.0
2020-10-15,12600.0,12950.0,10500.0,10700.0,463932.0
2020-10-16,10500.0,10550.0,9060.0,9220.0,489451.0
2020-10-19,9220.0,9300.0,8960.0,9150.0,134436.0
2020-10-20,9060.0,9300.0,9020.0,9070.0,70992.0
2020-10-21,9110.0,9200.0,9070.0,9170.0,27961.0
2020-10-22,9100.0,9200.0,9020.0,9070.0,46075.0
2020-10-23,9090.0,9150.0,8940.0,9020.0,50033.0
2020-10-26,9030.0,9090.0,8760.0,8820.0,58617.0
2020-10-27,8780.0,9070.0,8740.0,8960.0,34653.0
2020-10-28,9040.0,9180.0,8960.0,9170.0,16453.0
2020-10-29,8950.0,9120.0,8900.0,9060.0,29559.0
2020-10-30,9070.0,9230.0,8860.0,8890.0,21775.0
2020-11-02,8900.0,9050.0,8810.0,8910.0,14200.0
2020-11-03,9060.0,9060.0,8820.0,8960.0,19808.0
2020-11-04,9050.0,9050.0,8810.0,8880.0,31571.0
2020-11-05,8900.0,9050.0,8880.0,8980.0,15711.0
2020-11-06,8980.0,9000.0,8870.0,8940.0,18836.0
2020-11-09,9030.0,9210.0,8940.0,9090.0,32628.0
2020-11-10,9140.0,9140.0,9040.0,9090.0,12115.0
2020-11-11,9060.0,9200.0,9000.0,9110.0,36853.0
2020-11-12,9140.0,9150.0,9010.0,9070.0,34366.0
2020-11-13,9080.0,9200.0,8970.0,9180.0,27242.0
2020-11-16,9230.0,9260.0,9160.0,9240.0,26296.0
2020-11-17,9240.0,9260.0,9150.0,9200.0,12409.0
2020-11-18,9200.0,9200.0,9110.0,9180.0,14878.0
2020-11-19,9220.0,9250.0,9090.0,9170.0,11954.0
2020-11-20,9190.0,9220.0,9110.0,9180.0,19306.0
2020-11-23,9110.0,9200.0,9050.0,9190.0,18287.0
2020-11-24,9200.0,9200.0,9060.0,9110.0,24726.0
2020-11-25,9110.0,9150.0,9050.0,9050.0,23497.0
2020-11-26,9030.0,9160.0,9030.0,9140.0,11228.0
2020-11-27,9160.0,9170.0,9100.0,9170.0,9464.0
2020-11-30,9110.0,9190.0,9080.0,9180.0,19554.0
2020-12-01,9180.0,9190.0,9100.0,9180.0,10289.0
2020-12-02,9180.0,9190.0,9110.0,9120.0,14533.0
2020-12-03,9120.0,9220.0,9060.0,9190.0,32564.0
2020-12-04,9190.0,9200.0,9060.0,9150.0,19336.0
2020-12-07,9180.0,9300.0,9150.0,9280.0,53293.0
2020-12-08,9330.0,9370.0,9200.0,9250.0,42086.0
2020-12-09,9310.0,9740.0,9220.0,9690.0,88807.0
2020-12-10,9690.0,11250.0,9650.0,10100.0,628364.0
2020-12-11,10150.0,10300.0,9740.0,9750.0,151843.0
2020-12-14,9740.0,11300.0,9580.0,9850.0,530138.0
2020-12-15,9900.0,10200.0,9880.0,9990.0,112881.0
2020-12-16,10100.0,10300.0,10000.0,10000.0,83693.0
2020-12-17,10050.0,10050.0,9830.0,9870.0,53983.0
2020-12-18,9900.0,9900.0,9710.0,9730.0,44756.0
2020-12-21,9710.0,9720.0,9510.0,9540.0,35588.0
2020-12-22,9600.0,9610.0,9450.0,9500.0,38497.0
2020-12-23,9500.0,9540.0,9340.0,9430.0,26401.0
2020-12-24,9410.0,9570.0,9360.0,9480.0,22535.0
2020-12-28,9550.0,9760.0,9500.0,9630.0,67312.0
2020-12-29,9630.0,9780.0,9530.0,9690.0,38989.0
2020-12-30,9710.0,9710.0,9550.0,9560.0,33629.0
2021-01-04,9660.0,9660.0,9420.0,9440.0,27147.0
2021-01-05,9480.0,9940.0,9270.0,9650.0,183432.0
2021-01-06,9660.0,9780.0,9560.0,9730.0,61615.0
2021-01-07,9790.0,10200.0,9730.0,9980.0,166689.0
2021-01-08,10150.0,10250.0,9710.0,9780.0,74409.0
2021-01-11,9790.0,9790.0,9420.0,9530.0,75236.0
2021-01-12,9590.0,9770.0,9350.0,9630.0,40906.0
2021-01-13,9630.0,9870.0,9630.0,9820.0,39092.0
2021-01-14,9950.0,9970.0,9730.0,9810.0,23148.0
2021-01-15,9840.0,9940.0,9660.0,9750.0,21141.0
2021-01-18,9670.0,9740.0,9510.0,9530.0,26463.0
2021-01-19,9530.0,9860.0,9520.0,9860.0,56817.0
2021-01-20,9900.0,10200.0,9820.0,10050.0,104501.0
2021-01-21,10050.0,10200.0,9810.0,9870.0,70602.0
2021-01-22,9820.0,10000.0,9780.0,9940.0,31866.0
2021-01-25,9960.0,10100.0,9960.0,10000.0,54715.0
2021-01-26,10000.0,10050.0,9830.0,9920.0,40823.0
2021-01-27,9920.0,9950.0,9810.0,9870.0,22973.0
2021-01-28,9680.0,10150.0,9650.0,9920.0,50538.0
2021-01-29,9930.0,9990.0,9500.0,9550.0,57922.0
2021-02-01,9580.0,9960.0,9550.0,9900.0,45280.0
2021-02-02,9940.0,10050.0,9830.0,9890.0,45100.0
2021-02-03,9890.0,10500.0,9840.0,10500.0,183388.0
2021-02-04,10500.0,10500.0,9960.0,9980.0,159482.0
2021-02-05,10050.0,10050.0,9800.0,9880.0,49000.0
2021-02-08,9880.0,9950.0,9720.0,9780.0,37493.0
2021-02-09,9750.0,9880.0,9730.0,9780.0,13177.0
2021-02-10,9800.0,9830.0,9700.0,9750.0,11588.0
2021-02-15,9750.0,9830.0,9700.0,9800.0,18009.0
2021-02-16,9810.0,9850.0,9700.0,9750.0,30860.0
2021-02-17,9780.0,9800.0,9700.0,9800.0,16997.0
2021-02-18,9770.0,9850.0,9720.0,9810.0,24239.0
2021-02-19,9810.0,9950.0,9650.0,9920.0,109079.0
2021-02-22,9970.0,10150.0,9910.0,9940.0,51186.0
2021-02-23,9950.0,9950.0,9830.0,9860.0,35725.0
2021-02-24,9940.0,9940.0,9650.0,9650.0,53677.0
2021-02-25,9670.0,9800.0,9670.0,9800.0,15806.0
2021-02-26,9750.0,9750.0,9540.0,9550.0,27285.0
2021-03-02,9630.0,9760.0,9430.0,9500.0,21272.0
2021-03-03,9450.0,9680.0,9420.0,9680.0,12687.0
2021-03-04,9660.0,9660.0,9510.0,9590.0,13865.0
2021-03-05,9590.0,9590.0,9450.0,9480.0,9959.0
2021-03-08,9510.0,9550.0,9410.0,9480.0,11840.0
2021-03-09,9360.0,9430.0,9190.0,9250.0,28137.0
2021-03-10,9350.0,9350.0,9110.0,9110.0,14914.0
2021-03-11,9100.0,9300.0,9050.0,9200.0,18290.0
2021-03-12,9380.0,9380.0,9190.0,9280.0,12956.0
2021-03-15,9380.0,9440.0,9210.0,9410.0,13938.0
2021-03-16,9410.0,9450.0,9360.0,9390.0,7852.0
2021-03-17,9390.0,9410.0,9320.0,9340.0,9414.0
2021-03-18,9340.0,9520.0,9330.0,9520.0,13067.0
2021-03-19,9340.0,9500.0,9310.0,9380.0,11640.0
2021-03-22,9490.0,9490.0,9340.0,9440.0,15837.0
2021-03-23,9430.0,9540.0,9390.0,9430.0,24131.0
2021-03-24,9440.0,9480.0,9380.0,9440.0,11879.0
2021-03-25,9500.0,9500.0,9390.0,9450.0,10170.0
2021-03-26,9490.0,9500.0,9260.0,9500.0,14758.0
2021-03-29,9500.0,9540.0,9430.0,9480.0,12003.0
2021-03-30,9480.0,9950.0,9480.0,9610.0,63023.0
2021-03-31,9670.0,9800.0,9500.0,9600.0,37857.0
2021-04-01,9660.0,9690.0,9530.0,9560.0,18817.0
2021-04-02,9610.0,9650.0,9460.0,9570.0,24369.0
2021-04-05,9540.0,9750.0,9350.0,9690.0,66735.0
2021-04-06,9690.0,9880.0,9690.0,9750.0,38756.0
2021-04-07,9750.0,9900.0,9700.0,9800.0,30024.0
2021-04-08,9720.0,10100.0,9720.0,10050.0,97431.0
2021-04-09,10100.0,10200.0,9950.0,10000.0,47530.0
2021-04-12,10450.0,10500.0,10150.0,10250.0,111152.0
2021-04-13,10200.0,10300.0,9960.0,10200.0,105728.0
2021-04-14,10200.0,10250.0,9980.0,10150.0,57495.0
2021-04-15,10150.0,10200.0,9980.0,9980.0,29433.0
2021-04-16,9980.0,10150.0,9960.0,10100.0,30377.0
2021-04-19,10100.0,10200.0,10050.0,10150.0,28240.0
2021-04-20,10150.0,10200.0,9990.0,10150.0,41083.0
2021-04-21,10150.0,10500.0,10000.0,10500.0,113481.0
2021-04-22,10800.0,10850.0,10350.0,10600.0,145742.0
2021-04-23,10500.0,10650.0,10350.0,10350.0,47875.0
2021-04-26,10350.0,11350.0,10300.0,10950.0,401365.0
2021-04-27,11050.0,11400.0,10850.0,11300.0,259072.0
2021-04-28,11350.0,11600.0,10650.0,10950.0,200427.0
2021-04-29,10950.0,11050.0,10450.0,10700.0,101916.0
2021-04-30,10800.0,10900.0,10550.0,10700.0,48492.0
2021-05-03,10700.0,10850.0,10350.0,10350.0,63594.0
2021-05-04,10400.0,10450.0,9960.0,10150.0,96603.0
2021-05-06,10200.0,10400.0,10150.0,10350.0,61254.0
2021-05-07,10350.0,10600.0,10250.0,10450.0,65196.0
2021-05-10,10550.0,10850.0,10550.0,10600.0,81899.0
2021-05-11,10550.0,10600.0,10400.0,10550.0,29927.0
2021-05-12,10550.0,10600.0,10050.0,10450.0,47056.0
2021-05-13,10200.0,10400.0,10100.0,10300.0,31544.0
2021-05-14,10300.0,10450.0,10100.0,10200.0,47747.0
2021-05-17,10200.0,10300.0,9960.0,9990.0,64779.0
2021-05-18,10000.0,10100.0,9960.0,10050.0,25676.0
2021-05-20,9980.0,10100.0,9800.0,10000.0,46596.0
2021-05-21,10050.0,10250.0,9900.0,10000.0,50116.0
2021-05-24,10000.0,10050.0,9820.0,9890.0,30466.0
2021-05-25,9910.0,9920.0,9820.0,9890.0,28561.0
2021-05-26,9900.0,10050.0,9860.0,9930.0,18622.0
2021-05-27,9960.0,10100.0,9930.0,9990.0,44365.0
2021-05-28,10100.0,10100.0,9930.0,9990.0,37720.0
2021-05-31,10100.0,10100.0,9990.0,10000.0,27522.0
2021-06-01,10000.0,10100.0,9960.0,10050.0,64940.0
2021-06-02,10050.0,10350.0,10050.0,10300.0,124909.0
2021-06-03,10350.0,10400.0,10200.0,10250.0,61265.0
2021-06-04,10300.0,10350.0,10100.0,10200.0,77607.0
2021-06-07,10400.0,11300.0,10350.0,11150.0,487155.0
2021-06-08,11000.0,11100.0,10800.0,10900.0,141874.0
2021-06-09,10900.0,11950.0,10900.0,11200.0,891209.0
2021-06-10,11300.0,11550.0,11100.0,11200.0,159051.0
2021-06-11,11200.0,11300.0,10750.0,10800.0,156149.0
2021-06-14,10700.0,11050.0,10700.0,11050.0,64427.0
2021-06-15,10950.0,11550.0,10850.0,11450.0,201673.0
