,Close_x,Name,Datetime,Close_y,Diff
402,12850.0,A064240,2016-07-29,9920.0,0.29536290322580644
707,6300.0,A080000,2016-07-29,5090.0,0.23772102161100198
102,5010.0,A039670,2016-07-29,4165.0,0.2028811524609844
117,4152.0,A036620,2016-07-29,3478.0,0.19378953421506612
277,4535.0,A079810,2016-07-29,3895.0,0.1643132220795892
276,6435.0,A071280,2016-07-29,5685.0,0.13192612137203166
124,4480.0,A033200,2016-07-29,4005.0,0.11860174781523096
32,1700.0,A065530,2016-07-29,1520.0,0.11842105263157894
569,2565.0,A021080,2016-07-29,2340.0,0.09615384615384616
332,2798.0,A067630,2016-07-29,2566.0,0.09041309431021044
56,4895.0,A083470,2016-07-29,4515.0,0.08416389811738649
323,8460.0,A100130,2016-07-29,7810.0,0.08322663252240717
680,1823.0,A097780,2016-07-29,1691.0,0.07806031933767002
565,5840.0,A057880,2016-07-29,5440.0,0.07352941176470588
687,22800.0,A044490,2016-07-29,21250.0,0.07294117647058823
260,32410.0,A095270,2016-07-29,30255.0,0.07122789621550157
435,1041.0,A090710,2016-07-29,973.0,0.0698869475847893
135,20800.0,A095610,2016-07-29,19450.0,0.06940874035989718
244,2540.0,A054940,2016-07-29,2380.0,0.06722689075630252
446,6330.0,A079950,2016-07-29,5940.0,0.06565656565656566
539,22000.0,A102710,2016-07-29,20650.0,0.06537530266343826
658,13100.0,A060720,2016-07-29,12300.0,0.06504065040650407
245,3560.0,A101160,2016-07-29,3345.0,0.06427503736920777
26,3425.0,A073540,2016-07-29,3220.0,0.06366459627329192
453,6750.0,A073070,2016-07-29,6350.0,0.06299212598425197
742,4053.0,A083640,2016-07-29,3813.0,0.06294256490952006
556,4190.0,A090460,2016-07-29,3955.0,0.05941845764854614
224,10400.0,A086390,2016-07-29,9820.0,0.059063136456211814
382,15400.0,A079370,2016-07-29,14550.0,0.058419243986254296
181,10714.0,A049550,2016-07-29,10140.0,0.05660749506903353
510,5810.0,A101390,2016-07-29,5501.0,0.05617160516269769
547,6060.0,A051980,2016-07-29,5740.0,0.05574912891986063
207,10550.0,A066310,2016-07-29,10000.0,0.055
661,10750.0,A044480,2016-07-29,10200.0,0.05392156862745098
110,6090.0,A060260,2016-07-29,5780.0,0.05363321799307959
405,14850.0,A090470,2016-07-29,14100.0,0.05319148936170213
272,2295.0,A027830,2016-07-29,2180.0,0.052752293577981654
483,34050.0,A067160,2016-07-29,32350.0,0.05255023183925812
404,3995.0,A058220,2016-07-29,3800.0,0.05131578947368421
154,6460.0,A065130,2016-07-29,6150.0,0.05040650406504065
409,3265.0,A036710,2016-07-29,3110.0,0.04983922829581994
552,10210.0,A097870,2016-07-29,9731.0,0.04922412907203782
626,4545.0,A038010,2016-07-29,4335.0,0.04844290657439446
138,3690.0,A090740,2016-07-29,3525.0,0.04680851063829787
535,12074.0,A082660,2016-07-29,11538.0,0.04645519154099497
497,4332.0,A091580,2016-07-29,4143.0,0.04561911658218682
684,7610.0,A086060,2016-07-29,7280.0,0.04532967032967033
268,7050.0,A004780,2016-07-29,6750.0,0.044444444444444446
202,4945.0,A064260,2016-07-29,4735.0,0.044350580781414996
561,6336.0,A044180,2016-07-29,6069.0,0.0439940682155215
428,7133.0,A023900,2016-07-29,6833.0,0.04390458071125421
59,4242.0,A078600,2016-07-29,4064.0,0.043799212598425195
71,5079.0,A106080,2016-07-29,4868.0,0.043344289235825804
178,3650.0,A048470,2016-07-29,3500.0,0.04285714285714286
359,23200.0,A065620,2016-07-29,22250.0,0.04269662921348315
520,6360.0,A079940,2016-07-29,6100.0,0.04262295081967213
546,4460.0,A043360,2016-07-29,4280.0,0.04205607476635514
17,17773.0,A053450,2016-07-29,17077.0,0.04075657316858933
600,13397.0,A066970,2016-07-29,12887.0,0.03957476526732366
657,10000.0,A101490,2016-07-29,9620.0,0.0395010395010395
240,2900.0,A001000,2016-07-29,2790.0,0.03942652329749104
175,4620.0,A080220,2016-07-29,4445.0,0.03937007874015748
627,9426.0,A039440,2016-07-29,9071.0,0.039135707198765295
85,6212.0,A038340,2016-07-29,5979.0,0.03896972737916039
126,17400.0,A046890,2016-07-29,16750.0,0.03880597014925373
365,3895.0,A065350,2016-07-29,3750.0,0.03866666666666667
478,12100.0,A096610,2016-07-29,11650.0,0.03862660944206009
168,12450.0,A041520,2016-07-29,12000.0,0.0375
379,3185.0,A076080,2016-07-29,3070.0,0.03745928338762215
9,8110.0,A030530,2016-07-29,7820.0,0.0370843989769821
48,3650.0,A025880,2016-07-29,3520.0,0.036931818181818184
317,510.0,A096350,2016-07-29,492.0,0.036585365853658534
265,2788.0,A012860,2016-07-29,2690.0,0.036431226765799254
286,4041.0,A061040,2016-07-29,3901.0,0.035888233786208666
427,6714.0,A035810,2016-07-29,6484.0,0.035471930906847624
712,32281.0,A036830,2016-07-29,31178.0,0.03537750978253897
392,6777.0,A105330,2016-07-29,6548.0,0.03497251069028711
23,2550.0,A019570,2016-07-29,2465.0,0.034482758620689655
304,1817.0,A089890,2016-07-29,1757.0,0.03414911781445646
649,7280.0,A067310,2016-07-29,7040.0,0.03409090909090909
422,3944.0,A027580,2016-07-29,3814.0,0.03408495018353435
432,2145.0,A044780,2016-07-29,2075.0,0.033734939759036145
670,13800.0,A091120,2016-07-29,13350.0,0.033707865168539325
645,2365.0,A009620,2016-07-29,2289.0,0.033202271734381825
293,10300.0,A069540,2016-07-29,9970.0,0.033099297893681046
643,5950.0,A104460,2016-07-29,5760.0,0.03298611111111111
391,10380.0,A053610,2016-07-29,10051.0,0.03273306138692667
577,9500.0,A012700,2016-07-29,9200.0,0.03260869565217391
54,8470.0,A086520,2016-07-29,8204.0,0.032423208191126277
306,12487.0,A032960,2016-07-29,12095.0,0.03241008681273253
375,769.0,A041190,2016-07-29,745.0,0.032214765100671144
77,9648.0,A074600,2016-07-29,9347.0,0.03220284583288756
467,3370.0,A039420,2016-07-29,3265.0,0.03215926493108729
548,14528.0,A054620,2016-07-29,14081.0,0.03174490448121582
669,5220.0,A089790,2016-07-29,5060.0,0.03162055335968379
252,3920.0,A031510,2016-07-29,3800.0,0.031578947368421054
227,152000.0,A036490,2016-07-29,147400.0,0.031207598371777476
440,11700.0,A005290,2016-07-29,11350.0,0.030837004405286344
424,1705.0,A054220,2016-07-29,1655.0,0.030211480362537766
562,5510.0,A091970,2016-07-29,5350.0,0.029906542056074768
638,10400.0,A068790,2016-07-29,10100.0,0.0297029702970297
179,4375.0,A036810,2016-07-29,4250.0,0.029411764705882353
253,3380.0,A057680,2016-07-29,3284.0,0.029232643118148598
449,4110.0,A033130,2016-07-29,3995.0,0.028785982478097622
340,4505.0,A080530,2016-07-29,4379.0,0.02877369262388673
608,5780.0,A036000,2016-07-29,5620.0,0.028469750889679714
516,3275.0,A001810,2016-07-29,3185.0,0.0282574568288854
289,1655.0,A065420,2016-07-29,1610.0,0.027950310559006212
356,8100.0,A032750,2016-07-29,7880.0,0.027918781725888325
215,8500.0,A047080,2016-07-29,8270.0,0.02781136638452237
550,4685.0,A037350,2016-07-29,4560.0,0.027412280701754384
346,1505.0,A036090,2016-07-29,1465.0,0.027303754266211604
3,2155.0,A043910,2016-07-29,2098.0,0.02716873212583413
91,1705.0,A027710,2016-07-29,1660.0,0.02710843373493976
97,2998.0,A049630,2016-07-29,2919.0,0.027064063035286058
678,1530.0,A043260,2016-07-29,1490.0,0.026845637583892617
656,8100.0,A094850,2016-07-29,7890.0,0.026615969581749048
70,1392.0,A038620,2016-07-29,1357.0,0.025792188651436992
46,6440.0,A002230,2016-07-29,6280.0,0.025477707006369428
433,2220.0,A052860,2016-07-29,2165.0,0.025404157043879907
36,2035.0,A045390,2016-07-29,1985.0,0.02518891687657431
685,2240.0,A037330,2016-07-29,2185.0,0.02517162471395881
415,30950.0,A056190,2016-07-29,30200.0,0.024834437086092714
737,7860.0,A036010,2016-07-29,7670.0,0.024771838331160364
267,1958.0,A060560,2016-07-29,1911.0,0.024594453165881738
45,5020.0,A042600,2016-07-29,4900.0,0.024489795918367346
43,4605.0,A042370,2016-07-29,4495.0,0.024471635150166853
170,19800.0,A030520,2016-07-29,19350.0,0.023255813953488372
67,3970.0,A040610,2016-07-29,3880.0,0.023195876288659795
718,1555.0,A027040,2016-07-29,1520.0,0.023026315789473683
191,11250.0,A015710,2016-07-29,11000.0,0.022727272727272728
534,3850.0,A054540,2016-07-29,3765.0,0.02257636122177955
150,16375.0,A083310,2016-07-29,16019.0,0.022223609463761784
234,8790.0,A039010,2016-07-29,8600.0,0.022093023255813953
73,54186.0,A016250,2016-07-29,53015.0,0.022088088276902763
87,4905.0,A051490,2016-07-29,4800.0,0.021875
580,5748.0,A094940,2016-07-29,5626.0,0.021685033771773908
211,18850.0,A052710,2016-07-29,18450.0,0.02168021680216802
390,14150.0,A092070,2016-07-29,13850.0,0.021660649819494584
538,9930.0,A051360,2016-07-29,9720.0,0.021604938271604937
172,12000.0,A054930,2016-07-29,11750.0,0.02127659574468085
94,6730.0,A083930,2016-07-29,6590.0,0.021244309559939303
751,1210.0,A025440,2016-07-29,1185.0,0.02109704641350211
88,24250.0,A088130,2016-07-29,23750.0,0.021052631578947368
264,3690.0,A033110,2016-07-29,3615.0,0.02074688796680498
636,5940.0,A064800,2016-07-29,5820.0,0.020618556701030927
597,6940.0,A039290,2016-07-29,6800.0,0.020588235294117647
690,2493.0,A033340,2016-07-29,2443.0,0.020466639377814164
441,10350.0,A065570,2016-07-29,10150.0,0.019704433497536946
225,20308.0,A108230,2016-07-29,19916.0,0.019682667202249447
604,5740.0,A038950,2016-07-29,5630.0,0.019538188277087035
349,9950.0,A030350,2016-07-29,9760.0,0.0194672131147541
463,5044.0,A024840,2016-07-29,4951.0,0.01878408402342961
18,5450.0,A024800,2016-07-29,5350.0,0.018691588785046728
697,3550.0,A013720,2016-07-29,3485.0,0.018651362984218076
192,6050.0,A058610,2016-07-29,5940.0,0.018518518518518517
622,4420.0,A078150,2016-07-29,4340.0,0.018433179723502304
194,4780.0,A088800,2016-07-29,4695.0,0.01810436634717785
457,7505.0,A093190,2016-07-29,7372.0,0.01804123711340206
261,4680.0,A042500,2016-07-29,4600.0,0.017391304347826087
341,3941.0,A043590,2016-07-29,3874.0,0.01729478575116159
388,2950.0,A039230,2016-07-29,2900.0,0.017241379310344827
242,7680.0,A039560,2016-07-29,7550.0,0.017218543046357615
329,13600.0,A036480,2016-07-29,13370.0,0.01720269259536275
144,11900.0,A033160,2016-07-29,11700.0,0.017094017094017096
49,3885.0,A060310,2016-07-29,3820.0,0.017015706806282723
315,5990.0,A000440,2016-07-29,5890.0,0.01697792869269949
605,3900.0,A035290,2016-07-29,3835.0,0.01694915254237288
185,6610.0,A114630,2016-07-29,6500.0,0.016923076923076923
258,12050.0,A039830,2016-07-29,11850.0,0.016877637130801686
476,109600.0,A039030,2016-07-29,107800.0,0.016697588126159554
387,1830.0,A081150,2016-07-29,1800.0,0.016666666666666666
348,3264.0,A035200,2016-07-29,3211.0,0.0165057614450327
132,172900.0,A028150,2016-07-29,170100.0,0.01646090534979424
704,3400.0,A054090,2016-07-29,3345.0,0.016442451420029897
623,6240.0,A093640,2016-07-29,6140.0,0.016286644951140065
588,2497.0,A098660,2016-07-29,2457.0,0.01628001628001628
7,34350.0,A036800,2016-07-29,33800.0,0.016272189349112426
536,9630.0,A087730,2016-07-29,9480.0,0.015822784810126583
292,4630.0,A060570,2016-07-29,4560.0,0.015350877192982455
496,4640.0,A038060,2016-07-29,4570.0,0.015317286652078774
702,6066.0,A053660,2016-07-29,5975.0,0.015230125523012552
196,2010.0,A011370,2016-07-29,1980.0,0.015151515151515152
512,30383.0,A099320,2016-07-29,29930.0,0.01513531573671901
167,2710.0,A032280,2016-07-29,2670.0,0.0149812734082397
251,6190.0,A046940,2016-07-29,6100.0,0.014754098360655738
287,13900.0,A079960,2016-07-29,13700.0,0.014598540145985401
222,2450.0,A094970,2016-07-29,2415.0,0.014492753623188406
470,3155.0,A038110,2016-07-29,3110.0,0.014469453376205787
458,2150.0,A014940,2016-07-29,2120.0,0.014150943396226415
479,935.0,A032820,2016-07-29,922.0,0.014099783080260303
254,5850.0,A024120,2016-07-29,5770.0,0.01386481802426343
532,5900.0,A010470,2016-07-29,5820.0,0.013745704467353952
4,4646.0,A026150,2016-07-29,4584.0,0.013525305410122163
517,2300.0,A042040,2016-07-29,2270.0,0.013215859030837005
733,5370.0,A035900,2016-07-29,5300.0,0.013207547169811321
574,5470.0,A080470,2016-07-29,5400.0,0.012962962962962963
381,1575.0,A050090,2016-07-29,1555.0,0.012861736334405145
411,11900.0,A043370,2016-07-29,11750.0,0.01276595744680851
266,4015.0,A032540,2016-07-29,3965.0,0.012610340479192938
583,2815.0,A045300,2016-07-29,2780.0,0.012589928057553957
719,16250.0,A063170,2016-07-29,16050.0,0.012461059190031152
444,6905.0,A114570,2016-07-29,6822.0,0.012166520082087365
482,2930.0,A092300,2016-07-29,2895.0,0.012089810017271158
417,5960.0,A058630,2016-07-29,5890.0,0.011884550084889643
564,3440.0,A067770,2016-07-29,3400.0,0.011764705882352941
219,9500.0,A080520,2016-07-29,9390.0,0.011714589989350373
28,6775.0,A045970,2016-07-29,6697.0,0.011647006122144244
640,3500.0,A024940,2016-07-29,3460.0,0.011560693641618497
451,17550.0,A059100,2016-07-29,17350.0,0.011527377521613832
163,6190.0,A005160,2016-07-29,6120.0,0.011437908496732025
681,6230.0,A020710,2016-07-29,6160.0,0.011363636363636364
461,1335.0,A021045,2016-07-29,1320.0,0.011363636363636364
696,18042.0,A080160,2016-07-29,17842.0,0.011209505660800359
650,4520.0,A052220,2016-07-29,4470.0,0.011185682326621925
339,22650.0,A009300,2016-07-29,22400.0,0.011160714285714286
456,4100.0,A025550,2016-07-29,4055.0,0.011097410604192354
217,9300.0,A017890,2016-07-29,9200.0,0.010869565217391304
396,2815.0,A017250,2016-07-29,2785.0,0.010771992818671455
603,12859.0,A049950,2016-07-29,12722.0,0.01076874705235026
408,8530.0,A033640,2016-07-29,8440.0,0.01066350710900474
214,3320.0,A032580,2016-07-29,3285.0,0.0106544901065449
651,19350.0,A066620,2016-07-29,19150.0,0.010443864229765013
513,9700.0,A050120,2016-07-29,9600.0,0.010416666666666666
716,1786.0,A089230,2016-07-29,1768.0,0.010180995475113122
38,8010.0,A115570,2016-07-29,7930.0,0.01008827238335435
42,3030.0,A106240,2016-07-29,3000.0,0.01
105,10350.0,A019210,2016-07-29,10250.0,0.00975609756097561
363,6812.0,A018620,2016-07-29,6747.0,0.009633911368015413
248,6290.0,A045520,2016-07-29,6230.0,0.009630818619582664
12,10500.0,A040160,2016-07-29,10400.0,0.009615384615384616
489,31900.0,A003800,2016-07-29,31600.0,0.00949367088607595
412,2176.0,A054630,2016-07-29,2156.0,0.00927643784786642
294,3365.0,A042510,2016-07-29,3335.0,0.008995502248875561
31,16850.0,A034810,2016-07-29,16700.0,0.008982035928143712
706,2300.0,A011080,2016-07-29,2280.0,0.008771929824561403
84,4085.0,A052600,2016-07-29,4050.0,0.008641975308641974
664,7859.0,A015750,2016-07-29,7792.0,0.008598562628336756
121,11800.0,A093920,2016-07-29,11700.0,0.008547008547008548
660,5940.0,A083450,2016-07-29,5890.0,0.008488964346349746
8,2415.0,A064820,2016-07-29,2395.0,0.008350730688935281
434,7420.0,A073110,2016-07-29,7360.0,0.008152173913043478
644,8670.0,A080010,2016-07-29,8600.0,0.00813953488372093
477,3135.0,A033290,2016-07-29,3110.0,0.008038585209003215
156,2660.0,A036540,2016-07-29,2640.0,0.007575757575757576
299,13350.0,A026040,2016-07-29,13250.0,0.007547169811320755
24,4020.0,A086250,2016-07-29,3990.0,0.007518796992481203
92,14394.0,A066980,2016-07-29,14289.0,0.007348309888725593
399,5510.0,A071670,2016-07-29,5470.0,0.007312614259597806
487,13800.0,A045100,2016-07-29,13700.0,0.0072992700729927005
499,991.0,A024850,2016-07-29,984.0,0.007113821138211382
134,5750.0,A053290,2016-07-29,5710.0,0.0070052539404553416
65,12374.0,A031980,2016-07-29,12289.0,0.006916754821384978
13,29350.0,A096240,2016-07-29,29150.0,0.00686106346483705
686,4515.0,A056080,2016-07-29,4485.0,0.006688963210702341
625,9060.0,A052020,2016-07-29,9000.0,0.006666666666666667
263,3030.0,A050110,2016-07-29,3010.0,0.006644518272425249
337,3110.0,A114190,2016-07-29,3090.0,0.006472491909385114
582,6260.0,A064480,2016-07-29,6220.0,0.006430868167202572
753,1575.0,A099220,2016-07-29,1565.0,0.006389776357827476
123,4100.0,A096870,2016-07-29,4075.0,0.006134969325153374
641,4965.0,A013120,2016-07-29,4935.0,0.0060790273556231
624,5000.0,A069920,2016-07-29,4970.0,0.006036217303822937
429,1687.0,A018000,2016-07-29,1677.0,0.005963029218843173
724,8830.0,A024830,2016-07-29,8780.0,0.0056947608200455585
448,2680.0,A008830,2016-07-29,2665.0,0.005628517823639775
300,9250.0,A038530,2016-07-29,9202.0,0.005216257335361878
601,40000.0,A034950,2016-07-29,39800.0,0.005025125628140704
493,4422.0,A045060,2016-07-29,4400.0,0.005
201,4232.0,A050890,2016-07-29,4211.0,0.004986938969365947
542,4050.0,A043200,2016-07-29,4030.0,0.004962779156327543
471,6100.0,A079170,2016-07-29,6070.0,0.004942339373970346
721,4140.0,A053110,2016-07-29,4120.0,0.0048543689320388345
587,7670.0,A058450,2016-07-29,7633.0,0.004847373247740076
10,4155.0,A035460,2016-07-29,4135.0,0.0048367593712212815
420,2180.0,A065770,2016-07-29,2170.0,0.004608294930875576
675,10900.0,A052190,2016-07-29,10850.0,0.004608294930875576
438,4455.0,A091340,2016-07-29,4435.0,0.004509582863585118
393,2900.0,A054180,2016-07-29,2887.0,0.004502944232767579
22,33825.0,A018120,2016-07-29,33674.0,0.004484171764566134
173,9100.0,A006910,2016-07-29,9060.0,0.004415011037527594
206,2320.0,A022220,2016-07-29,2310.0,0.004329004329004329
275,7130.0,A038680,2016-07-29,7100.0,0.004225352112676056
551,3590.0,A093380,2016-07-29,3575.0,0.004195804195804196
208,11503.0,A078890,2016-07-29,11455.0,0.0041903099083369704
96,12050.0,A012620,2016-07-29,12000.0,0.004166666666666667
209,7460.0,A028080,2016-07-29,7430.0,0.004037685060565276
230,50000.0,A100120,2016-07-29,49800.0,0.004016064257028112
93,3046.0,A079650,2016-07-29,3034.0,0.003955174686882004
752,2287.0,A016920,2016-07-29,2278.0,0.003950834064969272
200,5090.0,A095500,2016-07-29,5070.0,0.0039447731755424065
740,5671.0,A101680,2016-07-29,5649.0,0.0038944946008143033
364,13050.0,A037370,2016-07-29,13000.0,0.0038461538461538464
419,4215.0,A017480,2016-07-29,4200.0,0.0035714285714285713
469,2860.0,A009520,2016-07-29,2850.0,0.0035087719298245615
525,4300.0,A066900,2016-07-29,4285.0,0.003500583430571762
586,14450.0,A042420,2016-07-29,14400.0,0.003472222222222222
302,14450.0,A032790,2016-07-29,14400.0,0.003472222222222222
29,13515.0,A115160,2016-07-29,13469.0,0.0034152498329497365
442,1530.0,A033050,2016-07-29,1525.0,0.003278688524590164
609,9380.0,A069510,2016-07-29,9350.0,0.0032085561497326204
665,9380.0,A098460,2016-07-29,9350.0,0.0032085561497326204
288,3200.0,A033100,2016-07-29,3190.0,0.003134796238244514
722,4824.0,A060280,2016-07-29,4809.0,0.0031191515907673115
326,322.0,A032800,2016-07-29,321.0,0.003115264797507788
79,16100.0,A034230,2016-07-29,16050.0,0.003115264797507788
726,6680.0,A040420,2016-07-29,6660.0,0.003003003003003003
16,6950.0,A075130,2016-07-29,6930.0,0.002886002886002886
509,1416.0,A021040,2016-07-29,1412.0,0.0028328611898017
380,7430.0,A039740,2016-07-29,7410.0,0.002699055330634278
136,18700.0,A003100,2016-07-29,18650.0,0.002680965147453083
250,1955.0,A002680,2016-07-29,1950.0,0.002564102564102564
559,3940.0,A068330,2016-07-29,3930.0,0.002544529262086514
280,1985.0,A042110,2016-07-29,1980.0,0.0025252525252525255
414,9186.0,A028300,2016-07-29,9163.0,0.002510094947069737
40,42150.0,A058470,2016-07-29,42050.0,0.0023781212841854932
111,30942.0,A049180,2016-07-29,30870.0,0.0023323615160349854
418,8640.0,A077360,2016-07-29,8620.0,0.002320185614849188
729,8780.0,A036560,2016-07-29,8760.0,0.00228310502283105
710,9740.0,A078020,2016-07-29,9720.0,0.00205761316872428
169,5040.0,A017000,2016-07-29,5030.0,0.0019880715705765406
220,2605.0,A049720,2016-07-29,2600.0,0.0019230769230769232
541,5470.0,A007330,2016-07-29,5460.0,0.0018315018315018315
210,2755.0,A040300,2016-07-29,2750.0,0.0018181818181818182
269,56200.0,A053800,2016-07-29,56100.0,0.0017825311942959
738,4083.0,A073570,2016-07-29,4076.0,0.0017173699705593719
454,6110.0,A081580,2016-07-29,6100.0,0.001639344262295082
693,3100.0,A089150,2016-07-29,3095.0,0.0016155088852988692
715,6430.0,A025870,2016-07-29,6420.0,0.001557632398753894
355,4623.0,A039610,2016-07-29,4616.0,0.0015164644714038128
614,6830.0,A062860,2016-07-29,6820.0,0.001466275659824047
107,8133.0,A043650,2016-07-29,8122.0,0.001354346220142822
152,3764.0,A067900,2016-07-29,3759.0,0.0013301409949454642
452,7610.0,A020400,2016-07-29,7600.0,0.0013157894736842105
153,2287.0,A046070,2016-07-29,2284.0,0.0013134851138353765
127,8420.0,A098120,2016-07-29,8410.0,0.0011890606420927466
109,4265.0,A088910,2016-07-29,4260.0,0.0011737089201877935
19,4790.0,A065690,2016-07-29,4785.0,0.0010449320794148381
554,4910.0,A047310,2016-07-29,4905.0,0.0010193679918450561
161,8810.0,A049430,2016-07-29,8810.0,0.0
69,5010.0,A056700,2016-07-29,5010.0,0.0
745,2565.0,A066790,2016-07-29,2565.0,0.0
620,4153.0,A073010,2016-07-29,4153.0,0.0
367,1380.0,A043340,2016-07-29,1380.0,0.0
674,1499.0,A900080,2016-07-29,1499.0,0.0
371,2425.0,A043220,2016-07-29,2425.0,0.0
659,6717.0,A036200,2016-07-29,6717.0,0.0
184,15239.0,A032860,2016-07-29,15239.0,0.0
506,3540.0,A050860,2016-07-29,3540.0,0.0
53,2040.0,A033600,2016-07-29,2040.0,0.0
672,9590.0,A043710,2016-07-29,9590.0,0.0
473,9998.0,A049070,2016-07-29,9998.0,0.0
386,4955.0,A045660,2016-07-29,4955.0,0.0
530,1700.0,A037030,2016-07-29,1700.0,0.0
472,2755.0,A029960,2016-07-29,2755.0,0.0
376,9230.0,A014620,2016-07-29,9230.0,0.0
717,5728.0,A007390,2016-07-29,5728.0,0.0
533,32100.0,A023910,2016-07-29,32100.0,0.0
164,14300.0,A065680,2016-07-29,14300.0,0.0
407,3880.0,A099440,2016-07-29,3880.0,0.0
86,824.0,A023760,2016-07-29,824.0,0.0
750,16000.0,A069110,2016-07-29,16000.0,0.0
736,1166.0,A043100,2016-07-29,1166.0,0.0
668,2150.0,A025320,2016-07-29,2150.0,0.0
141,41500.0,A067280,2016-07-29,41500.0,0.0
495,1830.0,A023440,2016-07-29,1830.0,0.0
246,7719.0,A066110,2016-07-29,7719.0,0.0
460,3200.0,A067010,2016-07-29,3200.0,0.0
115,6010.0,A069330,2016-07-29,6010.0,0.0
238,5078.0,A036690,2016-07-29,5078.0,0.0
325,16050.0,A085660,2016-07-29,16050.0,0.0
578,8100.0,A017650,2016-07-29,8100.0,0.0
362,26750.0,A115310,2016-07-29,26750.0,0.0
231,5403.0,A049520,2016-07-29,5403.0,0.0
703,2080.0,A039240,2016-07-29,2080.0,0.0
566,11650.0,A104200,2016-07-29,11650.0,0.0
122,2651.0,A024740,2016-07-29,2651.0,0.0
579,1770.0,A031330,2016-07-29,1770.0,0.0
503,19100.0,A084370,2016-07-29,19100.0,0.0
688,13850.0,A060240,2016-07-29,13850.0,0.0
677,5020.0,A091440,2016-07-29,5020.0,0.0
47,12998.0,A006730,2016-07-29,12998.0,0.0
728,4605.0,A066430,2016-07-29,4605.0,0.0
723,1260.0,A060900,2016-07-29,1260.0,0.0
278,6380.0,A011560,2016-07-29,6380.0,0.0
352,5057.0,A005670,2016-07-29,5057.0,0.0
213,8052.0,A080440,2016-07-29,8052.0,0.0
131,6402.0,A037070,2016-07-29,6402.0,0.0
634,4068.0,A095190,2016-07-29,4068.0,0.0
635,6130.0,A022100,2016-07-29,6130.0,0.0
321,5870.0,A051380,2016-07-29,5870.0,0.0
498,8024.0,A079000,2016-07-29,8033.0,-0.001120378438939375
21,8690.0,A023160,2016-07-29,8700.0,-0.0011494252873563218
52,8090.0,A115610,2016-07-29,8100.0,-0.0012345679012345679
353,7530.0,A053350,2016-07-29,7540.0,-0.001326259946949602
524,21964.0,A065560,2016-07-29,21994.0,-0.0013640083659179777
475,7320.0,A067170,2016-07-29,7330.0,-0.001364256480218281
508,2799.0,A005860,2016-07-29,2803.0,-0.0014270424545130217
430,3235.0,A024060,2016-07-29,3240.0,-0.0015432098765432098
99,3205.0,A032080,2016-07-29,3210.0,-0.001557632398753894
193,6120.0,A060370,2016-07-29,6130.0,-0.0016313213703099511
151,57100.0,A039840,2016-07-29,57200.0,-0.0017482517482517483
585,5059.0,A046120,2016-07-29,5068.0,-0.001775848460931334
431,5580.0,A060150,2016-07-29,5590.0,-0.0017889087656529517
290,2725.0,A037400,2016-07-29,2730.0,-0.0018315018315018315
310,5180.0,A056000,2016-07-29,5190.0,-0.0019267822736030828
413,5020.0,A014200,2016-07-29,5030.0,-0.0019880715705765406
531,9910.0,A109860,2016-07-29,9930.0,-0.002014098690835851
743,4780.0,A036170,2016-07-29,4790.0,-0.0020876826722338203
734,9260.0,A019540,2016-07-29,9280.0,-0.0021551724137931034
485,73200.0,A084990,2016-07-29,73373.0,-0.0023578155452278087
247,2085.0,A051780,2016-07-29,2090.0,-0.0023923444976076554
637,3635.0,A053060,2016-07-29,3644.0,-0.002469813391877058
347,19750.0,A086960,2016-07-29,19800.0,-0.0025252525252525255
741,7710.0,A082210,2016-07-29,7730.0,-0.00258732212160414
130,18950.0,A032685,2016-07-29,19000.0,-0.002631578947368421
174,35600.0,A052400,2016-07-29,35700.0,-0.0028011204481792717
283,7000.0,A033500,2016-07-29,7020.0,-0.002849002849002849
612,683.0,A019550,2016-07-29,685.0,-0.00291970802919708
58,6749.0,A065650,2016-07-29,6769.0,-0.002954646181119811
51,16750.0,A054670,2016-07-29,16800.0,-0.002976190476190476
606,3330.0,A083650,2016-07-29,3340.0,-0.0029940119760479044
423,15235.0,A051370,2016-07-29,15281.0,-0.0030102741967148747
125,13220.0,A086450,2016-07-29,13260.0,-0.0030165912518853697
190,3295.0,A079190,2016-07-29,3305.0,-0.0030257186081694403
189,2952.0,A053590,2016-07-29,2961.0,-0.00303951367781155
5,16000.0,A084730,2016-07-29,16050.0,-0.003115264797507788
324,3840.0,A024910,2016-07-29,3852.0,-0.003115264797507788
229,3095.0,A096630,2016-07-29,3105.0,-0.00322061191626409
731,2434.0,A033430,2016-07-29,2442.0,-0.003276003276003276
488,1513.0,A060380,2016-07-29,1518.0,-0.0032938076416337285
369,1500.0,A072770,2016-07-29,1505.0,-0.0033222591362126247
421,5357.0,A083550,2016-07-29,5375.0,-0.0033488372093023254
78,1485.0,A035890,2016-07-29,1490.0,-0.003355704697986577
642,8740.0,A032850,2016-07-29,8770.0,-0.0034207525655644243
328,5720.0,A056360,2016-07-29,5740.0,-0.003484320557491289
279,14000.0,A095660,2016-07-29,14050.0,-0.0035587188612099642
297,703.72,KOSDAQ,2016-07-29,706.24,-0.003568192115994537
394,8240.0,A095910,2016-07-29,8270.0,-0.0036275695284159614
182,8200.0,A096640,2016-07-29,8230.0,-0.0036452004860267314
273,5380.0,A006140,2016-07-29,5400.0,-0.003703703703703704
410,2144.0,A060230,2016-07-29,2152.0,-0.0037174721189591076
57,13400.0,A007770,2016-07-29,13450.0,-0.0037174721189591076
560,5300.0,A085910,2016-07-29,5320.0,-0.0037593984962406013
528,5210.0,A013810,2016-07-29,5230.0,-0.0038240917782026767
474,7710.0,A038460,2016-07-29,7740.0,-0.003875968992248062
236,3830.0,A051390,2016-07-29,3845.0,-0.0039011703511053317
610,12650.0,A049830,2016-07-29,12700.0,-0.003937007874015748
507,2271.0,A064520,2016-07-29,2280.0,-0.003947368421052632
284,3466.0,A048830,2016-07-29,3480.0,-0.004022988505747126
486,7350.0,A048430,2016-07-29,7380.0,-0.0040650406504065045
666,12250.0,A065710,2016-07-29,12300.0,-0.0040650406504065045
618,6050.0,A009780,2016-07-29,6075.0,-0.00411522633744856
619,11266.0,A064550,2016-07-29,11313.0,-0.004154512507734465
754,11900.0,A047560,2016-07-29,11950.0,-0.0041841004184100415
314,5206.0,A052460,2016-07-29,5228.0,-0.004208110175975516
149,11800.0,A091700,2016-07-29,11850.0,-0.004219409282700422
558,2310.0,A032980,2016-07-29,2320.0,-0.004310344827586207
331,3435.0,A031310,2016-07-29,3450.0,-0.004347826086956522
613,44350.0,A051500,2016-07-29,44550.0,-0.004489337822671156
176,2145.0,A053050,2016-07-29,2155.0,-0.004640371229698376
303,4280.0,A017510,2016-07-29,4300.0,-0.004651162790697674
113,4235.0,A090150,2016-07-29,4255.0,-0.004700352526439483
611,8236.0,A054450,2016-07-29,8275.0,-0.004712990936555891
338,10550.0,A073490,2016-07-29,10600.0,-0.0047169811320754715
592,1671.0,A033540,2016-07-29,1679.0,-0.004764740917212627
1,4080.0,A057030,2016-07-29,4100.0,-0.004878048780487805
203,4965.0,A049480,2016-07-29,4990.0,-0.00501002004008016
239,4162.0,A101000,2016-07-29,4184.0,-0.005258126195028681
368,3645.0,A036640,2016-07-29,3665.0,-0.005457025920873124
481,3640.0,A065950,2016-07-29,3660.0,-0.00546448087431694
377,7190.0,A054210,2016-07-29,7230.0,-0.005532503457814661
39,17650.0,A038390,2016-07-29,17750.0,-0.005633802816901409
100,6170.0,A023600,2016-07-29,6205.0,-0.0056406124093473006
522,6156.0,A053950,2016-07-29,6191.0,-0.005653367791956065
305,3490.0,A101400,2016-07-29,3510.0,-0.005698005698005698
243,4300.0,A002290,2016-07-29,4325.0,-0.005780346820809248
732,2579.0,A109960,2016-07-29,2594.0,-0.005782575173477255
568,5110.0,A100700,2016-07-29,5140.0,-0.005836575875486381
629,11288.0,A072870,2016-07-29,11355.0,-0.005900484368119771
374,9644.0,A088390,2016-07-29,9702.0,-0.0059781488352916926
563,4940.0,A094820,2016-07-29,4970.0,-0.006036217303822937
682,16250.0,A018310,2016-07-29,16350.0,-0.0061162079510703364
397,4760.0,A008370,2016-07-29,4790.0,-0.006263048016701462
698,4931.0,A101330,2016-07-29,4963.0,-0.006447713076768084
555,4525.0,A043610,2016-07-29,4555.0,-0.006586169045005488
270,1327.0,A084180,2016-07-29,1336.0,-0.006736526946107785
108,36600.0,A064760,2016-07-29,36850.0,-0.0067842605156037995
327,6577.0,A005710,2016-07-29,6623.0,-0.006945492979012532
439,9432.0,A069410,2016-07-29,9499.0,-0.007053374039372565
186,4210.0,A032620,2016-07-29,4240.0,-0.007075471698113208
395,1355.0,A016600,2016-07-29,1365.0,-0.007326007326007326
183,5400.0,A044060,2016-07-29,5440.0,-0.007352941176470588
15,5280.0,A023410,2016-07-29,5320.0,-0.007518796992481203
436,9130.0,A031860,2016-07-29,9200.0,-0.007608695652173913
462,4425.0,A038500,2016-07-29,4460.0,-0.007847533632286996
309,1890.0,A049120,2016-07-29,1905.0,-0.007874015748031496
515,7550.0,A115440,2016-07-29,7610.0,-0.00788436268068331
68,6250.0,A080420,2016-07-29,6300.0,-0.007936507936507936
576,12350.0,A052330,2016-07-29,12450.0,-0.008032128514056224
312,4230.0,A101170,2016-07-29,4265.0,-0.008206330597889801
755,35850.0,A031390,2016-07-29,36150.0,-0.008298755186721992
360,7100.0,A030190,2016-07-29,7160.0,-0.008379888268156424
226,2458.0,A052670,2016-07-29,2479.0,-0.008471157724889069
148,8090.0,A036030,2016-07-29,8160.0,-0.00857843137254902
398,4429.0,A067990,2016-07-29,4468.0,-0.008728737690241718
316,3375.0,A068930,2016-07-29,3405.0,-0.00881057268722467
425,2135.0,A099520,2016-07-29,2154.0,-0.008820798514391829
502,22350.0,A013030,2016-07-29,22550.0,-0.008869179600886918
739,5570.0,A037440,2016-07-29,5620.0,-0.008896797153024912
492,10950.0,A036930,2016-07-29,11050.0,-0.00904977375565611
180,9830.0,A041440,2016-07-29,9920.0,-0.009072580645161291
655,1302.0,A019590,2016-07-29,1314.0,-0.0091324200913242
162,6493.0,A024810,2016-07-29,6554.0,-0.009307293256026854
401,4700.0,A024880,2016-07-29,4745.0,-0.009483667017913594
336,2065.0,A006580,2016-07-29,2085.0,-0.009592326139088728
646,4110.0,A053260,2016-07-29,4150.0,-0.00963855421686747
216,7150.0,A066700,2016-07-29,7220.0,-0.009695290858725761
484,3530.0,A039020,2016-07-29,3565.0,-0.009817671809256662
526,3520.0,A051160,2016-07-29,3555.0,-0.009845288326300985
575,1002.0,A038880,2016-07-29,1012.0,-0.009881422924901186
41,2470.0,A050760,2016-07-29,2495.0,-0.01002004008016032
114,3935.0,A019990,2016-07-29,3975.0,-0.010062893081761006
358,4900.0,A004590,2016-07-29,4950.0,-0.010101010101010102
544,1920.0,A037230,2016-07-29,1940.0,-0.010309278350515464
333,6680.0,A035610,2016-07-29,6750.0,-0.01037037037037037
720,3330.0,A074430,2016-07-29,3365.0,-0.010401188707280832
607,4083.0,A032500,2016-07-29,4126.0,-0.010421715947649055
647,4235.0,A093520,2016-07-29,4280.0,-0.010514018691588784
494,2345.0,A048550,2016-07-29,2370.0,-0.010548523206751054
55,1653.0,A054300,2016-07-29,1671.0,-0.010771992818671455
112,6390.0,A086040,2016-07-29,6460.0,-0.010835913312693499
573,13650.0,A060590,2016-07-29,13800.0,-0.010869565217391304
518,18050.0,A082270,2016-07-29,18250.0,-0.010958904109589041
160,13450.0,A018680,2016-07-29,13600.0,-0.011029411764705883
80,2675.0,A073190,2016-07-29,2705.0,-0.011090573012939002
205,160200.0,A035760,2016-07-29,162000.0,-0.011111111111111112
351,5300.0,A048770,2016-07-29,5360.0,-0.011194029850746268
62,955.0,A096040,2016-07-29,966.0,-0.011387163561076604
330,3953.0,A039980,2016-07-29,3999.0,-0.011502875718929733
709,17100.0,A024950,2016-07-29,17300.0,-0.011560693641618497
37,4658.0,A053280,2016-07-29,4713.0,-0.011669849352853808
615,4466.0,A058530,2016-07-29,4519.0,-0.011728258464262006
714,8803.0,A052420,2016-07-29,8908.0,-0.011787157611136058
529,5850.0,A044960,2016-07-29,5920.0,-0.011824324324324325
468,6630.0,A053160,2016-07-29,6710.0,-0.011922503725782414
262,8970.0,A054410,2016-07-29,9080.0,-0.012114537444933921
383,2840.0,A035620,2016-07-29,2875.0,-0.01217391304347826
295,9730.0,A102120,2016-07-29,9850.0,-0.012182741116751269
447,2025.0,A060540,2016-07-29,2050.0,-0.012195121951219513
218,12050.0,A092130,2016-07-29,12200.0,-0.012295081967213115
466,5610.0,A066130,2016-07-29,5680.0,-0.01232394366197183
400,10977.0,A082920,2016-07-29,11114.0,-0.012326795033291343
361,2765.0,A010240,2016-07-29,2800.0,-0.0125
384,11850.0,A053980,2016-07-29,12000.0,-0.0125
596,3810.0,A054040,2016-07-29,3860.0,-0.012953367875647668
313,27922.0,A054950,2016-07-29,28289.0,-0.012973240482166214
6,3420.0,A057540,2016-07-29,3465.0,-0.012987012987012988
385,2255.0,A045890,2016-07-29,2285.0,-0.01312910284463895
343,11250.0,A053620,2016-07-29,11400.0,-0.013157894736842105
101,900.0,A094860,2016-07-29,912.0,-0.013157894736842105
63,4271.0,A012340,2016-07-29,4328.0,-0.013170055452865065
177,20545.0,A085370,2016-07-29,20820.0,-0.013208453410182517
595,5200.0,A014470,2016-07-29,5270.0,-0.013282732447817837
708,2113.0,A053270,2016-07-29,2142.0,-0.01353874883286648
82,3620.0,A045340,2016-07-29,3670.0,-0.013623978201634877
145,6510.0,A037460,2016-07-29,6600.0,-0.013636363636363636
500,6531.0,A032940,2016-07-29,6622.0,-0.013742071881606765
746,9809.0,A046440,2016-07-29,9946.0,-0.013774381660969235
744,929.0,A065500,2016-07-29,942.0,-0.013800424628450107
727,14100.0,A078140,2016-07-29,14300.0,-0.013986013986013986
730,5600.0,A041930,2016-07-29,5680.0,-0.014084507042253521
504,2780.0,A049470,2016-07-29,2820.0,-0.014184397163120567
631,27026.0,A025900,2016-07-29,27417.0,-0.014261224787540577
223,13750.0,A035600,2016-07-29,13950.0,-0.014336917562724014
187,3383.0,A061250,2016-07-29,3433.0,-0.014564520827264784
235,7030.0,A078070,2016-07-29,7134.0,-0.01457807681525091
683,4035.0,A011320,2016-07-29,4095.0,-0.014652014652014652
540,4842.0,A021650,2016-07-29,4914.0,-0.014652014652014652
584,31337.0,A014100,2016-07-29,31805.0,-0.014714667505109259
543,6000.0,A036890,2016-07-29,6090.0,-0.014778325123152709
437,5719.0,A066910,2016-07-29,5805.0,-0.014814814814814815
648,6918.0,A101730,2016-07-29,7024.0,-0.01509111617312073
204,2585.0,A033310,2016-07-29,2625.0,-0.015238095238095238
83,5519.0,A089010,2016-07-29,5605.0,-0.015343443354148082
259,38500.0,A043150,2016-07-29,39100.0,-0.015345268542199489
143,1275.0,A019010,2016-07-29,1295.0,-0.015444015444015444
140,5021.0,A083660,2016-07-29,5100.0,-0.015490196078431372
354,8170.0,A013990,2016-07-29,8300.0,-0.01566265060240964
89,6155.0,A013310,2016-07-29,6253.0,-0.01567247721093875
256,37400.0,A038290,2016-07-29,38000.0,-0.015789473684210527
274,1555.0,A036120,2016-07-29,1580.0,-0.015822784810126583
553,1555.0,A007720,2016-07-29,1580.0,-0.015822784810126583
139,61300.0,A049960,2016-07-29,62300.0,-0.016051364365971106
103,2755.0,A088290,2016-07-29,2800.0,-0.01607142857142857
501,3040.0,A045510,2016-07-29,3090.0,-0.016181229773462782
345,9690.0,A000250,2016-07-29,9850.0,-0.016243654822335026
2,1785.0,A900070,2016-07-29,1815.0,-0.01652892561983471
549,17700.0,A050320,2016-07-29,18000.0,-0.016666666666666666
480,17500.0,A001540,2016-07-29,17800.0,-0.016853932584269662
228,14500.0,A032190,2016-07-29,14750.0,-0.01694915254237288
705,8390.0,A053700,2016-07-29,8535.0,-0.01698886936145284
44,1735.0,A003310,2016-07-29,1765.0,-0.0169971671388102
298,2169.0,A010280,2016-07-29,2207.0,-0.017217942908926143
505,10712.0,A067000,2016-07-29,10902.0,-0.017427994863327828
459,615.0,A078130,2016-07-29,626.0,-0.01757188498402556
616,13700.0,A048910,2016-07-29,13950.0,-0.017921146953405017
676,1096.0,A078590,2016-07-29,1116.0,-0.017921146953405017
119,4601.0,A046310,2016-07-29,4685.0,-0.01792956243329776
11,4370.0,A054920,2016-07-29,4450.0,-0.017977528089887642
366,8150.0,A046210,2016-07-29,8300.0,-0.018072289156626505
373,2700.0,A037760,2016-07-29,2750.0,-0.01818181818181818
116,7020.0,A060300,2016-07-29,7150.0,-0.01818181818181818
537,3703.0,A058420,2016-07-29,3772.0,-0.018292682926829267
95,74800.0,A048260,2016-07-29,76200.0,-0.01837270341207349
30,10109.0,A067290,2016-07-29,10300.0,-0.01854368932038835
27,3175.0,A001840,2016-07-29,3235.0,-0.01854714064914992
311,5750.0,A025950,2016-07-29,5860.0,-0.01877133105802048
159,41685.0,A078160,2016-07-29,42491.0,-0.01896872278835518
281,2065.0,A075970,2016-07-29,2105.0,-0.019002375296912115
621,6590.0,A063570,2016-07-29,6720.0,-0.019345238095238096
679,5050.0,A059210,2016-07-29,5150.0,-0.019417475728155338
654,21275.0,A109740,2016-07-29,21700.0,-0.019585253456221197
257,4505.0,A026910,2016-07-29,4595.0,-0.01958650707290533
757,25046.0,A095340,2016-07-29,25551.0,-0.01976439278306133
232,3166.0,A085670,2016-07-29,3230.0,-0.019814241486068113
20,4388.0,A038540,2016-07-29,4479.0,-0.02031703505246707
455,1915.0,A052900,2016-07-29,1955.0,-0.020460358056265986
98,367133.0,A086900,2016-07-29,374825.0,-0.020521576735810045
285,6670.0,A030960,2016-07-29,6810.0,-0.020558002936857563
521,19275.0,A072020,2016-07-29,19680.0,-0.020579268292682928
511,2595.0,A065170,2016-07-29,2650.0,-0.020754716981132074
133,4093.0,A109820,2016-07-29,4180.0,-0.020813397129186603
735,5630.0,A039860,2016-07-29,5750.0,-0.020869565217391306
33,11326.0,A012790,2016-07-29,11573.0,-0.02134278061004061
628,3911.0,A047820,2016-07-29,3997.0,-0.02151613710282712
689,5820.0,A035080,2016-07-29,5950.0,-0.021848739495798318
0,2225.0,A032680,2016-07-29,2275.0,-0.02197802197802198
75,6600.0,A023770,2016-07-29,6750.0,-0.022222222222222223
165,2855.0,A042940,2016-07-29,2920.0,-0.02226027397260274
157,10950.0,A072470,2016-07-29,11200.0,-0.022321428571428572
118,20881.0,A068760,2016-07-29,21362.0,-0.022516618294167214
598,4750.0,A050540,2016-07-29,4860.0,-0.02263374485596708
221,5375.0,A052300,2016-07-29,5500.0,-0.022727272727272728
519,7730.0,A086980,2016-07-29,7910.0,-0.022756005056890013
74,4280.0,A043090,2016-07-29,4380.0,-0.0228310502283105
344,2135.0,A020180,2016-07-29,2185.0,-0.02288329519450801
195,76200.0,A063080,2016-07-29,78000.0,-0.023076923076923078
443,6740.0,A014570,2016-07-29,6900.0,-0.02318840579710145
14,4903.0,A094480,2016-07-29,5020.0,-0.023306772908366535
389,14488.0,A083790,2016-07-29,14842.0,-0.023851232987467996
166,3680.0,A104040,2016-07-29,3770.0,-0.023872679045092837
557,7710.0,A033320,2016-07-29,7900.0,-0.024050632911392405
572,9320.0,A044340,2016-07-29,9550.0,-0.024083769633507852
81,18724.0,A005990,2016-07-29,19195.0,-0.02453764001041938
464,15900.0,A054800,2016-07-29,16300.0,-0.024539877300613498
249,4645.0,A041020,2016-07-29,4762.0,-0.024569508609827803
198,4705.0,A041590,2016-07-29,4825.0,-0.024870466321243522
350,5050.0,A066670,2016-07-29,5180.0,-0.025096525096525095
35,5310.0,A008290,2016-07-29,5450.0,-0.025688073394495414
406,2840.0,A070590,2016-07-29,2915.0,-0.025728987993138937
633,4700.0,A006920,2016-07-29,4825.0,-0.025906735751295335
699,112600.0,A078340,2016-07-29,115600.0,-0.025951557093425604
756,9250.0,A011040,2016-07-29,9500.0,-0.02631578947368421
147,5869.0,A108860,2016-07-29,6029.0,-0.026538397744236192
90,37600.0,A036190,2016-07-29,38650.0,-0.027166882276843468
694,2183.0,A016670,2016-07-29,2244.0,-0.027183600713012478
747,23200.0,A054050,2016-07-29,23850.0,-0.027253668763102725
570,6420.0,A039340,2016-07-29,6600.0,-0.02727272727272727
199,12450.0,A025770,2016-07-29,12800.0,-0.02734375
322,2940.0,A037950,2016-07-29,3025.0,-0.02809917355371901
671,7014.0,A018700,2016-07-29,7218.0,-0.02826267664172901
72,6860.0,A036180,2016-07-29,7060.0,-0.028328611898016998
652,5140.0,A078350,2016-07-29,5290.0,-0.02835538752362949
61,8550.0,A052770,2016-07-29,8800.0,-0.028409090909090908
725,27350.0,A016100,2016-07-29,28150.0,-0.028419182948490232
318,20500.0,A053030,2016-07-29,21100.0,-0.02843601895734597
158,9507.0,A066410,2016-07-29,9791.0,-0.02900623021141865
630,30100.0,A041510,2016-07-29,31000.0,-0.02903225806451613
128,4000.0,A046110,2016-07-29,4120.0,-0.02912621359223301
296,4957.0,A065150,2016-07-29,5106.0,-0.02918135526831179
527,39400.0,A041830,2016-07-29,40600.0,-0.029556650246305417
320,2290.0,A063440,2016-07-29,2360.0,-0.029661016949152543
673,3400.0,A066590,2016-07-29,3505.0,-0.029957203994293864
490,15375.0,A054780,2016-07-29,15850.0,-0.02996845425867508
64,4040.0,A039310,2016-07-29,4165.0,-0.030012004801920768
700,40386.0,A084110,2016-07-29,41642.0,-0.030161855818644636
426,11150.0,A046140,2016-07-29,11500.0,-0.030434782608695653
639,5631.0,A092600,2016-07-29,5808.0,-0.030475206611570247
590,1135.0,A072520,2016-07-29,1171.0,-0.030742954739538857
334,3086.0,A014190,2016-07-29,3184.0,-0.03077889447236181
120,5650.0,A007370,2016-07-29,5830.0,-0.030874785591766724
342,12550.0,A039200,2016-07-29,12950.0,-0.03088803088803089
301,7440.0,A014970,2016-07-29,7680.0,-0.03125
34,6470.0,A114450,2016-07-29,6680.0,-0.03143712574850299
617,20000.0,A052790,2016-07-29,20650.0,-0.031476997578692496
171,4400.0,A018290,2016-07-29,4545.0,-0.0319031903190319
378,13500.0,A092460,2016-07-29,13950.0,-0.03225806451612903
602,15000.0,A065510,2016-07-29,15500.0,-0.03225806451612903
695,2279.0,A029480,2016-07-29,2355.0,-0.03227176220806794
567,2390.0,A009730,2016-07-29,2470.0,-0.032388663967611336
545,11900.0,A021320,2016-07-29,12300.0,-0.032520325203252036
104,2735.0,A099410,2016-07-29,2830.0,-0.03356890459363958
691,11450.0,A094840,2016-07-29,11850.0,-0.03375527426160337
594,1514.0,A010170,2016-07-29,1567.0,-0.03382259093809828
146,3671.0,A065440,2016-07-29,3800.0,-0.03394736842105263
241,4481.0,A058820,2016-07-29,4639.0,-0.03405906445354602
319,7940.0,A048410,2016-07-29,8220.0,-0.0340632603406326
711,101138.0,A102940,2016-07-29,104740.0,-0.034389917891922854
271,53100.0,A095700,2016-07-29,55000.0,-0.034545454545454546
599,10599.0,A086890,2016-07-29,10979.0,-0.03461153110483651
514,5550.0,A078860,2016-07-29,5750.0,-0.034782608695652174
632,7450.0,A027050,2016-07-29,7720.0,-0.034974093264248704
713,4115.0,A033790,2016-07-29,4265.0,-0.035169988276670575
282,16300.0,A038870,2016-07-29,16900.0,-0.03550295857988166
445,3693.0,A007530,2016-07-29,3830.0,-0.03577023498694517
155,16000.0,A041910,2016-07-29,16600.0,-0.03614457831325301
137,2760.0,A006050,2016-07-29,2865.0,-0.03664921465968586
749,5940.0,A034940,2016-07-29,6170.0,-0.03727714748784441
50,979.0,A036630,2016-07-29,1017.0,-0.03736479842674533
237,23050.0,A112040,2016-07-29,23950.0,-0.037578288100208766
291,18402.0,A008800,2016-07-29,19121.0,-0.037602635845405574
581,2045.0,A082850,2016-07-29,2125.0,-0.03764705882352941
188,1097.0,A073640,2016-07-29,1140.0,-0.037719298245614034
25,3050.0,A065450,2016-07-29,3170.0,-0.03785488958990536
591,10150.0,A048870,2016-07-29,10550.0,-0.037914691943127965
255,25301.0,A041960,2016-07-29,26301.0,-0.03802136800882096
662,16357.0,A060250,2016-07-29,17010.0,-0.03838918283362728
465,13529.0,A038070,2016-07-29,14071.0,-0.03851893966313695
491,2085.0,A046390,2016-07-29,2170.0,-0.03917050691244239
692,3155.0,A040350,2016-07-29,3285.0,-0.0395738203957382
372,922.0,A021880,2016-07-29,960.0,-0.03958333333333333
60,18050.0,A069080,2016-07-29,18800.0,-0.0398936170212766
197,7390.0,A025980,2016-07-29,7700.0,-0.04025974025974026
370,7640.0,A019660,2016-07-29,7970.0,-0.04140526976160602
106,39900.0,A067080,2016-07-29,41650.0,-0.04201680672268908
667,4760.0,A033230,2016-07-29,4975.0,-0.04321608040201005
450,18100.0,A042520,2016-07-29,18950.0,-0.044854881266490766
523,3341.0,A068050,2016-07-29,3498.0,-0.04488279016580903
76,1645.0,A082800,2016-07-29,1725.0,-0.0463768115942029
589,5540.0,A023790,2016-07-29,5810.0,-0.04647160068846816
357,7648.0,A100090,2016-07-29,8023.0,-0.046740620715443104
701,4772.0,A056730,2016-07-29,5006.0,-0.046743907311226525
593,2440.0,A065060,2016-07-29,2560.0,-0.046875
748,4060.0,A086670,2016-07-29,4260.0,-0.046948356807511735
129,2742.0,A078940,2016-07-29,2878.0,-0.0472550382209868
403,5500.0,A103230,2016-07-29,5780.0,-0.04844290657439446
653,10652.0,A089140,2016-07-29,11219.0,-0.05053926374899724
335,3350.0,A059090,2016-07-29,3530.0,-0.05099150141643059
308,32950.0,A092730,2016-07-29,34850.0,-0.054519368723098996
571,2935.0,A064090,2016-07-29,3105.0,-0.05475040257648953
416,9830.0,A036670,2016-07-29,10400.0,-0.05480769230769231
212,21500.0,A052260,2016-07-29,22800.0,-0.05701754385964912
307,1705.0,A023460,2016-07-29,1810.0,-0.058011049723756904
66,2125.0,A101670,2016-07-29,2270.0,-0.06387665198237885
233,9140.0,A041140,2016-07-29,10000.0,-0.086
663,4775.0,A047770,2016-07-29,5250.0,-0.09047619047619047
142,2687.0,A042000,2016-07-29,3835.0,-0.29934810951760105
