<?xml version="1.0" encoding="UTF-8"?>
<!-- Generated by DART -->
<link:linkbase xmlns:link="http://www.xbrl.org/2003/linkbase" xmlns:xlink="http://www.w3.org/1999/xlink" xmlns:xsi="http://www.w3.org/2001/XMLSchema-instance" xmlns:xbrli="http://www.xbrl.org/2003/instance" xsi:schemaLocation="http://www.xbrl.org/2003/linkbase http://www.xbrl.org/2003/xbrl-linkbase-2003-12-31.xsd">
  <link:roleRef roleURI="http://www.xbrl.org/2009/role/negatedLabel" xlink:type="simple" xlink:href="http://www.xbrl.org/lrr/role/negated-2009-12-16.xsd#negatedLabel" />
  <link:roleRef roleURI="http://www.xbrl.org/2009/role/negatedTerseLabel" xlink:type="simple" xlink:href="http://www.xbrl.org/lrr/role/negated-2009-12-16.xsd#negatedTerseLabel" />
  <link:roleRef roleURI="http://www.xbrl.org/2009/role/negatedTotalLabel" xlink:type="simple" xlink:href="http://www.xbrl.org/lrr/role/negated-2009-12-16.xsd#negatedTotalLabel" />
  <link:roleRef roleURI="http://www.xbrl.org/2009/role/negatedPeriodStartLabel" xlink:type="simple" xlink:href="http://www.xbrl.org/lrr/role/negated-2009-12-16.xsd#negatedPeriodStartLabel" />
  <link:roleRef roleURI="http://www.xbrl.org/2009/role/negatedPeriodEndLabel" xlink:type="simple" xlink:href="http://www.xbrl.org/lrr/role/negated-2009-12-16.xsd#negatedPeriodEndLabel" />
  <link:roleRef roleURI="http://www.xbrl.org/2009/role/netLabel" xlink:type="simple" xlink:href="http://www.xbrl.org/lrr/role/net-2009-12-16.xsd#netLabel" />
  <link:roleRef roleURI="http://dart.fss.or.kr/role/2019-10-01/ifrs/dart_label" xlink:type="simple" xlink:href="http://dart.fss.or.kr/Resource/Taxonomy/ifrs/2019-10-01/ifrs_for_dart/rol_dart-label_2019-10-01.xsd#dartLabel" />
  <link:labelLink xlink:type="extended" xlink:role="http://www.xbrl.org/2003/role/link">
    <link:loc xlink:href="../00364847_entry_point_2011-05-12.xsd#entity00364847_udf_IS_2017112162455225_StatementOfComprehensiveIncomeAbstract" xlink:label="Loc_entity00364847_udf_IS_2017112162455225_StatementOfComprehensiveIncomeAbstract" xlink:type="locator" />
    <link:label xlink:type="resource" xlink:role="http://www.xbrl.org/2003/role/label" xlink:label="Label_label_entity00364847_udf_IS_2017112162455225_StatementOfComprehensiveIncomeAbstract_en" xml:lang="en" id="Label_label_entity00364847_udf_IS_2017112162455225_StatementOfComprehensiveIncomeAbstract_en">Operating revenue</link:label>
    <link:labelArc xlink:arcrole="http://www.xbrl.org/2003/arcrole/concept-label" xlink:from="Loc_entity00364847_udf_IS_2017112162455225_StatementOfComprehensiveIncomeAbstract" xlink:to="Label_label_entity00364847_udf_IS_2017112162455225_StatementOfComprehensiveIncomeAbstract_en" xlink:type="arc" />
    <link:label xlink:type="resource" xlink:role="http://www.xbrl.org/2003/role/documentation" xlink:label="Label_entity00364847_udf_IS_2017112162455225_StatementOfComprehensiveIncomeAbstract_en_doc" xml:lang="en">
    </link:label>
    <link:labelArc xlink:arcrole="http://www.xbrl.org/2003/arcrole/concept-label" xlink:from="Loc_entity00364847_udf_IS_2017112162455225_StatementOfComprehensiveIncomeAbstract" xlink:to="Label_entity00364847_udf_IS_2017112162455225_StatementOfComprehensiveIncomeAbstract_en_doc" xlink:type="arc" />
    <link:loc xlink:href="../00364847_entry_point_2011-05-12.xsd#entity00364847_udf_IS_2017112162526145_StatementOfComprehensiveIncomeAbstract" xlink:label="Loc_entity00364847_udf_IS_2017112162526145_StatementOfComprehensiveIncomeAbstract" xlink:type="locator" />
    <link:label xlink:type="resource" xlink:role="http://www.xbrl.org/2003/role/label" xlink:label="Label_label_entity00364847_udf_IS_2017112162526145_StatementOfComprehensiveIncomeAbstract_en" xml:lang="en" id="Label_label_entity00364847_udf_IS_2017112162526145_StatementOfComprehensiveIncomeAbstract_en">Operating costs</link:label>
    <link:labelArc xlink:arcrole="http://www.xbrl.org/2003/arcrole/concept-label" xlink:from="Loc_entity00364847_udf_IS_2017112162526145_StatementOfComprehensiveIncomeAbstract" xlink:to="Label_label_entity00364847_udf_IS_2017112162526145_StatementOfComprehensiveIncomeAbstract_en" xlink:type="arc" />
    <link:label xlink:type="resource" xlink:role="http://www.xbrl.org/2003/role/documentation" xlink:label="Label_entity00364847_udf_IS_2017112162526145_StatementOfComprehensiveIncomeAbstract_en_doc" xml:lang="en">
    </link:label>
    <link:labelArc xlink:arcrole="http://www.xbrl.org/2003/arcrole/concept-label" xlink:from="Loc_entity00364847_udf_IS_2017112162526145_StatementOfComprehensiveIncomeAbstract" xlink:to="Label_entity00364847_udf_IS_2017112162526145_StatementOfComprehensiveIncomeAbstract_en_doc" xlink:type="arc" />
    <link:loc xlink:href="../00364847_entry_point_2011-05-12.xsd#entity00364847_udf_IS_2017112162753368_OtherComprehensiveIncome" xlink:label="Loc_entity00364847_udf_IS_2017112162753368_OtherComprehensiveIncome" xlink:type="locator" />
    <link:label xlink:type="resource" xlink:role="http://www.xbrl.org/2003/role/label" xlink:label="Label_label_entity00364847_udf_IS_2017112162753368_OtherComprehensiveIncome_en" xml:lang="en" id="Label_label_entity00364847_udf_IS_2017112162753368_OtherComprehensiveIncome_en">NEWAccount for Other comprehensive loss (2)</link:label>
    <link:labelArc xlink:arcrole="http://www.xbrl.org/2003/arcrole/concept-label" xlink:from="Loc_entity00364847_udf_IS_2017112162753368_OtherComprehensiveIncome" xlink:to="Label_label_entity00364847_udf_IS_2017112162753368_OtherComprehensiveIncome_en" xlink:type="arc" />
    <link:label xlink:type="resource" xlink:role="http://www.xbrl.org/2003/role/documentation" xlink:label="Label_entity00364847_udf_IS_2017112162753368_OtherComprehensiveIncome_en_doc" xml:lang="en">
    </link:label>
    <link:labelArc xlink:arcrole="http://www.xbrl.org/2003/arcrole/concept-label" xlink:from="Loc_entity00364847_udf_IS_2017112162753368_OtherComprehensiveIncome" xlink:to="Label_entity00364847_udf_IS_2017112162753368_OtherComprehensiveIncome_en_doc" xlink:type="arc" />
    <link:loc xlink:href="../00364847_entry_point_2011-05-12.xsd#entity00364847_udf_IS_2017112105016111_StatementOfComprehensiveIncomeAbstract" xlink:label="Loc_entity00364847_udf_IS_2017112105016111_StatementOfComprehensiveIncomeAbstract" xlink:type="locator" />
    <link:label xlink:type="resource" xlink:role="http://www.xbrl.org/2003/role/label" xlink:label="Label_label_entity00364847_udf_IS_2017112105016111_StatementOfComprehensiveIncomeAbstract_en" xml:lang="en" id="Label_label_entity00364847_udf_IS_2017112105016111_StatementOfComprehensiveIncomeAbstract_en">Operating revenue</link:label>
    <link:labelArc xlink:arcrole="http://www.xbrl.org/2003/arcrole/concept-label" xlink:from="Loc_entity00364847_udf_IS_2017112105016111_StatementOfComprehensiveIncomeAbstract" xlink:to="Label_label_entity00364847_udf_IS_2017112105016111_StatementOfComprehensiveIncomeAbstract_en" xlink:type="arc" />
    <link:label xlink:type="resource" xlink:role="http://www.xbrl.org/2003/role/documentation" xlink:label="Label_entity00364847_udf_IS_2017112105016111_StatementOfComprehensiveIncomeAbstract_en_doc" xml:lang="en">
    </link:label>
    <link:labelArc xlink:arcrole="http://www.xbrl.org/2003/arcrole/concept-label" xlink:from="Loc_entity00364847_udf_IS_2017112105016111_StatementOfComprehensiveIncomeAbstract" xlink:to="Label_entity00364847_udf_IS_2017112105016111_StatementOfComprehensiveIncomeAbstract_en_doc" xlink:type="arc" />
    <link:loc xlink:href="../00364847_entry_point_2011-05-12.xsd#entity00364847_udf_IS_201711210523246_StatementOfComprehensiveIncomeAbstract" xlink:label="Loc_entity00364847_udf_IS_201711210523246_StatementOfComprehensiveIncomeAbstract" xlink:type="locator" />
    <link:label xlink:type="resource" xlink:role="http://www.xbrl.org/2003/role/label" xlink:label="Label_label_entity00364847_udf_IS_201711210523246_StatementOfComprehensiveIncomeAbstract_en" xml:lang="en" id="Label_label_entity00364847_udf_IS_201711210523246_StatementOfComprehensiveIncomeAbstract_en">Operating costs</link:label>
    <link:labelArc xlink:arcrole="http://www.xbrl.org/2003/arcrole/concept-label" xlink:from="Loc_entity00364847_udf_IS_201711210523246_StatementOfComprehensiveIncomeAbstract" xlink:to="Label_label_entity00364847_udf_IS_201711210523246_StatementOfComprehensiveIncomeAbstract_en" xlink:type="arc" />
    <link:label xlink:type="resource" xlink:role="http://www.xbrl.org/2003/role/documentation" xlink:label="Label_entity00364847_udf_IS_201711210523246_StatementOfComprehensiveIncomeAbstract_en_doc" xml:lang="en">
    </link:label>
    <link:labelArc xlink:arcrole="http://www.xbrl.org/2003/arcrole/concept-label" xlink:from="Loc_entity00364847_udf_IS_201711210523246_StatementOfComprehensiveIncomeAbstract" xlink:to="Label_entity00364847_udf_IS_201711210523246_StatementOfComprehensiveIncomeAbstract_en_doc" xlink:type="arc" />
    <link:loc xlink:href="../00364847_entry_point_2011-05-12.xsd#entity00364847_udf_IS_20198813181554_StatementOfComprehensiveIncomeAbstract" xlink:label="Loc_entity00364847_udf_IS_20198813181554_StatementOfComprehensiveIncomeAbstract" xlink:type="locator" />
    <link:label xlink:type="resource" xlink:role="http://www.xbrl.org/2003/role/label" xlink:label="Label_label_entity00364847_udf_IS_20198813181554_StatementOfComprehensiveIncomeAbstract_en" xml:lang="en" id="Label_label_entity00364847_udf_IS_20198813181554_StatementOfComprehensiveIncomeAbstract_en">Equity-method losses</link:label>
    <link:labelArc xlink:arcrole="http://www.xbrl.org/2003/arcrole/concept-label" xlink:from="Loc_entity00364847_udf_IS_20198813181554_StatementOfComprehensiveIncomeAbstract" xlink:to="Label_label_entity00364847_udf_IS_20198813181554_StatementOfComprehensiveIncomeAbstract_en" xlink:type="arc" />
    <link:label xlink:type="resource" xlink:role="http://www.xbrl.org/2003/role/documentation" xlink:label="Label_entity00364847_udf_IS_20198813181554_StatementOfComprehensiveIncomeAbstract_en_doc" xml:lang="en">
    </link:label>
    <link:labelArc xlink:arcrole="http://www.xbrl.org/2003/arcrole/concept-label" xlink:from="Loc_entity00364847_udf_IS_20198813181554_StatementOfComprehensiveIncomeAbstract" xlink:to="Label_entity00364847_udf_IS_20198813181554_StatementOfComprehensiveIncomeAbstract_en_doc" xlink:type="arc" />
    <link:loc xlink:href="../00364847_entry_point_2011-05-12.xsd#entity00364847_udf_IS_201711211154766_OtherComprehensiveIncome" xlink:label="Loc_entity00364847_udf_IS_201711211154766_OtherComprehensiveIncome" xlink:type="locator" />
    <link:label xlink:type="resource" xlink:role="http://www.xbrl.org/2003/role/label" xlink:label="Label_label_entity00364847_udf_IS_201711211154766_OtherComprehensiveIncome_en" xml:lang="en" id="Label_label_entity00364847_udf_IS_201711211154766_OtherComprehensiveIncome_en">NEWAccount for Other comprehensive loss (1)</link:label>
    <link:labelArc xlink:arcrole="http://www.xbrl.org/2003/arcrole/concept-label" xlink:from="Loc_entity00364847_udf_IS_201711211154766_OtherComprehensiveIncome" xlink:to="Label_label_entity00364847_udf_IS_201711211154766_OtherComprehensiveIncome_en" xlink:type="arc" />
    <link:label xlink:type="resource" xlink:role="http://www.xbrl.org/2003/role/documentation" xlink:label="Label_entity00364847_udf_IS_201711211154766_OtherComprehensiveIncome_en_doc" xml:lang="en">
    </link:label>
    <link:labelArc xlink:arcrole="http://www.xbrl.org/2003/arcrole/concept-label" xlink:from="Loc_entity00364847_udf_IS_201711211154766_OtherComprehensiveIncome" xlink:to="Label_entity00364847_udf_IS_201711211154766_OtherComprehensiveIncome_en_doc" xlink:type="arc" />
    <link:loc xlink:href="../00364847_entry_point_2011-05-12.xsd#entity00364847_udf_IS_201711211230185_OtherComprehensiveIncome" xlink:label="Loc_entity00364847_udf_IS_201711211230185_OtherComprehensiveIncome" xlink:type="locator" />
    <link:label xlink:type="resource" xlink:role="http://www.xbrl.org/2003/role/label" xlink:label="Label_label_entity00364847_udf_IS_201711211230185_OtherComprehensiveIncome_en" xml:lang="en" id="Label_label_entity00364847_udf_IS_201711211230185_OtherComprehensiveIncome_en">NEWAccount for Other comprehensive loss (2)</link:label>
    <link:labelArc xlink:arcrole="http://www.xbrl.org/2003/arcrole/concept-label" xlink:from="Loc_entity00364847_udf_IS_201711211230185_OtherComprehensiveIncome" xlink:to="Label_label_entity00364847_udf_IS_201711211230185_OtherComprehensiveIncome_en" xlink:type="arc" />
    <link:label xlink:type="resource" xlink:role="http://www.xbrl.org/2003/role/documentation" xlink:label="Label_entity00364847_udf_IS_201711211230185_OtherComprehensiveIncome_en_doc" xml:lang="en">
    </link:label>
    <link:labelArc xlink:arcrole="http://www.xbrl.org/2003/arcrole/concept-label" xlink:from="Loc_entity00364847_udf_IS_201711211230185_OtherComprehensiveIncome" xlink:to="Label_entity00364847_udf_IS_201711211230185_OtherComprehensiveIncome_en_doc" xlink:type="arc" />
    <link:loc xlink:href="../00364847_entry_point_2011-05-12.xsd#entity00364847_udf_CE_2018831608112_StatementOfChangesInEquityLineItems" xlink:label="Loc_entity00364847_udf_CE_2018831608112_StatementOfChangesInEquityLineItems" xlink:type="locator" />
    <link:label xlink:type="resource" xlink:role="http://www.xbrl.org/2003/role/label" xlink:label="Label_label_entity00364847_udf_CE_2018831608112_StatementOfChangesInEquityLineItems_en" xml:lang="en" id="Label_label_entity00364847_udf_CE_2018831608112_StatementOfChangesInEquityLineItems_en">Effect of accounting change</link:label>
    <link:labelArc xlink:arcrole="http://www.xbrl.org/2003/arcrole/concept-label" xlink:from="Loc_entity00364847_udf_CE_2018831608112_StatementOfChangesInEquityLineItems" xlink:to="Label_label_entity00364847_udf_CE_2018831608112_StatementOfChangesInEquityLineItems_en" xlink:type="arc" />
    <link:label xlink:type="resource" xlink:role="http://www.xbrl.org/2003/role/documentation" xlink:label="Label_entity00364847_udf_CE_2018831608112_StatementOfChangesInEquityLineItems_en_doc" xml:lang="en">
    </link:label>
    <link:labelArc xlink:arcrole="http://www.xbrl.org/2003/arcrole/concept-label" xlink:from="Loc_entity00364847_udf_CE_2018831608112_StatementOfChangesInEquityLineItems" xlink:to="Label_entity00364847_udf_CE_2018831608112_StatementOfChangesInEquityLineItems_en_doc" xlink:type="arc" />
    <link:loc xlink:href="../00364847_entry_point_2011-05-12.xsd#entity00364847_udf_CE_2018730133153959_OtherComprehensiveIncomeForStatementOfChangesInEquity" xlink:label="Loc_entity00364847_udf_CE_2018730133153959_OtherComprehensiveIncomeForStatementOfChangesInEquity" xlink:type="locator" />
    <link:label xlink:type="resource" xlink:role="http://www.xbrl.org/2003/role/label" xlink:label="Label_label_entity00364847_udf_CE_2018730133153959_OtherComprehensiveIncomeForStatementOfChangesInEquity_en" xml:lang="en" id="Label_label_entity00364847_udf_CE_2018730133153959_OtherComprehensiveIncomeForStatementOfChangesInEquity_en">NEWAccount for Other comprehensive income (3)</link:label>
    <link:labelArc xlink:arcrole="http://www.xbrl.org/2003/arcrole/concept-label" xlink:from="Loc_entity00364847_udf_CE_2018730133153959_OtherComprehensiveIncomeForStatementOfChangesInEquity" xlink:to="Label_label_entity00364847_udf_CE_2018730133153959_OtherComprehensiveIncomeForStatementOfChangesInEquity_en" xlink:type="arc" />
    <link:label xlink:type="resource" xlink:role="http://www.xbrl.org/2003/role/documentation" xlink:label="Label_entity00364847_udf_CE_2018730133153959_OtherComprehensiveIncomeForStatementOfChangesInEquity_en_doc" xml:lang="en">
    </link:label>
    <link:labelArc xlink:arcrole="http://www.xbrl.org/2003/arcrole/concept-label" xlink:from="Loc_entity00364847_udf_CE_2018730133153959_OtherComprehensiveIncomeForStatementOfChangesInEquity" xlink:to="Label_entity00364847_udf_CE_2018730133153959_OtherComprehensiveIncomeForStatementOfChangesInEquity_en_doc" xlink:type="arc" />
    <link:loc xlink:href="../00364847_entry_point_2011-05-12.xsd#entity00364847_udf_CE_2018730133740402_StatementOfChangesInEquityLineItems" xlink:label="Loc_entity00364847_udf_CE_2018730133740402_StatementOfChangesInEquityLineItems" xlink:type="locator" />
    <link:label xlink:type="resource" xlink:role="http://www.xbrl.org/2003/role/label" xlink:label="Label_label_entity00364847_udf_CE_2018730133740402_StatementOfChangesInEquityLineItems_en" xml:lang="en" id="Label_label_entity00364847_udf_CE_2018730133740402_StatementOfChangesInEquityLineItems_en">Treasury shares</link:label>
    <link:labelArc xlink:arcrole="http://www.xbrl.org/2003/arcrole/concept-label" xlink:from="Loc_entity00364847_udf_CE_2018730133740402_StatementOfChangesInEquityLineItems" xlink:to="Label_label_entity00364847_udf_CE_2018730133740402_StatementOfChangesInEquityLineItems_en" xlink:type="arc" />
    <link:label xlink:type="resource" xlink:role="http://www.xbrl.org/2003/role/documentation" xlink:label="Label_entity00364847_udf_CE_2018730133740402_StatementOfChangesInEquityLineItems_en_doc" xml:lang="en">
    </link:label>
    <link:labelArc xlink:arcrole="http://www.xbrl.org/2003/arcrole/concept-label" xlink:from="Loc_entity00364847_udf_CE_2018730133740402_StatementOfChangesInEquityLineItems" xlink:to="Label_entity00364847_udf_CE_2018730133740402_StatementOfChangesInEquityLineItems_en_doc" xlink:type="arc" />
    <link:loc xlink:href="../00364847_entry_point_2011-05-12.xsd#entity00364847_udf_CE_201887174436413_StatementOfChangesInEquityLineItems" xlink:label="Loc_entity00364847_udf_CE_201887174436413_StatementOfChangesInEquityLineItems" xlink:type="locator" />
    <link:label xlink:type="resource" xlink:role="http://www.xbrl.org/2003/role/label" xlink:label="Label_label_entity00364847_udf_CE_201887174436413_StatementOfChangesInEquityLineItems_en" xml:lang="en" id="Label_label_entity00364847_udf_CE_201887174436413_StatementOfChangesInEquityLineItems_en">Effect of accounting change</link:label>
    <link:labelArc xlink:arcrole="http://www.xbrl.org/2003/arcrole/concept-label" xlink:from="Loc_entity00364847_udf_CE_201887174436413_StatementOfChangesInEquityLineItems" xlink:to="Label_label_entity00364847_udf_CE_201887174436413_StatementOfChangesInEquityLineItems_en" xlink:type="arc" />
    <link:label xlink:type="resource" xlink:role="http://www.xbrl.org/2003/role/documentation" xlink:label="Label_entity00364847_udf_CE_201887174436413_StatementOfChangesInEquityLineItems_en_doc" xml:lang="en">
    </link:label>
    <link:labelArc xlink:arcrole="http://www.xbrl.org/2003/arcrole/concept-label" xlink:from="Loc_entity00364847_udf_CE_201887174436413_StatementOfChangesInEquityLineItems" xlink:to="Label_entity00364847_udf_CE_201887174436413_StatementOfChangesInEquityLineItems_en_doc" xlink:type="arc" />
    <link:loc xlink:href="../00364847_entry_point_2011-05-12.xsd#entity00364847_udf_CE_201883161750909_OtherComprehensiveIncomeForStatementOfChangesInEquity" xlink:label="Loc_entity00364847_udf_CE_201883161750909_OtherComprehensiveIncomeForStatementOfChangesInEquity" xlink:type="locator" />
    <link:label xlink:type="resource" xlink:role="http://www.xbrl.org/2003/role/label" xlink:label="Label_label_entity00364847_udf_CE_201883161750909_OtherComprehensiveIncomeForStatementOfChangesInEquity_en" xml:lang="en" id="Label_label_entity00364847_udf_CE_201883161750909_OtherComprehensiveIncomeForStatementOfChangesInEquity_en">Overseas business translation gain / loss</link:label>
    <link:labelArc xlink:arcrole="http://www.xbrl.org/2003/arcrole/concept-label" xlink:from="Loc_entity00364847_udf_CE_201883161750909_OtherComprehensiveIncomeForStatementOfChangesInEquity" xlink:to="Label_label_entity00364847_udf_CE_201883161750909_OtherComprehensiveIncomeForStatementOfChangesInEquity_en" xlink:type="arc" />
    <link:label xlink:type="resource" xlink:role="http://www.xbrl.org/2003/role/documentation" xlink:label="Label_entity00364847_udf_CE_201883161750909_OtherComprehensiveIncomeForStatementOfChangesInEquity_en_doc" xml:lang="en">
    </link:label>
    <link:labelArc xlink:arcrole="http://www.xbrl.org/2003/arcrole/concept-label" xlink:from="Loc_entity00364847_udf_CE_201883161750909_OtherComprehensiveIncomeForStatementOfChangesInEquity" xlink:to="Label_entity00364847_udf_CE_201883161750909_OtherComprehensiveIncomeForStatementOfChangesInEquity_en_doc" xlink:type="arc" />
    <link:loc xlink:href="../00364847_entry_point_2011-05-12.xsd#entity00364847_udf_CE_20188316185979_OtherComprehensiveIncomeForStatementOfChangesInEquity" xlink:label="Loc_entity00364847_udf_CE_20188316185979_OtherComprehensiveIncomeForStatementOfChangesInEquity" xlink:type="locator" />
    <link:label xlink:type="resource" xlink:role="http://www.xbrl.org/2003/role/label" xlink:label="Label_label_entity00364847_udf_CE_20188316185979_OtherComprehensiveIncomeForStatementOfChangesInEquity_en" xml:lang="en" id="Label_label_entity00364847_udf_CE_20188316185979_OtherComprehensiveIncomeForStatementOfChangesInEquity_en">Gain on valuation of available-for-sale securities</link:label>
    <link:labelArc xlink:arcrole="http://www.xbrl.org/2003/arcrole/concept-label" xlink:from="Loc_entity00364847_udf_CE_20188316185979_OtherComprehensiveIncomeForStatementOfChangesInEquity" xlink:to="Label_label_entity00364847_udf_CE_20188316185979_OtherComprehensiveIncomeForStatementOfChangesInEquity_en" xlink:type="arc" />
    <link:label xlink:type="resource" xlink:role="http://www.xbrl.org/2003/role/documentation" xlink:label="Label_entity00364847_udf_CE_20188316185979_OtherComprehensiveIncomeForStatementOfChangesInEquity_en_doc" xml:lang="en">
    </link:label>
    <link:labelArc xlink:arcrole="http://www.xbrl.org/2003/arcrole/concept-label" xlink:from="Loc_entity00364847_udf_CE_20188316185979_OtherComprehensiveIncomeForStatementOfChangesInEquity" xlink:to="Label_entity00364847_udf_CE_20188316185979_OtherComprehensiveIncomeForStatementOfChangesInEquity_en_doc" xlink:type="arc" />
    <link:loc xlink:href="../00364847_entry_point_2011-05-12.xsd#entity00364847_udf_CF_2017112164840599_AdjustmentsForReconcileProfitLoss" xlink:label="Loc_entity00364847_udf_CF_2017112164840599_AdjustmentsForReconcileProfitLoss" xlink:type="locator" />
    <link:label xlink:type="resource" xlink:role="http://www.xbrl.org/2003/role/label" xlink:label="Label_label_entity00364847_udf_CF_2017112164840599_AdjustmentsForReconcileProfitLoss_en" xml:lang="en" id="Label_label_entity00364847_udf_CF_2017112164840599_AdjustmentsForReconcileProfitLoss_en">Other expenses</link:label>
    <link:labelArc xlink:arcrole="http://www.xbrl.org/2003/arcrole/concept-label" xlink:from="Loc_entity00364847_udf_CF_2017112164840599_AdjustmentsForReconcileProfitLoss" xlink:to="Label_label_entity00364847_udf_CF_2017112164840599_AdjustmentsForReconcileProfitLoss_en" xlink:type="arc" />
    <link:label xlink:type="resource" xlink:role="http://www.xbrl.org/2003/role/documentation" xlink:label="Label_entity00364847_udf_CF_2017112164840599_AdjustmentsForReconcileProfitLoss_en_doc" xml:lang="en">
    </link:label>
    <link:labelArc xlink:arcrole="http://www.xbrl.org/2003/arcrole/concept-label" xlink:from="Loc_entity00364847_udf_CF_2017112164840599_AdjustmentsForReconcileProfitLoss" xlink:to="Label_entity00364847_udf_CF_2017112164840599_AdjustmentsForReconcileProfitLoss_en_doc" xlink:type="arc" />
    <link:loc xlink:href="../00364847_entry_point_2011-05-12.xsd#entity00364847_udf_CF_2017112165059430_AdjustmentsForAssetsLiabilitiesOfOperatingActivities" xlink:label="Loc_entity00364847_udf_CF_2017112165059430_AdjustmentsForAssetsLiabilitiesOfOperatingActivities" xlink:type="locator" />
    <link:label xlink:type="resource" xlink:role="http://www.xbrl.org/2003/role/label" xlink:label="Label_label_entity00364847_udf_CF_2017112165059430_AdjustmentsForAssetsLiabilitiesOfOperatingActivities_en" xml:lang="en" id="Label_label_entity00364847_udf_CF_2017112165059430_AdjustmentsForAssetsLiabilitiesOfOperatingActivities_en">Adjustments for decrease (increase) in other receivables</link:label>
    <link:labelArc xlink:arcrole="http://www.xbrl.org/2003/arcrole/concept-label" xlink:from="Loc_entity00364847_udf_CF_2017112165059430_AdjustmentsForAssetsLiabilitiesOfOperatingActivities" xlink:to="Label_label_entity00364847_udf_CF_2017112165059430_AdjustmentsForAssetsLiabilitiesOfOperatingActivities_en" xlink:type="arc" />
    <link:label xlink:type="resource" xlink:role="http://www.xbrl.org/2003/role/documentation" xlink:label="Label_entity00364847_udf_CF_2017112165059430_AdjustmentsForAssetsLiabilitiesOfOperatingActivities_en_doc" xml:lang="en">
    </link:label>
    <link:labelArc xlink:arcrole="http://www.xbrl.org/2003/arcrole/concept-label" xlink:from="Loc_entity00364847_udf_CF_2017112165059430_AdjustmentsForAssetsLiabilitiesOfOperatingActivities" xlink:to="Label_entity00364847_udf_CF_2017112165059430_AdjustmentsForAssetsLiabilitiesOfOperatingActivities_en_doc" xlink:type="arc" />
    <link:loc xlink:href="../00364847_entry_point_2011-05-12.xsd#entity00364847_udf_CF_2017112165124301_AdjustmentsForAssetsLiabilitiesOfOperatingActivities" xlink:label="Loc_entity00364847_udf_CF_2017112165124301_AdjustmentsForAssetsLiabilitiesOfOperatingActivities" xlink:type="locator" />
    <link:label xlink:type="resource" xlink:role="http://www.xbrl.org/2003/role/label" xlink:label="Label_label_entity00364847_udf_CF_2017112165124301_AdjustmentsForAssetsLiabilitiesOfOperatingActivities_en" xml:lang="en" id="Label_label_entity00364847_udf_CF_2017112165124301_AdjustmentsForAssetsLiabilitiesOfOperatingActivities_en">Adjustments for increase (decrease) in other payables</link:label>
    <link:labelArc xlink:arcrole="http://www.xbrl.org/2003/arcrole/concept-label" xlink:from="Loc_entity00364847_udf_CF_2017112165124301_AdjustmentsForAssetsLiabilitiesOfOperatingActivities" xlink:to="Label_label_entity00364847_udf_CF_2017112165124301_AdjustmentsForAssetsLiabilitiesOfOperatingActivities_en" xlink:type="arc" />
    <link:label xlink:type="resource" xlink:role="http://www.xbrl.org/2003/role/documentation" xlink:label="Label_entity00364847_udf_CF_2017112165124301_AdjustmentsForAssetsLiabilitiesOfOperatingActivities_en_doc" xml:lang="en">
    </link:label>
    <link:labelArc xlink:arcrole="http://www.xbrl.org/2003/arcrole/concept-label" xlink:from="Loc_entity00364847_udf_CF_2017112165124301_AdjustmentsForAssetsLiabilitiesOfOperatingActivities" xlink:to="Label_entity00364847_udf_CF_2017112165124301_AdjustmentsForAssetsLiabilitiesOfOperatingActivities_en_doc" xlink:type="arc" />
    <link:loc xlink:href="../00364847_entry_point_2011-05-12.xsd#entity00364847_udf_CF_2017112165340909_CashFlowsFromUsedInInvestingActivities" xlink:label="Loc_entity00364847_udf_CF_2017112165340909_CashFlowsFromUsedInInvestingActivities" xlink:type="locator" />
    <link:label xlink:type="resource" xlink:role="http://www.xbrl.org/2003/role/label" xlink:label="Label_label_entity00364847_udf_CF_2017112165340909_CashFlowsFromUsedInInvestingActivities_en" xml:lang="en" id="Label_label_entity00364847_udf_CF_2017112165340909_CashFlowsFromUsedInInvestingActivities_en">Decrease in due from Financial Institutions</link:label>
    <link:labelArc xlink:arcrole="http://www.xbrl.org/2003/arcrole/concept-label" xlink:from="Loc_entity00364847_udf_CF_2017112165340909_CashFlowsFromUsedInInvestingActivities" xlink:to="Label_label_entity00364847_udf_CF_2017112165340909_CashFlowsFromUsedInInvestingActivities_en" xlink:type="arc" />
    <link:label xlink:type="resource" xlink:role="http://www.xbrl.org/2003/role/documentation" xlink:label="Label_entity00364847_udf_CF_2017112165340909_CashFlowsFromUsedInInvestingActivities_en_doc" xml:lang="en">
    </link:label>
    <link:labelArc xlink:arcrole="http://www.xbrl.org/2003/arcrole/concept-label" xlink:from="Loc_entity00364847_udf_CF_2017112165340909_CashFlowsFromUsedInInvestingActivities" xlink:to="Label_entity00364847_udf_CF_2017112165340909_CashFlowsFromUsedInInvestingActivities_en_doc" xlink:type="arc" />
    <link:loc xlink:href="../00364847_entry_point_2011-05-12.xsd#entity00364847_udf_CF_20188716251414_CashFlowsFromUsedInInvestingActivities" xlink:label="Loc_entity00364847_udf_CF_20188716251414_CashFlowsFromUsedInInvestingActivities" xlink:type="locator" />
    <link:label xlink:type="resource" xlink:role="http://www.xbrl.org/2003/role/label" xlink:label="Label_label_entity00364847_udf_CF_20188716251414_CashFlowsFromUsedInInvestingActivities_en" xml:lang="en" id="Label_label_entity00364847_udf_CF_20188716251414_CashFlowsFromUsedInInvestingActivities_en">Increase in financial institution deposits</link:label>
    <link:labelArc xlink:arcrole="http://www.xbrl.org/2003/arcrole/concept-label" xlink:from="Loc_entity00364847_udf_CF_20188716251414_CashFlowsFromUsedInInvestingActivities" xlink:to="Label_label_entity00364847_udf_CF_20188716251414_CashFlowsFromUsedInInvestingActivities_en" xlink:type="arc" />
    <link:label xlink:type="resource" xlink:role="http://www.xbrl.org/2003/role/documentation" xlink:label="Label_entity00364847_udf_CF_20188716251414_CashFlowsFromUsedInInvestingActivities_en_doc" xml:lang="en">
    </link:label>
    <link:labelArc xlink:arcrole="http://www.xbrl.org/2003/arcrole/concept-label" xlink:from="Loc_entity00364847_udf_CF_20188716251414_CashFlowsFromUsedInInvestingActivities" xlink:to="Label_entity00364847_udf_CF_20188716251414_CashFlowsFromUsedInInvestingActivities_en_doc" xlink:type="arc" />
    <link:loc xlink:href="../00364847_entry_point_2011-05-12.xsd#entity00364847_udf_CF_2017112134529932_AdjustmentsForReconcileProfitLoss" xlink:label="Loc_entity00364847_udf_CF_2017112134529932_AdjustmentsForReconcileProfitLoss" xlink:type="locator" />
    <link:label xlink:type="resource" xlink:role="http://www.xbrl.org/2003/role/label" xlink:label="Label_label_entity00364847_udf_CF_2017112134529932_AdjustmentsForReconcileProfitLoss_en" xml:lang="en" id="Label_label_entity00364847_udf_CF_2017112134529932_AdjustmentsForReconcileProfitLoss_en">Other expenses</link:label>
    <link:labelArc xlink:arcrole="http://www.xbrl.org/2003/arcrole/concept-label" xlink:from="Loc_entity00364847_udf_CF_2017112134529932_AdjustmentsForReconcileProfitLoss" xlink:to="Label_label_entity00364847_udf_CF_2017112134529932_AdjustmentsForReconcileProfitLoss_en" xlink:type="arc" />
    <link:label xlink:type="resource" xlink:role="http://www.xbrl.org/2003/role/documentation" xlink:label="Label_entity00364847_udf_CF_2017112134529932_AdjustmentsForReconcileProfitLoss_en_doc" xml:lang="en">
    </link:label>
    <link:labelArc xlink:arcrole="http://www.xbrl.org/2003/arcrole/concept-label" xlink:from="Loc_entity00364847_udf_CF_2017112134529932_AdjustmentsForReconcileProfitLoss" xlink:to="Label_entity00364847_udf_CF_2017112134529932_AdjustmentsForReconcileProfitLoss_en_doc" xlink:type="arc" />
    <link:loc xlink:href="../00364847_entry_point_2011-05-12.xsd#entity00364847_udf_CF_2017112135020947_AdjustmentsForAssetsLiabilitiesOfOperatingActivities" xlink:label="Loc_entity00364847_udf_CF_2017112135020947_AdjustmentsForAssetsLiabilitiesOfOperatingActivities" xlink:type="locator" />
    <link:label xlink:type="resource" xlink:role="http://www.xbrl.org/2003/role/label" xlink:label="Label_label_entity00364847_udf_CF_2017112135020947_AdjustmentsForAssetsLiabilitiesOfOperatingActivities_en" xml:lang="en" id="Label_label_entity00364847_udf_CF_2017112135020947_AdjustmentsForAssetsLiabilitiesOfOperatingActivities_en">Adjustments for decrease (increase) in other receivables</link:label>
    <link:labelArc xlink:arcrole="http://www.xbrl.org/2003/arcrole/concept-label" xlink:from="Loc_entity00364847_udf_CF_2017112135020947_AdjustmentsForAssetsLiabilitiesOfOperatingActivities" xlink:to="Label_label_entity00364847_udf_CF_2017112135020947_AdjustmentsForAssetsLiabilitiesOfOperatingActivities_en" xlink:type="arc" />
    <link:label xlink:type="resource" xlink:role="http://www.xbrl.org/2003/role/documentation" xlink:label="Label_entity00364847_udf_CF_2017112135020947_AdjustmentsForAssetsLiabilitiesOfOperatingActivities_en_doc" xml:lang="en">
    </link:label>
    <link:labelArc xlink:arcrole="http://www.xbrl.org/2003/arcrole/concept-label" xlink:from="Loc_entity00364847_udf_CF_2017112135020947_AdjustmentsForAssetsLiabilitiesOfOperatingActivities" xlink:to="Label_entity00364847_udf_CF_2017112135020947_AdjustmentsForAssetsLiabilitiesOfOperatingActivities_en_doc" xlink:type="arc" />
    <link:loc xlink:href="../00364847_entry_point_2011-05-12.xsd#entity00364847_udf_CF_2017112135148601_AdjustmentsForAssetsLiabilitiesOfOperatingActivities" xlink:label="Loc_entity00364847_udf_CF_2017112135148601_AdjustmentsForAssetsLiabilitiesOfOperatingActivities" xlink:type="locator" />
    <link:label xlink:type="resource" xlink:role="http://www.xbrl.org/2003/role/label" xlink:label="Label_label_entity00364847_udf_CF_2017112135148601_AdjustmentsForAssetsLiabilitiesOfOperatingActivities_en" xml:lang="en" id="Label_label_entity00364847_udf_CF_2017112135148601_AdjustmentsForAssetsLiabilitiesOfOperatingActivities_en">Adjustments for increase (decrease) in other payables</link:label>
    <link:labelArc xlink:arcrole="http://www.xbrl.org/2003/arcrole/concept-label" xlink:from="Loc_entity00364847_udf_CF_2017112135148601_AdjustmentsForAssetsLiabilitiesOfOperatingActivities" xlink:to="Label_label_entity00364847_udf_CF_2017112135148601_AdjustmentsForAssetsLiabilitiesOfOperatingActivities_en" xlink:type="arc" />
    <link:label xlink:type="resource" xlink:role="http://www.xbrl.org/2003/role/documentation" xlink:label="Label_entity00364847_udf_CF_2017112135148601_AdjustmentsForAssetsLiabilitiesOfOperatingActivities_en_doc" xml:lang="en">
    </link:label>
    <link:labelArc xlink:arcrole="http://www.xbrl.org/2003/arcrole/concept-label" xlink:from="Loc_entity00364847_udf_CF_2017112135148601_AdjustmentsForAssetsLiabilitiesOfOperatingActivities" xlink:to="Label_entity00364847_udf_CF_2017112135148601_AdjustmentsForAssetsLiabilitiesOfOperatingActivities_en_doc" xlink:type="arc" />
    <link:loc xlink:href="../00364847_entry_point_2011-05-12.xsd#entity00364847_udf_CF_201711214525996_CashFlowsFromUsedInInvestingActivities" xlink:label="Loc_entity00364847_udf_CF_201711214525996_CashFlowsFromUsedInInvestingActivities" xlink:type="locator" />
    <link:label xlink:type="resource" xlink:role="http://www.xbrl.org/2003/role/label" xlink:label="Label_label_entity00364847_udf_CF_201711214525996_CashFlowsFromUsedInInvestingActivities_en" xml:lang="en" id="Label_label_entity00364847_udf_CF_201711214525996_CashFlowsFromUsedInInvestingActivities_en">Increase in due from Financial Institutions</link:label>
    <link:labelArc xlink:arcrole="http://www.xbrl.org/2003/arcrole/concept-label" xlink:from="Loc_entity00364847_udf_CF_201711214525996_CashFlowsFromUsedInInvestingActivities" xlink:to="Label_label_entity00364847_udf_CF_201711214525996_CashFlowsFromUsedInInvestingActivities_en" xlink:type="arc" />
    <link:label xlink:type="resource" xlink:role="http://www.xbrl.org/2003/role/documentation" xlink:label="Label_entity00364847_udf_CF_201711214525996_CashFlowsFromUsedInInvestingActivities_en_doc" xml:lang="en">
    </link:label>
    <link:labelArc xlink:arcrole="http://www.xbrl.org/2003/arcrole/concept-label" xlink:from="Loc_entity00364847_udf_CF_201711214525996_CashFlowsFromUsedInInvestingActivities" xlink:to="Label_entity00364847_udf_CF_201711214525996_CashFlowsFromUsedInInvestingActivities_en_doc" xlink:type="arc" />
    <link:loc xlink:href="../00364847_entry_point_2011-05-12.xsd#entity00364847_udf_BS_2017112145230505_CurrentAssets" xlink:label="Loc_entity00364847_udf_BS_2017112145230505_CurrentAssets" xlink:type="locator" />
    <link:label xlink:type="resource" xlink:role="http://www.xbrl.org/2003/role/label" xlink:label="Label_label_entity00364847_udf_BS_2017112145230505_CurrentAssets_en" xml:lang="en" id="Label_label_entity00364847_udf_BS_2017112145230505_CurrentAssets_en">Due from Financial Institutions</link:label>
    <link:labelArc xlink:arcrole="http://www.xbrl.org/2003/arcrole/concept-label" xlink:from="Loc_entity00364847_udf_BS_2017112145230505_CurrentAssets" xlink:to="Label_label_entity00364847_udf_BS_2017112145230505_CurrentAssets_en" xlink:type="arc" />
    <link:label xlink:type="resource" xlink:role="http://www.xbrl.org/2003/role/documentation" xlink:label="Label_entity00364847_udf_BS_2017112145230505_CurrentAssets_en_doc" xml:lang="en">
    </link:label>
    <link:labelArc xlink:arcrole="http://www.xbrl.org/2003/arcrole/concept-label" xlink:from="Loc_entity00364847_udf_BS_2017112145230505_CurrentAssets" xlink:to="Label_entity00364847_udf_BS_2017112145230505_CurrentAssets_en_doc" xlink:type="arc" />
    <link:loc xlink:href="../00364847_entry_point_2011-05-12.xsd#entity00364847_udf_BS_20183810154065_CurrentAssets" xlink:label="Loc_entity00364847_udf_BS_20183810154065_CurrentAssets" xlink:type="locator" />
    <link:label xlink:type="resource" xlink:role="http://www.xbrl.org/2003/role/label" xlink:label="Label_label_entity00364847_udf_BS_20183810154065_CurrentAssets_en" xml:lang="en" id="Label_label_entity00364847_udf_BS_20183810154065_CurrentAssets_en">other receivables</link:label>
    <link:labelArc xlink:arcrole="http://www.xbrl.org/2003/arcrole/concept-label" xlink:from="Loc_entity00364847_udf_BS_20183810154065_CurrentAssets" xlink:to="Label_label_entity00364847_udf_BS_20183810154065_CurrentAssets_en" xlink:type="arc" />
    <link:label xlink:type="resource" xlink:role="http://www.xbrl.org/2003/role/documentation" xlink:label="Label_entity00364847_udf_BS_20183810154065_CurrentAssets_en_doc" xml:lang="en">
    </link:label>
    <link:labelArc xlink:arcrole="http://www.xbrl.org/2003/arcrole/concept-label" xlink:from="Loc_entity00364847_udf_BS_20183810154065_CurrentAssets" xlink:to="Label_entity00364847_udf_BS_20183810154065_CurrentAssets_en_doc" xlink:type="arc" />
    <link:loc xlink:href="../00364847_entry_point_2011-05-12.xsd#entity00364847_udf_BS_2017112161543876_NoncurrentAssets" xlink:label="Loc_entity00364847_udf_BS_2017112161543876_NoncurrentAssets" xlink:type="locator" />
    <link:label xlink:type="resource" xlink:role="http://www.xbrl.org/2003/role/label" xlink:label="Label_label_entity00364847_udf_BS_2017112161543876_NoncurrentAssets_en" xml:lang="en" id="Label_label_entity00364847_udf_BS_2017112161543876_NoncurrentAssets_en">Intangible assets</link:label>
    <link:labelArc xlink:arcrole="http://www.xbrl.org/2003/arcrole/concept-label" xlink:from="Loc_entity00364847_udf_BS_2017112161543876_NoncurrentAssets" xlink:to="Label_label_entity00364847_udf_BS_2017112161543876_NoncurrentAssets_en" xlink:type="arc" />
    <link:label xlink:type="resource" xlink:role="http://www.xbrl.org/2003/role/documentation" xlink:label="Label_entity00364847_udf_BS_2017112161543876_NoncurrentAssets_en_doc" xml:lang="en">
    </link:label>
    <link:labelArc xlink:arcrole="http://www.xbrl.org/2003/arcrole/concept-label" xlink:from="Loc_entity00364847_udf_BS_2017112161543876_NoncurrentAssets" xlink:to="Label_entity00364847_udf_BS_2017112161543876_NoncurrentAssets_en_doc" xlink:type="arc" />
    <link:loc xlink:href="../00364847_entry_point_2011-05-12.xsd#entity00364847_udf_BS_2017112161629437_CurrentLiabilities" xlink:label="Loc_entity00364847_udf_BS_2017112161629437_CurrentLiabilities" xlink:type="locator" />
    <link:label xlink:type="resource" xlink:role="http://www.xbrl.org/2003/role/label" xlink:label="Label_label_entity00364847_udf_BS_2017112161629437_CurrentLiabilities_en" xml:lang="en" id="Label_label_entity00364847_udf_BS_2017112161629437_CurrentLiabilities_en">Trade and other current payables,</link:label>
    <link:labelArc xlink:arcrole="http://www.xbrl.org/2003/arcrole/concept-label" xlink:from="Loc_entity00364847_udf_BS_2017112161629437_CurrentLiabilities" xlink:to="Label_label_entity00364847_udf_BS_2017112161629437_CurrentLiabilities_en" xlink:type="arc" />
    <link:label xlink:type="resource" xlink:role="http://www.xbrl.org/2003/role/documentation" xlink:label="Label_entity00364847_udf_BS_2017112161629437_CurrentLiabilities_en_doc" xml:lang="en">
    </link:label>
    <link:labelArc xlink:arcrole="http://www.xbrl.org/2003/arcrole/concept-label" xlink:from="Loc_entity00364847_udf_BS_2017112161629437_CurrentLiabilities" xlink:to="Label_entity00364847_udf_BS_2017112161629437_CurrentLiabilities_en_doc" xlink:type="arc" />
    <link:loc xlink:href="../00364847_entry_point_2011-05-12.xsd#entity00364847_udf_BS_2017112161646357_CurrentLiabilities" xlink:label="Loc_entity00364847_udf_BS_2017112161646357_CurrentLiabilities" xlink:type="locator" />
    <link:label xlink:type="resource" xlink:role="http://www.xbrl.org/2003/role/label" xlink:label="Label_label_entity00364847_udf_BS_2017112161646357_CurrentLiabilities_en" xml:lang="en" id="Label_label_entity00364847_udf_BS_2017112161646357_CurrentLiabilities_en">Other payables</link:label>
    <link:labelArc xlink:arcrole="http://www.xbrl.org/2003/arcrole/concept-label" xlink:from="Loc_entity00364847_udf_BS_2017112161646357_CurrentLiabilities" xlink:to="Label_label_entity00364847_udf_BS_2017112161646357_CurrentLiabilities_en" xlink:type="arc" />
    <link:label xlink:type="resource" xlink:role="http://www.xbrl.org/2003/role/documentation" xlink:label="Label_entity00364847_udf_BS_2017112161646357_CurrentLiabilities_en_doc" xml:lang="en">
    </link:label>
    <link:labelArc xlink:arcrole="http://www.xbrl.org/2003/arcrole/concept-label" xlink:from="Loc_entity00364847_udf_BS_2017112161646357_CurrentLiabilities" xlink:to="Label_entity00364847_udf_BS_2017112161646357_CurrentLiabilities_en_doc" xlink:type="arc" />
    <link:loc xlink:href="../00364847_entry_point_2011-05-12.xsd#entity00364847_udf_BS_2017112161653451_CurrentLiabilities" xlink:label="Loc_entity00364847_udf_BS_2017112161653451_CurrentLiabilities" xlink:type="locator" />
    <link:label xlink:type="resource" xlink:role="http://www.xbrl.org/2003/role/label" xlink:label="Label_label_entity00364847_udf_BS_2017112161653451_CurrentLiabilities_en" xml:lang="en" id="Label_label_entity00364847_udf_BS_2017112161653451_CurrentLiabilities_en">Current provisions</link:label>
    <link:labelArc xlink:arcrole="http://www.xbrl.org/2003/arcrole/concept-label" xlink:from="Loc_entity00364847_udf_BS_2017112161653451_CurrentLiabilities" xlink:to="Label_label_entity00364847_udf_BS_2017112161653451_CurrentLiabilities_en" xlink:type="arc" />
    <link:label xlink:type="resource" xlink:role="http://www.xbrl.org/2003/role/documentation" xlink:label="Label_entity00364847_udf_BS_2017112161653451_CurrentLiabilities_en_doc" xml:lang="en">
    </link:label>
    <link:labelArc xlink:arcrole="http://www.xbrl.org/2003/arcrole/concept-label" xlink:from="Loc_entity00364847_udf_BS_2017112161653451_CurrentLiabilities" xlink:to="Label_entity00364847_udf_BS_2017112161653451_CurrentLiabilities_en_doc" xlink:type="arc" />
    <link:loc xlink:href="../00364847_entry_point_2011-05-12.xsd#entity00364847_udf_BS_201711210306127_CurrentAssets" xlink:label="Loc_entity00364847_udf_BS_201711210306127_CurrentAssets" xlink:type="locator" />
    <link:label xlink:type="resource" xlink:role="http://www.xbrl.org/2003/role/label" xlink:label="Label_label_entity00364847_udf_BS_201711210306127_CurrentAssets_en" xml:lang="en" id="Label_label_entity00364847_udf_BS_201711210306127_CurrentAssets_en">Due from Financial Institutions</link:label>
    <link:labelArc xlink:arcrole="http://www.xbrl.org/2003/arcrole/concept-label" xlink:from="Loc_entity00364847_udf_BS_201711210306127_CurrentAssets" xlink:to="Label_label_entity00364847_udf_BS_201711210306127_CurrentAssets_en" xlink:type="arc" />
    <link:label xlink:type="resource" xlink:role="http://www.xbrl.org/2003/role/documentation" xlink:label="Label_entity00364847_udf_BS_201711210306127_CurrentAssets_en_doc" xml:lang="en">
    </link:label>
    <link:labelArc xlink:arcrole="http://www.xbrl.org/2003/arcrole/concept-label" xlink:from="Loc_entity00364847_udf_BS_201711210306127_CurrentAssets" xlink:to="Label_entity00364847_udf_BS_201711210306127_CurrentAssets_en_doc" xlink:type="arc" />
    <link:loc xlink:href="../00364847_entry_point_2011-05-12.xsd#entity00364847_udf_BS_2018361741660_CurrentAssets" xlink:label="Loc_entity00364847_udf_BS_2018361741660_CurrentAssets" xlink:type="locator" />
    <link:label xlink:type="resource" xlink:role="http://www.xbrl.org/2003/role/label" xlink:label="Label_label_entity00364847_udf_BS_2018361741660_CurrentAssets_en" xml:lang="en" id="Label_label_entity00364847_udf_BS_2018361741660_CurrentAssets_en">other receivables</link:label>
    <link:labelArc xlink:arcrole="http://www.xbrl.org/2003/arcrole/concept-label" xlink:from="Loc_entity00364847_udf_BS_2018361741660_CurrentAssets" xlink:to="Label_label_entity00364847_udf_BS_2018361741660_CurrentAssets_en" xlink:type="arc" />
    <link:label xlink:type="resource" xlink:role="http://www.xbrl.org/2003/role/documentation" xlink:label="Label_entity00364847_udf_BS_2018361741660_CurrentAssets_en_doc" xml:lang="en">
    </link:label>
    <link:labelArc xlink:arcrole="http://www.xbrl.org/2003/arcrole/concept-label" xlink:from="Loc_entity00364847_udf_BS_2018361741660_CurrentAssets" xlink:to="Label_entity00364847_udf_BS_2018361741660_CurrentAssets_en_doc" xlink:type="arc" />
    <link:loc xlink:href="../00364847_entry_point_2011-05-12.xsd#entity00364847_udf_BS_20171121635589_NoncurrentAssets" xlink:label="Loc_entity00364847_udf_BS_20171121635589_NoncurrentAssets" xlink:type="locator" />
    <link:label xlink:type="resource" xlink:role="http://www.xbrl.org/2003/role/label" xlink:label="Label_label_entity00364847_udf_BS_20171121635589_NoncurrentAssets_en" xml:lang="en" id="Label_label_entity00364847_udf_BS_20171121635589_NoncurrentAssets_en">Intangible assets</link:label>
    <link:labelArc xlink:arcrole="http://www.xbrl.org/2003/arcrole/concept-label" xlink:from="Loc_entity00364847_udf_BS_20171121635589_NoncurrentAssets" xlink:to="Label_label_entity00364847_udf_BS_20171121635589_NoncurrentAssets_en" xlink:type="arc" />
    <link:label xlink:type="resource" xlink:role="http://www.xbrl.org/2003/role/documentation" xlink:label="Label_entity00364847_udf_BS_20171121635589_NoncurrentAssets_en_doc" xml:lang="en">
    </link:label>
    <link:labelArc xlink:arcrole="http://www.xbrl.org/2003/arcrole/concept-label" xlink:from="Loc_entity00364847_udf_BS_20171121635589_NoncurrentAssets" xlink:to="Label_entity00364847_udf_BS_20171121635589_NoncurrentAssets_en_doc" xlink:type="arc" />
    <link:loc xlink:href="../00364847_entry_point_2011-05-12.xsd#entity00364847_udf_BS_2017112103648228_CurrentLiabilities" xlink:label="Loc_entity00364847_udf_BS_2017112103648228_CurrentLiabilities" xlink:type="locator" />
    <link:label xlink:type="resource" xlink:role="http://www.xbrl.org/2003/role/label" xlink:label="Label_label_entity00364847_udf_BS_2017112103648228_CurrentLiabilities_en" xml:lang="en" id="Label_label_entity00364847_udf_BS_2017112103648228_CurrentLiabilities_en">Trade and other current payables</link:label>
    <link:labelArc xlink:arcrole="http://www.xbrl.org/2003/arcrole/concept-label" xlink:from="Loc_entity00364847_udf_BS_2017112103648228_CurrentLiabilities" xlink:to="Label_label_entity00364847_udf_BS_2017112103648228_CurrentLiabilities_en" xlink:type="arc" />
    <link:label xlink:type="resource" xlink:role="http://www.xbrl.org/2003/role/documentation" xlink:label="Label_entity00364847_udf_BS_2017112103648228_CurrentLiabilities_en_doc" xml:lang="en">
    </link:label>
    <link:labelArc xlink:arcrole="http://www.xbrl.org/2003/arcrole/concept-label" xlink:from="Loc_entity00364847_udf_BS_2017112103648228_CurrentLiabilities" xlink:to="Label_entity00364847_udf_BS_2017112103648228_CurrentLiabilities_en_doc" xlink:type="arc" />
    <link:loc xlink:href="../00364847_entry_point_2011-05-12.xsd#entity00364847_udf_BS_2017112103738588_CurrentLiabilities" xlink:label="Loc_entity00364847_udf_BS_2017112103738588_CurrentLiabilities" xlink:type="locator" />
    <link:label xlink:type="resource" xlink:role="http://www.xbrl.org/2003/role/label" xlink:label="Label_label_entity00364847_udf_BS_2017112103738588_CurrentLiabilities_en" xml:lang="en" id="Label_label_entity00364847_udf_BS_2017112103738588_CurrentLiabilities_en">Other payables</link:label>
    <link:labelArc xlink:arcrole="http://www.xbrl.org/2003/arcrole/concept-label" xlink:from="Loc_entity00364847_udf_BS_2017112103738588_CurrentLiabilities" xlink:to="Label_label_entity00364847_udf_BS_2017112103738588_CurrentLiabilities_en" xlink:type="arc" />
    <link:label xlink:type="resource" xlink:role="http://www.xbrl.org/2003/role/documentation" xlink:label="Label_entity00364847_udf_BS_2017112103738588_CurrentLiabilities_en_doc" xml:lang="en">
    </link:label>
    <link:labelArc xlink:arcrole="http://www.xbrl.org/2003/arcrole/concept-label" xlink:from="Loc_entity00364847_udf_BS_2017112103738588_CurrentLiabilities" xlink:to="Label_entity00364847_udf_BS_2017112103738588_CurrentLiabilities_en_doc" xlink:type="arc" />
    <link:loc xlink:href="../00364847_entry_point_2011-05-12.xsd#entity00364847_udf_BS_201711210398547_CurrentLiabilities" xlink:label="Loc_entity00364847_udf_BS_201711210398547_CurrentLiabilities" xlink:type="locator" />
    <link:label xlink:type="resource" xlink:role="http://www.xbrl.org/2003/role/label" xlink:label="Label_label_entity00364847_udf_BS_201711210398547_CurrentLiabilities_en" xml:lang="en" id="Label_label_entity00364847_udf_BS_201711210398547_CurrentLiabilities_en">Current provisions</link:label>
    <link:labelArc xlink:arcrole="http://www.xbrl.org/2003/arcrole/concept-label" xlink:from="Loc_entity00364847_udf_BS_201711210398547_CurrentLiabilities" xlink:to="Label_label_entity00364847_udf_BS_201711210398547_CurrentLiabilities_en" xlink:type="arc" />
    <link:label xlink:type="resource" xlink:role="http://www.xbrl.org/2003/role/documentation" xlink:label="Label_entity00364847_udf_BS_201711210398547_CurrentLiabilities_en_doc" xml:lang="en">
    </link:label>
    <link:labelArc xlink:arcrole="http://www.xbrl.org/2003/arcrole/concept-label" xlink:from="Loc_entity00364847_udf_BS_201711210398547_CurrentLiabilities" xlink:to="Label_entity00364847_udf_BS_201711210398547_CurrentLiabilities_en_doc" xlink:type="arc" />
  </link:labelLink>
</link:linkbase>