<?xml version="1.0" encoding="UTF-8"?>
<!-- Generated by DART -->
<link:linkbase xmlns:link="http://www.xbrl.org/2003/linkbase" xmlns:xlink="http://www.w3.org/1999/xlink" xmlns:xsi="http://www.w3.org/2001/XMLSchema-instance" xmlns:xbrli="http://www.xbrl.org/2003/instance" xsi:schemaLocation="http://www.xbrl.org/2003/linkbase http://www.xbrl.org/2003/xbrl-linkbase-2003-12-31.xsd">
  <link:roleRef roleURI="http://www.xbrl.org/2009/role/negatedLabel" xlink:type="simple" xlink:href="http://www.xbrl.org/lrr/role/negated-2009-12-16.xsd#negatedLabel" />
  <link:roleRef roleURI="http://www.xbrl.org/2009/role/negatedTerseLabel" xlink:type="simple" xlink:href="http://www.xbrl.org/lrr/role/negated-2009-12-16.xsd#negatedTerseLabel" />
  <link:roleRef roleURI="http://www.xbrl.org/2009/role/negatedTotalLabel" xlink:type="simple" xlink:href="http://www.xbrl.org/lrr/role/negated-2009-12-16.xsd#negatedTotalLabel" />
  <link:roleRef roleURI="http://www.xbrl.org/2009/role/negatedPeriodStartLabel" xlink:type="simple" xlink:href="http://www.xbrl.org/lrr/role/negated-2009-12-16.xsd#negatedPeriodStartLabel" />
  <link:roleRef roleURI="http://www.xbrl.org/2009/role/negatedPeriodEndLabel" xlink:type="simple" xlink:href="http://www.xbrl.org/lrr/role/negated-2009-12-16.xsd#negatedPeriodEndLabel" />
  <link:roleRef roleURI="http://www.xbrl.org/2009/role/netLabel" xlink:type="simple" xlink:href="http://www.xbrl.org/lrr/role/net-2009-12-16.xsd#netLabel" />
  <link:roleRef roleURI="http://dart.fss.or.kr/role/2019-10-01/ifrs/dart_label" xlink:type="simple" xlink:href="http://dart.fss.or.kr/Resource/Taxonomy/ifrs/2019-10-01/ifrs_for_dart/rol_dart-label_2019-10-01.xsd#dartLabel" />
  <link:labelLink xlink:type="extended" xlink:role="http://www.xbrl.org/2003/role/link">
    <link:loc xlink:href="../00364847_entry_point_2011-05-12.xsd#entity00364847_udf_IS_2017112162455225_StatementOfComprehensiveIncomeAbstract" xlink:label="Loc_entity00364847_udf_IS_2017112162455225_StatementOfComprehensiveIncomeAbstract" xlink:type="locator" />
    <link:label xlink:type="resource" xlink:role="http://www.xbrl.org/2003/role/label" xlink:label="Label_label_entity00364847_udf_IS_2017112162455225_StatementOfComprehensiveIncomeAbstract_ko" xml:lang="ko" id="Label_label_entity00364847_udf_IS_2017112162455225_StatementOfComprehensiveIncomeAbstract_ko">영업수익</link:label>
    <link:labelArc xlink:arcrole="http://www.xbrl.org/2003/arcrole/concept-label" xlink:from="Loc_entity00364847_udf_IS_2017112162455225_StatementOfComprehensiveIncomeAbstract" xlink:to="Label_label_entity00364847_udf_IS_2017112162455225_StatementOfComprehensiveIncomeAbstract_ko" xlink:type="arc" />
    <link:label xlink:type="resource" xlink:role="http://www.xbrl.org/2003/role/documentation" xlink:label="Label_entity00364847_udf_IS_2017112162455225_StatementOfComprehensiveIncomeAbstract_ko_doc" xml:lang="ko">
    </link:label>
    <link:labelArc xlink:arcrole="http://www.xbrl.org/2003/arcrole/concept-label" xlink:from="Loc_entity00364847_udf_IS_2017112162455225_StatementOfComprehensiveIncomeAbstract" xlink:to="Label_entity00364847_udf_IS_2017112162455225_StatementOfComprehensiveIncomeAbstract_ko_doc" xlink:type="arc" />
    <link:loc xlink:href="../00364847_entry_point_2011-05-12.xsd#entity00364847_udf_IS_2017112162526145_StatementOfComprehensiveIncomeAbstract" xlink:label="Loc_entity00364847_udf_IS_2017112162526145_StatementOfComprehensiveIncomeAbstract" xlink:type="locator" />
    <link:label xlink:type="resource" xlink:role="http://www.xbrl.org/2003/role/label" xlink:label="Label_label_entity00364847_udf_IS_2017112162526145_StatementOfComprehensiveIncomeAbstract_ko" xml:lang="ko" id="Label_label_entity00364847_udf_IS_2017112162526145_StatementOfComprehensiveIncomeAbstract_ko">영업비용</link:label>
    <link:labelArc xlink:arcrole="http://www.xbrl.org/2003/arcrole/concept-label" xlink:from="Loc_entity00364847_udf_IS_2017112162526145_StatementOfComprehensiveIncomeAbstract" xlink:to="Label_label_entity00364847_udf_IS_2017112162526145_StatementOfComprehensiveIncomeAbstract_ko" xlink:type="arc" />
    <link:label xlink:type="resource" xlink:role="http://www.xbrl.org/2003/role/documentation" xlink:label="Label_entity00364847_udf_IS_2017112162526145_StatementOfComprehensiveIncomeAbstract_ko_doc" xml:lang="ko">
    </link:label>
    <link:labelArc xlink:arcrole="http://www.xbrl.org/2003/arcrole/concept-label" xlink:from="Loc_entity00364847_udf_IS_2017112162526145_StatementOfComprehensiveIncomeAbstract" xlink:to="Label_entity00364847_udf_IS_2017112162526145_StatementOfComprehensiveIncomeAbstract_ko_doc" xlink:type="arc" />
    <link:loc xlink:href="http://dart.fss.or.kr/Resource/Taxonomy/ifrs/2019-10-01/dart_2019-10-01.xsd#dart_OtherGains" xlink:label="Loc_dart_OtherGains" xlink:type="locator" />
    <link:label xlink:type="resource" xlink:role="http://www.xbrl.org/2003/role/label" xlink:label="Label_label_dart_OtherGains_ko" xml:lang="ko" id="Label_label_dart_OtherGains_ko">기타수익</link:label>
    <link:labelArc xlink:arcrole="http://www.xbrl.org/2003/arcrole/concept-label" xlink:from="Loc_dart_OtherGains" xlink:to="Label_label_dart_OtherGains_ko" xlink:type="arc" priority="1" />
    <link:loc xlink:href="http://dart.fss.or.kr/Resource/Taxonomy/ifrs/2019-10-01/dart_2019-10-01.xsd#dart_OtherLosses" xlink:label="Loc_dart_OtherLosses" xlink:type="locator" />
    <link:label xlink:type="resource" xlink:role="http://www.xbrl.org/2003/role/label" xlink:label="Label_label_dart_OtherLosses_ko" xml:lang="ko" id="Label_label_dart_OtherLosses_ko">기타비용</link:label>
    <link:labelArc xlink:arcrole="http://www.xbrl.org/2003/arcrole/concept-label" xlink:from="Loc_dart_OtherLosses" xlink:to="Label_label_dart_OtherLosses_ko" xlink:type="arc" priority="1" />
    <link:loc xlink:href="http://dart.fss.or.kr/Resource/Taxonomy/ifrs/2019-10-01/full_ifrs-cor_2019-03-27.xsd#ifrs-full_FinanceCosts" xlink:label="Loc_ifrs-full_FinanceCosts" xlink:type="locator" />
    <link:label xlink:type="resource" xlink:role="http://www.xbrl.org/2003/role/label" xlink:label="Label_label_ifrs-full_FinanceCosts_ko" xml:lang="ko" id="Label_label_ifrs-full_FinanceCosts_ko">금융비용</link:label>
    <link:labelArc xlink:arcrole="http://www.xbrl.org/2003/arcrole/concept-label" xlink:from="Loc_ifrs-full_FinanceCosts" xlink:to="Label_label_ifrs-full_FinanceCosts_ko" xlink:type="arc" priority="1" />
    <link:loc xlink:href="../00364847_entry_point_2011-05-12.xsd#entity00364847_udf_IS_2017112162753368_OtherComprehensiveIncome" xlink:label="Loc_entity00364847_udf_IS_2017112162753368_OtherComprehensiveIncome" xlink:type="locator" />
    <link:label xlink:type="resource" xlink:role="http://www.xbrl.org/2003/role/label" xlink:label="Label_label_entity00364847_udf_IS_2017112162753368_OtherComprehensiveIncome_ko" xml:lang="ko" id="Label_label_entity00364847_udf_IS_2017112162753368_OtherComprehensiveIncome_ko">금융자산평가손익</link:label>
    <link:labelArc xlink:arcrole="http://www.xbrl.org/2003/arcrole/concept-label" xlink:from="Loc_entity00364847_udf_IS_2017112162753368_OtherComprehensiveIncome" xlink:to="Label_label_entity00364847_udf_IS_2017112162753368_OtherComprehensiveIncome_ko" xlink:type="arc" />
    <link:label xlink:type="resource" xlink:role="http://www.xbrl.org/2003/role/documentation" xlink:label="Label_entity00364847_udf_IS_2017112162753368_OtherComprehensiveIncome_ko_doc" xml:lang="ko">
    </link:label>
    <link:labelArc xlink:arcrole="http://www.xbrl.org/2003/arcrole/concept-label" xlink:from="Loc_entity00364847_udf_IS_2017112162753368_OtherComprehensiveIncome" xlink:to="Label_entity00364847_udf_IS_2017112162753368_OtherComprehensiveIncome_ko_doc" xlink:type="arc" />
    <link:loc xlink:href="../00364847_entry_point_2011-05-12.xsd#entity00364847_udf_IS_2017112105016111_StatementOfComprehensiveIncomeAbstract" xlink:label="Loc_entity00364847_udf_IS_2017112105016111_StatementOfComprehensiveIncomeAbstract" xlink:type="locator" />
    <link:label xlink:type="resource" xlink:role="http://www.xbrl.org/2003/role/label" xlink:label="Label_label_entity00364847_udf_IS_2017112105016111_StatementOfComprehensiveIncomeAbstract_ko" xml:lang="ko" id="Label_label_entity00364847_udf_IS_2017112105016111_StatementOfComprehensiveIncomeAbstract_ko">영업수익</link:label>
    <link:labelArc xlink:arcrole="http://www.xbrl.org/2003/arcrole/concept-label" xlink:from="Loc_entity00364847_udf_IS_2017112105016111_StatementOfComprehensiveIncomeAbstract" xlink:to="Label_label_entity00364847_udf_IS_2017112105016111_StatementOfComprehensiveIncomeAbstract_ko" xlink:type="arc" />
    <link:label xlink:type="resource" xlink:role="http://www.xbrl.org/2003/role/documentation" xlink:label="Label_entity00364847_udf_IS_2017112105016111_StatementOfComprehensiveIncomeAbstract_ko_doc" xml:lang="ko">
    </link:label>
    <link:labelArc xlink:arcrole="http://www.xbrl.org/2003/arcrole/concept-label" xlink:from="Loc_entity00364847_udf_IS_2017112105016111_StatementOfComprehensiveIncomeAbstract" xlink:to="Label_entity00364847_udf_IS_2017112105016111_StatementOfComprehensiveIncomeAbstract_ko_doc" xlink:type="arc" />
    <link:loc xlink:href="../00364847_entry_point_2011-05-12.xsd#entity00364847_udf_IS_201711210523246_StatementOfComprehensiveIncomeAbstract" xlink:label="Loc_entity00364847_udf_IS_201711210523246_StatementOfComprehensiveIncomeAbstract" xlink:type="locator" />
    <link:label xlink:type="resource" xlink:role="http://www.xbrl.org/2003/role/label" xlink:label="Label_label_entity00364847_udf_IS_201711210523246_StatementOfComprehensiveIncomeAbstract_ko" xml:lang="ko" id="Label_label_entity00364847_udf_IS_201711210523246_StatementOfComprehensiveIncomeAbstract_ko">영업비용</link:label>
    <link:labelArc xlink:arcrole="http://www.xbrl.org/2003/arcrole/concept-label" xlink:from="Loc_entity00364847_udf_IS_201711210523246_StatementOfComprehensiveIncomeAbstract" xlink:to="Label_label_entity00364847_udf_IS_201711210523246_StatementOfComprehensiveIncomeAbstract_ko" xlink:type="arc" />
    <link:label xlink:type="resource" xlink:role="http://www.xbrl.org/2003/role/documentation" xlink:label="Label_entity00364847_udf_IS_201711210523246_StatementOfComprehensiveIncomeAbstract_ko_doc" xml:lang="ko">
    </link:label>
    <link:labelArc xlink:arcrole="http://www.xbrl.org/2003/arcrole/concept-label" xlink:from="Loc_entity00364847_udf_IS_201711210523246_StatementOfComprehensiveIncomeAbstract" xlink:to="Label_entity00364847_udf_IS_201711210523246_StatementOfComprehensiveIncomeAbstract_ko_doc" xlink:type="arc" />
    <link:loc xlink:href="../00364847_entry_point_2011-05-12.xsd#entity00364847_udf_IS_20198813181554_StatementOfComprehensiveIncomeAbstract" xlink:label="Loc_entity00364847_udf_IS_20198813181554_StatementOfComprehensiveIncomeAbstract" xlink:type="locator" />
    <link:label xlink:type="resource" xlink:role="http://www.xbrl.org/2003/role/label" xlink:label="Label_label_entity00364847_udf_IS_20198813181554_StatementOfComprehensiveIncomeAbstract_ko" xml:lang="ko" id="Label_label_entity00364847_udf_IS_20198813181554_StatementOfComprehensiveIncomeAbstract_ko">지분법손실</link:label>
    <link:labelArc xlink:arcrole="http://www.xbrl.org/2003/arcrole/concept-label" xlink:from="Loc_entity00364847_udf_IS_20198813181554_StatementOfComprehensiveIncomeAbstract" xlink:to="Label_label_entity00364847_udf_IS_20198813181554_StatementOfComprehensiveIncomeAbstract_ko" xlink:type="arc" />
    <link:label xlink:type="resource" xlink:role="http://www.xbrl.org/2003/role/documentation" xlink:label="Label_entity00364847_udf_IS_20198813181554_StatementOfComprehensiveIncomeAbstract_ko_doc" xml:lang="ko">
    </link:label>
    <link:labelArc xlink:arcrole="http://www.xbrl.org/2003/arcrole/concept-label" xlink:from="Loc_entity00364847_udf_IS_20198813181554_StatementOfComprehensiveIncomeAbstract" xlink:to="Label_entity00364847_udf_IS_20198813181554_StatementOfComprehensiveIncomeAbstract_ko_doc" xlink:type="arc" />
    <link:loc xlink:href="../00364847_entry_point_2011-05-12.xsd#entity00364847_udf_IS_201711211154766_OtherComprehensiveIncome" xlink:label="Loc_entity00364847_udf_IS_201711211154766_OtherComprehensiveIncome" xlink:type="locator" />
    <link:label xlink:type="resource" xlink:role="http://www.xbrl.org/2003/role/label" xlink:label="Label_label_entity00364847_udf_IS_201711211154766_OtherComprehensiveIncome_ko" xml:lang="ko" id="Label_label_entity00364847_udf_IS_201711211154766_OtherComprehensiveIncome_ko">해외환산손익</link:label>
    <link:labelArc xlink:arcrole="http://www.xbrl.org/2003/arcrole/concept-label" xlink:from="Loc_entity00364847_udf_IS_201711211154766_OtherComprehensiveIncome" xlink:to="Label_label_entity00364847_udf_IS_201711211154766_OtherComprehensiveIncome_ko" xlink:type="arc" />
    <link:label xlink:type="resource" xlink:role="http://www.xbrl.org/2003/role/documentation" xlink:label="Label_entity00364847_udf_IS_201711211154766_OtherComprehensiveIncome_ko_doc" xml:lang="ko">
    </link:label>
    <link:labelArc xlink:arcrole="http://www.xbrl.org/2003/arcrole/concept-label" xlink:from="Loc_entity00364847_udf_IS_201711211154766_OtherComprehensiveIncome" xlink:to="Label_entity00364847_udf_IS_201711211154766_OtherComprehensiveIncome_ko_doc" xlink:type="arc" />
    <link:loc xlink:href="../00364847_entry_point_2011-05-12.xsd#entity00364847_udf_IS_201711211230185_OtherComprehensiveIncome" xlink:label="Loc_entity00364847_udf_IS_201711211230185_OtherComprehensiveIncome" xlink:type="locator" />
    <link:label xlink:type="resource" xlink:role="http://www.xbrl.org/2003/role/label" xlink:label="Label_label_entity00364847_udf_IS_201711211230185_OtherComprehensiveIncome_ko" xml:lang="ko" id="Label_label_entity00364847_udf_IS_201711211230185_OtherComprehensiveIncome_ko">매도가능증권평가이익</link:label>
    <link:labelArc xlink:arcrole="http://www.xbrl.org/2003/arcrole/concept-label" xlink:from="Loc_entity00364847_udf_IS_201711211230185_OtherComprehensiveIncome" xlink:to="Label_label_entity00364847_udf_IS_201711211230185_OtherComprehensiveIncome_ko" xlink:type="arc" />
    <link:label xlink:type="resource" xlink:role="http://www.xbrl.org/2003/role/documentation" xlink:label="Label_entity00364847_udf_IS_201711211230185_OtherComprehensiveIncome_ko_doc" xml:lang="ko">
    </link:label>
    <link:labelArc xlink:arcrole="http://www.xbrl.org/2003/arcrole/concept-label" xlink:from="Loc_entity00364847_udf_IS_201711211230185_OtherComprehensiveIncome" xlink:to="Label_entity00364847_udf_IS_201711211230185_OtherComprehensiveIncome_ko_doc" xlink:type="arc" />
    <link:loc xlink:href="../00364847_entry_point_2011-05-12.xsd#entity00364847_udf_CE_2018831608112_StatementOfChangesInEquityLineItems" xlink:label="Loc_entity00364847_udf_CE_2018831608112_StatementOfChangesInEquityLineItems" xlink:type="locator" />
    <link:label xlink:type="resource" xlink:role="http://www.xbrl.org/2003/role/label" xlink:label="Label_label_entity00364847_udf_CE_2018831608112_StatementOfChangesInEquityLineItems_ko" xml:lang="ko" id="Label_label_entity00364847_udf_CE_2018831608112_StatementOfChangesInEquityLineItems_ko">회계변경효과</link:label>
    <link:labelArc xlink:arcrole="http://www.xbrl.org/2003/arcrole/concept-label" xlink:from="Loc_entity00364847_udf_CE_2018831608112_StatementOfChangesInEquityLineItems" xlink:to="Label_label_entity00364847_udf_CE_2018831608112_StatementOfChangesInEquityLineItems_ko" xlink:type="arc" />
    <link:label xlink:type="resource" xlink:role="http://www.xbrl.org/2003/role/documentation" xlink:label="Label_entity00364847_udf_CE_2018831608112_StatementOfChangesInEquityLineItems_ko_doc" xml:lang="ko">
    </link:label>
    <link:labelArc xlink:arcrole="http://www.xbrl.org/2003/arcrole/concept-label" xlink:from="Loc_entity00364847_udf_CE_2018831608112_StatementOfChangesInEquityLineItems" xlink:to="Label_entity00364847_udf_CE_2018831608112_StatementOfChangesInEquityLineItems_ko_doc" xlink:type="arc" />
    <link:loc xlink:href="../00364847_entry_point_2011-05-12.xsd#entity00364847_udf_CE_2018730133153959_OtherComprehensiveIncomeForStatementOfChangesInEquity" xlink:label="Loc_entity00364847_udf_CE_2018730133153959_OtherComprehensiveIncomeForStatementOfChangesInEquity" xlink:type="locator" />
    <link:label xlink:type="resource" xlink:role="http://www.xbrl.org/2003/role/label" xlink:label="Label_label_entity00364847_udf_CE_2018730133153959_OtherComprehensiveIncomeForStatementOfChangesInEquity_ko" xml:lang="ko" id="Label_label_entity00364847_udf_CE_2018730133153959_OtherComprehensiveIncomeForStatementOfChangesInEquity_ko">금융자산평가손익</link:label>
    <link:labelArc xlink:arcrole="http://www.xbrl.org/2003/arcrole/concept-label" xlink:from="Loc_entity00364847_udf_CE_2018730133153959_OtherComprehensiveIncomeForStatementOfChangesInEquity" xlink:to="Label_label_entity00364847_udf_CE_2018730133153959_OtherComprehensiveIncomeForStatementOfChangesInEquity_ko" xlink:type="arc" />
    <link:label xlink:type="resource" xlink:role="http://www.xbrl.org/2003/role/documentation" xlink:label="Label_entity00364847_udf_CE_2018730133153959_OtherComprehensiveIncomeForStatementOfChangesInEquity_ko_doc" xml:lang="ko">
    </link:label>
    <link:labelArc xlink:arcrole="http://www.xbrl.org/2003/arcrole/concept-label" xlink:from="Loc_entity00364847_udf_CE_2018730133153959_OtherComprehensiveIncomeForStatementOfChangesInEquity" xlink:to="Label_entity00364847_udf_CE_2018730133153959_OtherComprehensiveIncomeForStatementOfChangesInEquity_ko_doc" xlink:type="arc" />
    <link:loc xlink:href="../00364847_entry_point_2011-05-12.xsd#entity00364847_udf_CE_2018730133740402_StatementOfChangesInEquityLineItems" xlink:label="Loc_entity00364847_udf_CE_2018730133740402_StatementOfChangesInEquityLineItems" xlink:type="locator" />
    <link:label xlink:type="resource" xlink:role="http://www.xbrl.org/2003/role/label" xlink:label="Label_label_entity00364847_udf_CE_2018730133740402_StatementOfChangesInEquityLineItems_ko" xml:lang="ko" id="Label_label_entity00364847_udf_CE_2018730133740402_StatementOfChangesInEquityLineItems_ko">자기주식 매입</link:label>
    <link:labelArc xlink:arcrole="http://www.xbrl.org/2003/arcrole/concept-label" xlink:from="Loc_entity00364847_udf_CE_2018730133740402_StatementOfChangesInEquityLineItems" xlink:to="Label_label_entity00364847_udf_CE_2018730133740402_StatementOfChangesInEquityLineItems_ko" xlink:type="arc" />
    <link:label xlink:type="resource" xlink:role="http://www.xbrl.org/2003/role/documentation" xlink:label="Label_entity00364847_udf_CE_2018730133740402_StatementOfChangesInEquityLineItems_ko_doc" xml:lang="ko">
    </link:label>
    <link:labelArc xlink:arcrole="http://www.xbrl.org/2003/arcrole/concept-label" xlink:from="Loc_entity00364847_udf_CE_2018730133740402_StatementOfChangesInEquityLineItems" xlink:to="Label_entity00364847_udf_CE_2018730133740402_StatementOfChangesInEquityLineItems_ko_doc" xlink:type="arc" />
    <link:loc xlink:href="http://dart.fss.or.kr/Resource/Taxonomy/ifrs/2019-10-01/dart_2019-10-01.xsd#dart_ChangesInConsolidatedCompanies" xlink:label="Loc_dart_ChangesInConsolidatedCompanies" xlink:type="locator" />
    <link:label xlink:type="resource" xlink:role="http://www.xbrl.org/2003/role/label" xlink:label="Label_label_dart_ChangesInConsolidatedCompanies_ko" xml:lang="ko" id="Label_label_dart_ChangesInConsolidatedCompanies_ko">기타</link:label>
    <link:labelArc xlink:arcrole="http://www.xbrl.org/2003/arcrole/concept-label" xlink:from="Loc_dart_ChangesInConsolidatedCompanies" xlink:to="Label_label_dart_ChangesInConsolidatedCompanies_ko" xlink:type="arc" priority="1" />
    <link:loc xlink:href="../00364847_entry_point_2011-05-12.xsd#entity00364847_udf_CE_201887174436413_StatementOfChangesInEquityLineItems" xlink:label="Loc_entity00364847_udf_CE_201887174436413_StatementOfChangesInEquityLineItems" xlink:type="locator" />
    <link:label xlink:type="resource" xlink:role="http://www.xbrl.org/2003/role/label" xlink:label="Label_label_entity00364847_udf_CE_201887174436413_StatementOfChangesInEquityLineItems_ko" xml:lang="ko" id="Label_label_entity00364847_udf_CE_201887174436413_StatementOfChangesInEquityLineItems_ko">회계변경효과</link:label>
    <link:labelArc xlink:arcrole="http://www.xbrl.org/2003/arcrole/concept-label" xlink:from="Loc_entity00364847_udf_CE_201887174436413_StatementOfChangesInEquityLineItems" xlink:to="Label_label_entity00364847_udf_CE_201887174436413_StatementOfChangesInEquityLineItems_ko" xlink:type="arc" />
    <link:label xlink:type="resource" xlink:role="http://www.xbrl.org/2003/role/documentation" xlink:label="Label_entity00364847_udf_CE_201887174436413_StatementOfChangesInEquityLineItems_ko_doc" xml:lang="ko">
    </link:label>
    <link:labelArc xlink:arcrole="http://www.xbrl.org/2003/arcrole/concept-label" xlink:from="Loc_entity00364847_udf_CE_201887174436413_StatementOfChangesInEquityLineItems" xlink:to="Label_entity00364847_udf_CE_201887174436413_StatementOfChangesInEquityLineItems_ko_doc" xlink:type="arc" />
    <link:loc xlink:href="../00364847_entry_point_2011-05-12.xsd#entity00364847_udf_CE_201883161750909_OtherComprehensiveIncomeForStatementOfChangesInEquity" xlink:label="Loc_entity00364847_udf_CE_201883161750909_OtherComprehensiveIncomeForStatementOfChangesInEquity" xlink:type="locator" />
    <link:label xlink:type="resource" xlink:role="http://www.xbrl.org/2003/role/label" xlink:label="Label_label_entity00364847_udf_CE_201883161750909_OtherComprehensiveIncomeForStatementOfChangesInEquity_ko" xml:lang="ko" id="Label_label_entity00364847_udf_CE_201883161750909_OtherComprehensiveIncomeForStatementOfChangesInEquity_ko">해외사업환산손익</link:label>
    <link:labelArc xlink:arcrole="http://www.xbrl.org/2003/arcrole/concept-label" xlink:from="Loc_entity00364847_udf_CE_201883161750909_OtherComprehensiveIncomeForStatementOfChangesInEquity" xlink:to="Label_label_entity00364847_udf_CE_201883161750909_OtherComprehensiveIncomeForStatementOfChangesInEquity_ko" xlink:type="arc" />
    <link:label xlink:type="resource" xlink:role="http://www.xbrl.org/2003/role/documentation" xlink:label="Label_entity00364847_udf_CE_201883161750909_OtherComprehensiveIncomeForStatementOfChangesInEquity_ko_doc" xml:lang="ko">
    </link:label>
    <link:labelArc xlink:arcrole="http://www.xbrl.org/2003/arcrole/concept-label" xlink:from="Loc_entity00364847_udf_CE_201883161750909_OtherComprehensiveIncomeForStatementOfChangesInEquity" xlink:to="Label_entity00364847_udf_CE_201883161750909_OtherComprehensiveIncomeForStatementOfChangesInEquity_ko_doc" xlink:type="arc" />
    <link:loc xlink:href="../00364847_entry_point_2011-05-12.xsd#entity00364847_udf_CE_20188316185979_OtherComprehensiveIncomeForStatementOfChangesInEquity" xlink:label="Loc_entity00364847_udf_CE_20188316185979_OtherComprehensiveIncomeForStatementOfChangesInEquity" xlink:type="locator" />
    <link:label xlink:type="resource" xlink:role="http://www.xbrl.org/2003/role/label" xlink:label="Label_label_entity00364847_udf_CE_20188316185979_OtherComprehensiveIncomeForStatementOfChangesInEquity_ko" xml:lang="ko" id="Label_label_entity00364847_udf_CE_20188316185979_OtherComprehensiveIncomeForStatementOfChangesInEquity_ko">금융자산평가손익</link:label>
    <link:labelArc xlink:arcrole="http://www.xbrl.org/2003/arcrole/concept-label" xlink:from="Loc_entity00364847_udf_CE_20188316185979_OtherComprehensiveIncomeForStatementOfChangesInEquity" xlink:to="Label_label_entity00364847_udf_CE_20188316185979_OtherComprehensiveIncomeForStatementOfChangesInEquity_ko" xlink:type="arc" />
    <link:label xlink:type="resource" xlink:role="http://www.xbrl.org/2003/role/documentation" xlink:label="Label_entity00364847_udf_CE_20188316185979_OtherComprehensiveIncomeForStatementOfChangesInEquity_ko_doc" xml:lang="ko">
    </link:label>
    <link:labelArc xlink:arcrole="http://www.xbrl.org/2003/arcrole/concept-label" xlink:from="Loc_entity00364847_udf_CE_20188316185979_OtherComprehensiveIncomeForStatementOfChangesInEquity" xlink:to="Label_entity00364847_udf_CE_20188316185979_OtherComprehensiveIncomeForStatementOfChangesInEquity_ko_doc" xlink:type="arc" />
    <link:loc xlink:href="../00364847_entry_point_2011-05-12.xsd#entity00364847_udf_CF_2017112164840599_AdjustmentsForReconcileProfitLoss" xlink:label="Loc_entity00364847_udf_CF_2017112164840599_AdjustmentsForReconcileProfitLoss" xlink:type="locator" />
    <link:label xlink:type="resource" xlink:role="http://www.xbrl.org/2003/role/label" xlink:label="Label_label_entity00364847_udf_CF_2017112164840599_AdjustmentsForReconcileProfitLoss_ko" xml:lang="ko" id="Label_label_entity00364847_udf_CF_2017112164840599_AdjustmentsForReconcileProfitLoss_ko">기타비용</link:label>
    <link:labelArc xlink:arcrole="http://www.xbrl.org/2003/arcrole/concept-label" xlink:from="Loc_entity00364847_udf_CF_2017112164840599_AdjustmentsForReconcileProfitLoss" xlink:to="Label_label_entity00364847_udf_CF_2017112164840599_AdjustmentsForReconcileProfitLoss_ko" xlink:type="arc" />
    <link:label xlink:type="resource" xlink:role="http://www.xbrl.org/2003/role/documentation" xlink:label="Label_entity00364847_udf_CF_2017112164840599_AdjustmentsForReconcileProfitLoss_ko_doc" xml:lang="ko">
    </link:label>
    <link:labelArc xlink:arcrole="http://www.xbrl.org/2003/arcrole/concept-label" xlink:from="Loc_entity00364847_udf_CF_2017112164840599_AdjustmentsForReconcileProfitLoss" xlink:to="Label_entity00364847_udf_CF_2017112164840599_AdjustmentsForReconcileProfitLoss_ko_doc" xlink:type="arc" />
    <link:loc xlink:href="../00364847_entry_point_2011-05-12.xsd#entity00364847_udf_CF_2017112165059430_AdjustmentsForAssetsLiabilitiesOfOperatingActivities" xlink:label="Loc_entity00364847_udf_CF_2017112165059430_AdjustmentsForAssetsLiabilitiesOfOperatingActivities" xlink:type="locator" />
    <link:label xlink:type="resource" xlink:role="http://www.xbrl.org/2003/role/label" xlink:label="Label_label_entity00364847_udf_CF_2017112165059430_AdjustmentsForAssetsLiabilitiesOfOperatingActivities_ko" xml:lang="ko" id="Label_label_entity00364847_udf_CF_2017112165059430_AdjustmentsForAssetsLiabilitiesOfOperatingActivities_ko">기타채권의 증가</link:label>
    <link:labelArc xlink:arcrole="http://www.xbrl.org/2003/arcrole/concept-label" xlink:from="Loc_entity00364847_udf_CF_2017112165059430_AdjustmentsForAssetsLiabilitiesOfOperatingActivities" xlink:to="Label_label_entity00364847_udf_CF_2017112165059430_AdjustmentsForAssetsLiabilitiesOfOperatingActivities_ko" xlink:type="arc" />
    <link:label xlink:type="resource" xlink:role="http://www.xbrl.org/2003/role/documentation" xlink:label="Label_entity00364847_udf_CF_2017112165059430_AdjustmentsForAssetsLiabilitiesOfOperatingActivities_ko_doc" xml:lang="ko">
    </link:label>
    <link:labelArc xlink:arcrole="http://www.xbrl.org/2003/arcrole/concept-label" xlink:from="Loc_entity00364847_udf_CF_2017112165059430_AdjustmentsForAssetsLiabilitiesOfOperatingActivities" xlink:to="Label_entity00364847_udf_CF_2017112165059430_AdjustmentsForAssetsLiabilitiesOfOperatingActivities_ko_doc" xlink:type="arc" />
    <link:loc xlink:href="../00364847_entry_point_2011-05-12.xsd#entity00364847_udf_CF_2017112165124301_AdjustmentsForAssetsLiabilitiesOfOperatingActivities" xlink:label="Loc_entity00364847_udf_CF_2017112165124301_AdjustmentsForAssetsLiabilitiesOfOperatingActivities" xlink:type="locator" />
    <link:label xlink:type="resource" xlink:role="http://www.xbrl.org/2003/role/label" xlink:label="Label_label_entity00364847_udf_CF_2017112165124301_AdjustmentsForAssetsLiabilitiesOfOperatingActivities_ko" xml:lang="ko" id="Label_label_entity00364847_udf_CF_2017112165124301_AdjustmentsForAssetsLiabilitiesOfOperatingActivities_ko">기타채무의 증가</link:label>
    <link:labelArc xlink:arcrole="http://www.xbrl.org/2003/arcrole/concept-label" xlink:from="Loc_entity00364847_udf_CF_2017112165124301_AdjustmentsForAssetsLiabilitiesOfOperatingActivities" xlink:to="Label_label_entity00364847_udf_CF_2017112165124301_AdjustmentsForAssetsLiabilitiesOfOperatingActivities_ko" xlink:type="arc" />
    <link:label xlink:type="resource" xlink:role="http://www.xbrl.org/2003/role/documentation" xlink:label="Label_entity00364847_udf_CF_2017112165124301_AdjustmentsForAssetsLiabilitiesOfOperatingActivities_ko_doc" xml:lang="ko">
    </link:label>
    <link:labelArc xlink:arcrole="http://www.xbrl.org/2003/arcrole/concept-label" xlink:from="Loc_entity00364847_udf_CF_2017112165124301_AdjustmentsForAssetsLiabilitiesOfOperatingActivities" xlink:to="Label_entity00364847_udf_CF_2017112165124301_AdjustmentsForAssetsLiabilitiesOfOperatingActivities_ko_doc" xlink:type="arc" />
    <link:loc xlink:href="http://dart.fss.or.kr/Resource/Taxonomy/ifrs/2019-10-01/full_ifrs-cor_2019-03-27.xsd#ifrs-full_InterestReceivedClassifiedAsOperatingActivities" xlink:label="Loc_ifrs-full_InterestReceivedClassifiedAsOperatingActivities" xlink:type="locator" />
    <link:label xlink:type="resource" xlink:role="http://www.xbrl.org/2003/role/terseLabel" xlink:label="Label_terseLabel_ifrs-full_InterestReceivedClassifiedAsOperatingActivities_ko" xml:lang="ko" id="Label_terseLabel_ifrs-full_InterestReceivedClassifiedAsOperatingActivities_ko">이자수취</link:label>
    <link:labelArc xlink:arcrole="http://www.xbrl.org/2003/arcrole/concept-label" xlink:from="Loc_ifrs-full_InterestReceivedClassifiedAsOperatingActivities" xlink:to="Label_terseLabel_ifrs-full_InterestReceivedClassifiedAsOperatingActivities_ko" xlink:type="arc" priority="1" />
    <link:loc xlink:href="http://dart.fss.or.kr/Resource/Taxonomy/ifrs/2019-10-01/full_ifrs-cor_2019-03-27.xsd#ifrs-full_InterestPaidClassifiedAsOperatingActivities" xlink:label="Loc_ifrs-full_InterestPaidClassifiedAsOperatingActivities" xlink:type="locator" />
    <link:label xlink:type="resource" xlink:role="http://www.xbrl.org/2009/role/negatedTerseLabel" xlink:label="Label_negatedTerseLabel_ifrs-full_InterestPaidClassifiedAsOperatingActivities_ko" xml:lang="ko" id="Label_negatedTerseLabel_ifrs-full_InterestPaidClassifiedAsOperatingActivities_ko">이자지급</link:label>
    <link:labelArc xlink:arcrole="http://www.xbrl.org/2003/arcrole/concept-label" xlink:from="Loc_ifrs-full_InterestPaidClassifiedAsOperatingActivities" xlink:to="Label_negatedTerseLabel_ifrs-full_InterestPaidClassifiedAsOperatingActivities_ko" xlink:type="arc" priority="1" />
    <link:loc xlink:href="../00364847_entry_point_2011-05-12.xsd#entity00364847_udf_CF_2017112165340909_CashFlowsFromUsedInInvestingActivities" xlink:label="Loc_entity00364847_udf_CF_2017112165340909_CashFlowsFromUsedInInvestingActivities" xlink:type="locator" />
    <link:label xlink:type="resource" xlink:role="http://www.xbrl.org/2003/role/label" xlink:label="Label_label_entity00364847_udf_CF_2017112165340909_CashFlowsFromUsedInInvestingActivities_ko" xml:lang="ko" id="Label_label_entity00364847_udf_CF_2017112165340909_CashFlowsFromUsedInInvestingActivities_ko">금융기관예치금의 감소</link:label>
    <link:labelArc xlink:arcrole="http://www.xbrl.org/2003/arcrole/concept-label" xlink:from="Loc_entity00364847_udf_CF_2017112165340909_CashFlowsFromUsedInInvestingActivities" xlink:to="Label_label_entity00364847_udf_CF_2017112165340909_CashFlowsFromUsedInInvestingActivities_ko" xlink:type="arc" />
    <link:label xlink:type="resource" xlink:role="http://www.xbrl.org/2003/role/documentation" xlink:label="Label_entity00364847_udf_CF_2017112165340909_CashFlowsFromUsedInInvestingActivities_ko_doc" xml:lang="ko">
    </link:label>
    <link:labelArc xlink:arcrole="http://www.xbrl.org/2003/arcrole/concept-label" xlink:from="Loc_entity00364847_udf_CF_2017112165340909_CashFlowsFromUsedInInvestingActivities" xlink:to="Label_entity00364847_udf_CF_2017112165340909_CashFlowsFromUsedInInvestingActivities_ko_doc" xlink:type="arc" />
    <link:loc xlink:href="../00364847_entry_point_2011-05-12.xsd#entity00364847_udf_CF_20188716251414_CashFlowsFromUsedInInvestingActivities" xlink:label="Loc_entity00364847_udf_CF_20188716251414_CashFlowsFromUsedInInvestingActivities" xlink:type="locator" />
    <link:label xlink:type="resource" xlink:role="http://www.xbrl.org/2003/role/label" xlink:label="Label_label_entity00364847_udf_CF_20188716251414_CashFlowsFromUsedInInvestingActivities_ko" xml:lang="ko" id="Label_label_entity00364847_udf_CF_20188716251414_CashFlowsFromUsedInInvestingActivities_ko">금융기관예치금의 증가</link:label>
    <link:labelArc xlink:arcrole="http://www.xbrl.org/2003/arcrole/concept-label" xlink:from="Loc_entity00364847_udf_CF_20188716251414_CashFlowsFromUsedInInvestingActivities" xlink:to="Label_label_entity00364847_udf_CF_20188716251414_CashFlowsFromUsedInInvestingActivities_ko" xlink:type="arc" />
    <link:label xlink:type="resource" xlink:role="http://www.xbrl.org/2003/role/documentation" xlink:label="Label_entity00364847_udf_CF_20188716251414_CashFlowsFromUsedInInvestingActivities_ko_doc" xml:lang="ko">
    </link:label>
    <link:labelArc xlink:arcrole="http://www.xbrl.org/2003/arcrole/concept-label" xlink:from="Loc_entity00364847_udf_CF_20188716251414_CashFlowsFromUsedInInvestingActivities" xlink:to="Label_entity00364847_udf_CF_20188716251414_CashFlowsFromUsedInInvestingActivities_ko_doc" xlink:type="arc" />
    <link:loc xlink:href="http://dart.fss.or.kr/Resource/Taxonomy/ifrs/2019-10-01/dart_2019-10-01.xsd#dart_ProceedsFromSalesOfFairValueFinancialAsset" xlink:label="Loc_dart_ProceedsFromSalesOfFairValueFinancialAsset" xlink:type="locator" />
    <link:label xlink:type="resource" xlink:role="http://www.xbrl.org/2003/role/label" xlink:label="Label_label_dart_ProceedsFromSalesOfFairValueFinancialAsset_ko" xml:lang="ko" id="Label_label_dart_ProceedsFromSalesOfFairValueFinancialAsset_ko">금융기관예치금의 감소</link:label>
    <link:labelArc xlink:arcrole="http://www.xbrl.org/2003/arcrole/concept-label" xlink:from="Loc_dart_ProceedsFromSalesOfFairValueFinancialAsset" xlink:to="Label_label_dart_ProceedsFromSalesOfFairValueFinancialAsset_ko" xlink:type="arc" priority="1" />
    <link:loc xlink:href="http://dart.fss.or.kr/Resource/Taxonomy/ifrs/2019-10-01/full_ifrs-cor_2019-03-27.xsd#ifrs-full_ProceedsFromIssuingShares" xlink:label="Loc_ifrs-full_ProceedsFromIssuingShares" xlink:type="locator" />
    <link:label xlink:type="resource" xlink:role="http://www.xbrl.org/2003/role/label" xlink:label="Label_label_ifrs-full_ProceedsFromIssuingShares_ko" xml:lang="ko" id="Label_label_ifrs-full_ProceedsFromIssuingShares_ko">종속기업의 유상증자</link:label>
    <link:labelArc xlink:arcrole="http://www.xbrl.org/2003/arcrole/concept-label" xlink:from="Loc_ifrs-full_ProceedsFromIssuingShares" xlink:to="Label_label_ifrs-full_ProceedsFromIssuingShares_ko" xlink:type="arc" priority="1" />
    <link:loc xlink:href="../00364847_entry_point_2011-05-12.xsd#entity00364847_udf_CF_2017112134529932_AdjustmentsForReconcileProfitLoss" xlink:label="Loc_entity00364847_udf_CF_2017112134529932_AdjustmentsForReconcileProfitLoss" xlink:type="locator" />
    <link:label xlink:type="resource" xlink:role="http://www.xbrl.org/2003/role/label" xlink:label="Label_label_entity00364847_udf_CF_2017112134529932_AdjustmentsForReconcileProfitLoss_ko" xml:lang="ko" id="Label_label_entity00364847_udf_CF_2017112134529932_AdjustmentsForReconcileProfitLoss_ko">기타비용</link:label>
    <link:labelArc xlink:arcrole="http://www.xbrl.org/2003/arcrole/concept-label" xlink:from="Loc_entity00364847_udf_CF_2017112134529932_AdjustmentsForReconcileProfitLoss" xlink:to="Label_label_entity00364847_udf_CF_2017112134529932_AdjustmentsForReconcileProfitLoss_ko" xlink:type="arc" />
    <link:label xlink:type="resource" xlink:role="http://www.xbrl.org/2003/role/documentation" xlink:label="Label_entity00364847_udf_CF_2017112134529932_AdjustmentsForReconcileProfitLoss_ko_doc" xml:lang="ko">
    </link:label>
    <link:labelArc xlink:arcrole="http://www.xbrl.org/2003/arcrole/concept-label" xlink:from="Loc_entity00364847_udf_CF_2017112134529932_AdjustmentsForReconcileProfitLoss" xlink:to="Label_entity00364847_udf_CF_2017112134529932_AdjustmentsForReconcileProfitLoss_ko_doc" xlink:type="arc" />
    <link:loc xlink:href="../00364847_entry_point_2011-05-12.xsd#entity00364847_udf_CF_2017112135020947_AdjustmentsForAssetsLiabilitiesOfOperatingActivities" xlink:label="Loc_entity00364847_udf_CF_2017112135020947_AdjustmentsForAssetsLiabilitiesOfOperatingActivities" xlink:type="locator" />
    <link:label xlink:type="resource" xlink:role="http://www.xbrl.org/2003/role/label" xlink:label="Label_label_entity00364847_udf_CF_2017112135020947_AdjustmentsForAssetsLiabilitiesOfOperatingActivities_ko" xml:lang="ko" id="Label_label_entity00364847_udf_CF_2017112135020947_AdjustmentsForAssetsLiabilitiesOfOperatingActivities_ko">기타채권의 감소(증가)</link:label>
    <link:labelArc xlink:arcrole="http://www.xbrl.org/2003/arcrole/concept-label" xlink:from="Loc_entity00364847_udf_CF_2017112135020947_AdjustmentsForAssetsLiabilitiesOfOperatingActivities" xlink:to="Label_label_entity00364847_udf_CF_2017112135020947_AdjustmentsForAssetsLiabilitiesOfOperatingActivities_ko" xlink:type="arc" />
    <link:label xlink:type="resource" xlink:role="http://www.xbrl.org/2003/role/documentation" xlink:label="Label_entity00364847_udf_CF_2017112135020947_AdjustmentsForAssetsLiabilitiesOfOperatingActivities_ko_doc" xml:lang="ko">
    </link:label>
    <link:labelArc xlink:arcrole="http://www.xbrl.org/2003/arcrole/concept-label" xlink:from="Loc_entity00364847_udf_CF_2017112135020947_AdjustmentsForAssetsLiabilitiesOfOperatingActivities" xlink:to="Label_entity00364847_udf_CF_2017112135020947_AdjustmentsForAssetsLiabilitiesOfOperatingActivities_ko_doc" xlink:type="arc" />
    <link:loc xlink:href="../00364847_entry_point_2011-05-12.xsd#entity00364847_udf_CF_2017112135148601_AdjustmentsForAssetsLiabilitiesOfOperatingActivities" xlink:label="Loc_entity00364847_udf_CF_2017112135148601_AdjustmentsForAssetsLiabilitiesOfOperatingActivities" xlink:type="locator" />
    <link:label xlink:type="resource" xlink:role="http://www.xbrl.org/2003/role/label" xlink:label="Label_label_entity00364847_udf_CF_2017112135148601_AdjustmentsForAssetsLiabilitiesOfOperatingActivities_ko" xml:lang="ko" id="Label_label_entity00364847_udf_CF_2017112135148601_AdjustmentsForAssetsLiabilitiesOfOperatingActivities_ko">기타채무의 증가(감소)</link:label>
    <link:labelArc xlink:arcrole="http://www.xbrl.org/2003/arcrole/concept-label" xlink:from="Loc_entity00364847_udf_CF_2017112135148601_AdjustmentsForAssetsLiabilitiesOfOperatingActivities" xlink:to="Label_label_entity00364847_udf_CF_2017112135148601_AdjustmentsForAssetsLiabilitiesOfOperatingActivities_ko" xlink:type="arc" />
    <link:label xlink:type="resource" xlink:role="http://www.xbrl.org/2003/role/documentation" xlink:label="Label_entity00364847_udf_CF_2017112135148601_AdjustmentsForAssetsLiabilitiesOfOperatingActivities_ko_doc" xml:lang="ko">
    </link:label>
    <link:labelArc xlink:arcrole="http://www.xbrl.org/2003/arcrole/concept-label" xlink:from="Loc_entity00364847_udf_CF_2017112135148601_AdjustmentsForAssetsLiabilitiesOfOperatingActivities" xlink:to="Label_entity00364847_udf_CF_2017112135148601_AdjustmentsForAssetsLiabilitiesOfOperatingActivities_ko_doc" xlink:type="arc" />
    <link:loc xlink:href="../00364847_entry_point_2011-05-12.xsd#entity00364847_udf_CF_201711214525996_CashFlowsFromUsedInInvestingActivities" xlink:label="Loc_entity00364847_udf_CF_201711214525996_CashFlowsFromUsedInInvestingActivities" xlink:type="locator" />
    <link:label xlink:type="resource" xlink:role="http://www.xbrl.org/2003/role/label" xlink:label="Label_label_entity00364847_udf_CF_201711214525996_CashFlowsFromUsedInInvestingActivities_ko" xml:lang="ko" id="Label_label_entity00364847_udf_CF_201711214525996_CashFlowsFromUsedInInvestingActivities_ko">금융기관예치금의 증가</link:label>
    <link:labelArc xlink:arcrole="http://www.xbrl.org/2003/arcrole/concept-label" xlink:from="Loc_entity00364847_udf_CF_201711214525996_CashFlowsFromUsedInInvestingActivities" xlink:to="Label_label_entity00364847_udf_CF_201711214525996_CashFlowsFromUsedInInvestingActivities_ko" xlink:type="arc" />
    <link:label xlink:type="resource" xlink:role="http://www.xbrl.org/2003/role/documentation" xlink:label="Label_entity00364847_udf_CF_201711214525996_CashFlowsFromUsedInInvestingActivities_ko_doc" xml:lang="ko">
    </link:label>
    <link:labelArc xlink:arcrole="http://www.xbrl.org/2003/arcrole/concept-label" xlink:from="Loc_entity00364847_udf_CF_201711214525996_CashFlowsFromUsedInInvestingActivities" xlink:to="Label_entity00364847_udf_CF_201711214525996_CashFlowsFromUsedInInvestingActivities_ko_doc" xlink:type="arc" />
    <link:loc xlink:href="../00364847_entry_point_2011-05-12.xsd#entity00364847_udf_BS_2017112145230505_CurrentAssets" xlink:label="Loc_entity00364847_udf_BS_2017112145230505_CurrentAssets" xlink:type="locator" />
    <link:label xlink:type="resource" xlink:role="http://www.xbrl.org/2003/role/label" xlink:label="Label_label_entity00364847_udf_BS_2017112145230505_CurrentAssets_ko" xml:lang="ko" id="Label_label_entity00364847_udf_BS_2017112145230505_CurrentAssets_ko">금융기관예치금</link:label>
    <link:labelArc xlink:arcrole="http://www.xbrl.org/2003/arcrole/concept-label" xlink:from="Loc_entity00364847_udf_BS_2017112145230505_CurrentAssets" xlink:to="Label_label_entity00364847_udf_BS_2017112145230505_CurrentAssets_ko" xlink:type="arc" />
    <link:label xlink:type="resource" xlink:role="http://www.xbrl.org/2003/role/documentation" xlink:label="Label_entity00364847_udf_BS_2017112145230505_CurrentAssets_ko_doc" xml:lang="ko">
    </link:label>
    <link:labelArc xlink:arcrole="http://www.xbrl.org/2003/arcrole/concept-label" xlink:from="Loc_entity00364847_udf_BS_2017112145230505_CurrentAssets" xlink:to="Label_entity00364847_udf_BS_2017112145230505_CurrentAssets_ko_doc" xlink:type="arc" />
    <link:loc xlink:href="../00364847_entry_point_2011-05-12.xsd#entity00364847_udf_BS_20183810154065_CurrentAssets" xlink:label="Loc_entity00364847_udf_BS_20183810154065_CurrentAssets" xlink:type="locator" />
    <link:label xlink:type="resource" xlink:role="http://www.xbrl.org/2003/role/label" xlink:label="Label_label_entity00364847_udf_BS_20183810154065_CurrentAssets_ko" xml:lang="ko" id="Label_label_entity00364847_udf_BS_20183810154065_CurrentAssets_ko">기타채권</link:label>
    <link:labelArc xlink:arcrole="http://www.xbrl.org/2003/arcrole/concept-label" xlink:from="Loc_entity00364847_udf_BS_20183810154065_CurrentAssets" xlink:to="Label_label_entity00364847_udf_BS_20183810154065_CurrentAssets_ko" xlink:type="arc" />
    <link:label xlink:type="resource" xlink:role="http://www.xbrl.org/2003/role/documentation" xlink:label="Label_entity00364847_udf_BS_20183810154065_CurrentAssets_ko_doc" xml:lang="ko">
    </link:label>
    <link:labelArc xlink:arcrole="http://www.xbrl.org/2003/arcrole/concept-label" xlink:from="Loc_entity00364847_udf_BS_20183810154065_CurrentAssets" xlink:to="Label_entity00364847_udf_BS_20183810154065_CurrentAssets_ko_doc" xlink:type="arc" />
    <link:loc xlink:href="../00364847_entry_point_2011-05-12.xsd#entity00364847_udf_BS_2017112161543876_NoncurrentAssets" xlink:label="Loc_entity00364847_udf_BS_2017112161543876_NoncurrentAssets" xlink:type="locator" />
    <link:label xlink:type="resource" xlink:role="http://www.xbrl.org/2003/role/label" xlink:label="Label_label_entity00364847_udf_BS_2017112161543876_NoncurrentAssets_ko" xml:lang="ko" id="Label_label_entity00364847_udf_BS_2017112161543876_NoncurrentAssets_ko">무형자산</link:label>
    <link:labelArc xlink:arcrole="http://www.xbrl.org/2003/arcrole/concept-label" xlink:from="Loc_entity00364847_udf_BS_2017112161543876_NoncurrentAssets" xlink:to="Label_label_entity00364847_udf_BS_2017112161543876_NoncurrentAssets_ko" xlink:type="arc" />
    <link:label xlink:type="resource" xlink:role="http://www.xbrl.org/2003/role/documentation" xlink:label="Label_entity00364847_udf_BS_2017112161543876_NoncurrentAssets_ko_doc" xml:lang="ko">
    </link:label>
    <link:labelArc xlink:arcrole="http://www.xbrl.org/2003/arcrole/concept-label" xlink:from="Loc_entity00364847_udf_BS_2017112161543876_NoncurrentAssets" xlink:to="Label_entity00364847_udf_BS_2017112161543876_NoncurrentAssets_ko_doc" xlink:type="arc" />
    <link:loc xlink:href="../00364847_entry_point_2011-05-12.xsd#entity00364847_udf_BS_2017112161629437_CurrentLiabilities" xlink:label="Loc_entity00364847_udf_BS_2017112161629437_CurrentLiabilities" xlink:type="locator" />
    <link:label xlink:type="resource" xlink:role="http://www.xbrl.org/2003/role/label" xlink:label="Label_label_entity00364847_udf_BS_2017112161629437_CurrentLiabilities_ko" xml:lang="ko" id="Label_label_entity00364847_udf_BS_2017112161629437_CurrentLiabilities_ko">매입채무</link:label>
    <link:labelArc xlink:arcrole="http://www.xbrl.org/2003/arcrole/concept-label" xlink:from="Loc_entity00364847_udf_BS_2017112161629437_CurrentLiabilities" xlink:to="Label_label_entity00364847_udf_BS_2017112161629437_CurrentLiabilities_ko" xlink:type="arc" />
    <link:label xlink:type="resource" xlink:role="http://www.xbrl.org/2003/role/documentation" xlink:label="Label_entity00364847_udf_BS_2017112161629437_CurrentLiabilities_ko_doc" xml:lang="ko">
    </link:label>
    <link:labelArc xlink:arcrole="http://www.xbrl.org/2003/arcrole/concept-label" xlink:from="Loc_entity00364847_udf_BS_2017112161629437_CurrentLiabilities" xlink:to="Label_entity00364847_udf_BS_2017112161629437_CurrentLiabilities_ko_doc" xlink:type="arc" />
    <link:loc xlink:href="../00364847_entry_point_2011-05-12.xsd#entity00364847_udf_BS_2017112161646357_CurrentLiabilities" xlink:label="Loc_entity00364847_udf_BS_2017112161646357_CurrentLiabilities" xlink:type="locator" />
    <link:label xlink:type="resource" xlink:role="http://www.xbrl.org/2003/role/label" xlink:label="Label_label_entity00364847_udf_BS_2017112161646357_CurrentLiabilities_ko" xml:lang="ko" id="Label_label_entity00364847_udf_BS_2017112161646357_CurrentLiabilities_ko">기타채무</link:label>
    <link:labelArc xlink:arcrole="http://www.xbrl.org/2003/arcrole/concept-label" xlink:from="Loc_entity00364847_udf_BS_2017112161646357_CurrentLiabilities" xlink:to="Label_label_entity00364847_udf_BS_2017112161646357_CurrentLiabilities_ko" xlink:type="arc" />
    <link:label xlink:type="resource" xlink:role="http://www.xbrl.org/2003/role/documentation" xlink:label="Label_entity00364847_udf_BS_2017112161646357_CurrentLiabilities_ko_doc" xml:lang="ko">
    </link:label>
    <link:labelArc xlink:arcrole="http://www.xbrl.org/2003/arcrole/concept-label" xlink:from="Loc_entity00364847_udf_BS_2017112161646357_CurrentLiabilities" xlink:to="Label_entity00364847_udf_BS_2017112161646357_CurrentLiabilities_ko_doc" xlink:type="arc" />
    <link:loc xlink:href="../00364847_entry_point_2011-05-12.xsd#entity00364847_udf_BS_2017112161653451_CurrentLiabilities" xlink:label="Loc_entity00364847_udf_BS_2017112161653451_CurrentLiabilities" xlink:type="locator" />
    <link:label xlink:type="resource" xlink:role="http://www.xbrl.org/2003/role/label" xlink:label="Label_label_entity00364847_udf_BS_2017112161653451_CurrentLiabilities_ko" xml:lang="ko" id="Label_label_entity00364847_udf_BS_2017112161653451_CurrentLiabilities_ko">충당부채</link:label>
    <link:labelArc xlink:arcrole="http://www.xbrl.org/2003/arcrole/concept-label" xlink:from="Loc_entity00364847_udf_BS_2017112161653451_CurrentLiabilities" xlink:to="Label_label_entity00364847_udf_BS_2017112161653451_CurrentLiabilities_ko" xlink:type="arc" />
    <link:label xlink:type="resource" xlink:role="http://www.xbrl.org/2003/role/documentation" xlink:label="Label_entity00364847_udf_BS_2017112161653451_CurrentLiabilities_ko_doc" xml:lang="ko">
    </link:label>
    <link:labelArc xlink:arcrole="http://www.xbrl.org/2003/arcrole/concept-label" xlink:from="Loc_entity00364847_udf_BS_2017112161653451_CurrentLiabilities" xlink:to="Label_entity00364847_udf_BS_2017112161653451_CurrentLiabilities_ko_doc" xlink:type="arc" />
    <link:loc xlink:href="../00364847_entry_point_2011-05-12.xsd#entity00364847_udf_BS_201711210306127_CurrentAssets" xlink:label="Loc_entity00364847_udf_BS_201711210306127_CurrentAssets" xlink:type="locator" />
    <link:label xlink:type="resource" xlink:role="http://www.xbrl.org/2003/role/label" xlink:label="Label_label_entity00364847_udf_BS_201711210306127_CurrentAssets_ko" xml:lang="ko" id="Label_label_entity00364847_udf_BS_201711210306127_CurrentAssets_ko">금융기관예치금</link:label>
    <link:labelArc xlink:arcrole="http://www.xbrl.org/2003/arcrole/concept-label" xlink:from="Loc_entity00364847_udf_BS_201711210306127_CurrentAssets" xlink:to="Label_label_entity00364847_udf_BS_201711210306127_CurrentAssets_ko" xlink:type="arc" />
    <link:label xlink:type="resource" xlink:role="http://www.xbrl.org/2003/role/documentation" xlink:label="Label_entity00364847_udf_BS_201711210306127_CurrentAssets_ko_doc" xml:lang="ko">
    </link:label>
    <link:labelArc xlink:arcrole="http://www.xbrl.org/2003/arcrole/concept-label" xlink:from="Loc_entity00364847_udf_BS_201711210306127_CurrentAssets" xlink:to="Label_entity00364847_udf_BS_201711210306127_CurrentAssets_ko_doc" xlink:type="arc" />
    <link:loc xlink:href="../00364847_entry_point_2011-05-12.xsd#entity00364847_udf_BS_2018361741660_CurrentAssets" xlink:label="Loc_entity00364847_udf_BS_2018361741660_CurrentAssets" xlink:type="locator" />
    <link:label xlink:type="resource" xlink:role="http://www.xbrl.org/2003/role/label" xlink:label="Label_label_entity00364847_udf_BS_2018361741660_CurrentAssets_ko" xml:lang="ko" id="Label_label_entity00364847_udf_BS_2018361741660_CurrentAssets_ko">기타채권</link:label>
    <link:labelArc xlink:arcrole="http://www.xbrl.org/2003/arcrole/concept-label" xlink:from="Loc_entity00364847_udf_BS_2018361741660_CurrentAssets" xlink:to="Label_label_entity00364847_udf_BS_2018361741660_CurrentAssets_ko" xlink:type="arc" />
    <link:label xlink:type="resource" xlink:role="http://www.xbrl.org/2003/role/documentation" xlink:label="Label_entity00364847_udf_BS_2018361741660_CurrentAssets_ko_doc" xml:lang="ko">
    </link:label>
    <link:labelArc xlink:arcrole="http://www.xbrl.org/2003/arcrole/concept-label" xlink:from="Loc_entity00364847_udf_BS_2018361741660_CurrentAssets" xlink:to="Label_entity00364847_udf_BS_2018361741660_CurrentAssets_ko_doc" xlink:type="arc" />
    <link:loc xlink:href="../00364847_entry_point_2011-05-12.xsd#entity00364847_udf_BS_20171121635589_NoncurrentAssets" xlink:label="Loc_entity00364847_udf_BS_20171121635589_NoncurrentAssets" xlink:type="locator" />
    <link:label xlink:type="resource" xlink:role="http://www.xbrl.org/2003/role/label" xlink:label="Label_label_entity00364847_udf_BS_20171121635589_NoncurrentAssets_ko" xml:lang="ko" id="Label_label_entity00364847_udf_BS_20171121635589_NoncurrentAssets_ko">무형자산</link:label>
    <link:labelArc xlink:arcrole="http://www.xbrl.org/2003/arcrole/concept-label" xlink:from="Loc_entity00364847_udf_BS_20171121635589_NoncurrentAssets" xlink:to="Label_label_entity00364847_udf_BS_20171121635589_NoncurrentAssets_ko" xlink:type="arc" />
    <link:label xlink:type="resource" xlink:role="http://www.xbrl.org/2003/role/documentation" xlink:label="Label_entity00364847_udf_BS_20171121635589_NoncurrentAssets_ko_doc" xml:lang="ko">
    </link:label>
    <link:labelArc xlink:arcrole="http://www.xbrl.org/2003/arcrole/concept-label" xlink:from="Loc_entity00364847_udf_BS_20171121635589_NoncurrentAssets" xlink:to="Label_entity00364847_udf_BS_20171121635589_NoncurrentAssets_ko_doc" xlink:type="arc" />
    <link:loc xlink:href="../00364847_entry_point_2011-05-12.xsd#entity00364847_udf_BS_2017112103648228_CurrentLiabilities" xlink:label="Loc_entity00364847_udf_BS_2017112103648228_CurrentLiabilities" xlink:type="locator" />
    <link:label xlink:type="resource" xlink:role="http://www.xbrl.org/2003/role/label" xlink:label="Label_label_entity00364847_udf_BS_2017112103648228_CurrentLiabilities_ko" xml:lang="ko" id="Label_label_entity00364847_udf_BS_2017112103648228_CurrentLiabilities_ko">매입채무</link:label>
    <link:labelArc xlink:arcrole="http://www.xbrl.org/2003/arcrole/concept-label" xlink:from="Loc_entity00364847_udf_BS_2017112103648228_CurrentLiabilities" xlink:to="Label_label_entity00364847_udf_BS_2017112103648228_CurrentLiabilities_ko" xlink:type="arc" />
    <link:label xlink:type="resource" xlink:role="http://www.xbrl.org/2003/role/documentation" xlink:label="Label_entity00364847_udf_BS_2017112103648228_CurrentLiabilities_ko_doc" xml:lang="ko">
    </link:label>
    <link:labelArc xlink:arcrole="http://www.xbrl.org/2003/arcrole/concept-label" xlink:from="Loc_entity00364847_udf_BS_2017112103648228_CurrentLiabilities" xlink:to="Label_entity00364847_udf_BS_2017112103648228_CurrentLiabilities_ko_doc" xlink:type="arc" />
    <link:loc xlink:href="../00364847_entry_point_2011-05-12.xsd#entity00364847_udf_BS_2017112103738588_CurrentLiabilities" xlink:label="Loc_entity00364847_udf_BS_2017112103738588_CurrentLiabilities" xlink:type="locator" />
    <link:label xlink:type="resource" xlink:role="http://www.xbrl.org/2003/role/label" xlink:label="Label_label_entity00364847_udf_BS_2017112103738588_CurrentLiabilities_ko" xml:lang="ko" id="Label_label_entity00364847_udf_BS_2017112103738588_CurrentLiabilities_ko">기타채무</link:label>
    <link:labelArc xlink:arcrole="http://www.xbrl.org/2003/arcrole/concept-label" xlink:from="Loc_entity00364847_udf_BS_2017112103738588_CurrentLiabilities" xlink:to="Label_label_entity00364847_udf_BS_2017112103738588_CurrentLiabilities_ko" xlink:type="arc" />
    <link:label xlink:type="resource" xlink:role="http://www.xbrl.org/2003/role/documentation" xlink:label="Label_entity00364847_udf_BS_2017112103738588_CurrentLiabilities_ko_doc" xml:lang="ko">
    </link:label>
    <link:labelArc xlink:arcrole="http://www.xbrl.org/2003/arcrole/concept-label" xlink:from="Loc_entity00364847_udf_BS_2017112103738588_CurrentLiabilities" xlink:to="Label_entity00364847_udf_BS_2017112103738588_CurrentLiabilities_ko_doc" xlink:type="arc" />
    <link:loc xlink:href="../00364847_entry_point_2011-05-12.xsd#entity00364847_udf_BS_201711210398547_CurrentLiabilities" xlink:label="Loc_entity00364847_udf_BS_201711210398547_CurrentLiabilities" xlink:type="locator" />
    <link:label xlink:type="resource" xlink:role="http://www.xbrl.org/2003/role/label" xlink:label="Label_label_entity00364847_udf_BS_201711210398547_CurrentLiabilities_ko" xml:lang="ko" id="Label_label_entity00364847_udf_BS_201711210398547_CurrentLiabilities_ko">충당부채</link:label>
    <link:labelArc xlink:arcrole="http://www.xbrl.org/2003/arcrole/concept-label" xlink:from="Loc_entity00364847_udf_BS_201711210398547_CurrentLiabilities" xlink:to="Label_label_entity00364847_udf_BS_201711210398547_CurrentLiabilities_ko" xlink:type="arc" />
    <link:label xlink:type="resource" xlink:role="http://www.xbrl.org/2003/role/documentation" xlink:label="Label_entity00364847_udf_BS_201711210398547_CurrentLiabilities_ko_doc" xml:lang="ko">
    </link:label>
    <link:labelArc xlink:arcrole="http://www.xbrl.org/2003/arcrole/concept-label" xlink:from="Loc_entity00364847_udf_BS_201711210398547_CurrentLiabilities" xlink:to="Label_entity00364847_udf_BS_201711210398547_CurrentLiabilities_ko_doc" xlink:type="arc" />
  </link:labelLink>
</link:linkbase>