,Datetime,Open,High,Low,Close,Volume
0,2015-09-02,2125.0,2195.0,2120.0,2160.0,3395211.0
1,2015-09-03,2180.0,2180.0,2155.0,2165.0,194925.0
2,2015-09-04,2160.0,2175.0,2155.0,2170.0,145908.0
3,2015-09-07,2160.0,2175.0,2160.0,2165.0,26397.0
4,2015-09-08,2160.0,2170.0,2160.0,2170.0,40299.0
5,2015-09-09,2160.0,2170.0,2160.0,2170.0,44309.0
6,2015-09-10,2170.0,2175.0,2165.0,2170.0,29643.0
7,2015-09-11,2165.0,2170.0,2160.0,2170.0,87809.0
8,2015-09-14,2170.0,2170.0,2140.0,2150.0,76032.0
9,2015-09-15,2145.0,2145.0,2130.0,2140.0,19958.0
10,2015-09-16,2130.0,2135.0,2125.0,2130.0,21862.0
11,2015-09-17,2125.0,2135.0,2120.0,2120.0,47121.0
12,2015-09-18,2110.0,2120.0,2100.0,2110.0,20162.0
13,2015-09-21,2100.0,2110.0,2095.0,2105.0,37255.0
14,2015-09-22,2105.0,2110.0,2100.0,2105.0,41255.0
15,2015-09-23,2100.0,2110.0,2100.0,2110.0,6314.0
16,2015-09-24,2100.0,2105.0,2100.0,2105.0,13272.0
17,2015-09-25,2095.0,2105.0,2095.0,2105.0,30168.0
18,2015-09-30,2100.0,2110.0,2090.0,2110.0,8140.0
19,2015-10-01,2100.0,2110.0,2100.0,2110.0,31022.0
20,2015-10-02,2100.0,2110.0,2100.0,2105.0,10314.0
21,2015-10-05,2100.0,2105.0,2090.0,2090.0,116022.0
22,2015-10-06,2100.0,2110.0,2100.0,2110.0,31795.0
23,2015-10-07,2110.0,2120.0,2110.0,2120.0,9372.0
24,2015-10-08,2115.0,2120.0,2105.0,2115.0,93359.0
25,2015-10-12,2115.0,2115.0,2110.0,2110.0,3678.0
26,2015-10-13,2115.0,2115.0,2115.0,2115.0,2410.0
27,2015-10-14,2115.0,2120.0,2110.0,2120.0,3995.0
28,2015-10-15,2125.0,2125.0,2110.0,2110.0,21873.0
29,2015-10-16,2105.0,2120.0,2105.0,2110.0,71463.0
30,2015-10-19,2105.0,2120.0,2105.0,2120.0,4594.0
31,2015-10-20,2110.0,2120.0,2100.0,2120.0,37524.0
32,2015-10-21,2110.0,2125.0,2105.0,2120.0,5913.0
33,2015-10-22,2110.0,2120.0,2100.0,2120.0,15954.0
34,2015-10-23,2105.0,2105.0,2100.0,2100.0,43445.0
35,2015-10-26,2105.0,2110.0,2095.0,2110.0,41459.0
36,2015-10-27,2100.0,2100.0,2095.0,2100.0,47975.0
37,2015-10-28,2100.0,2110.0,2095.0,2100.0,22116.0
38,2015-10-29,2100.0,2100.0,2095.0,2095.0,15624.0
39,2015-10-30,2100.0,2105.0,2100.0,2100.0,42930.0
40,2015-11-02,2100.0,2105.0,2095.0,2100.0,11988.0
41,2015-11-03,2095.0,2100.0,2060.0,2095.0,37411.0
42,2015-11-04,2085.0,2095.0,2075.0,2090.0,7328.0
43,2015-11-05,2090.0,2090.0,2065.0,2070.0,24503.0
44,2015-11-06,2065.0,2100.0,2060.0,2095.0,96151.0
45,2015-11-09,2070.0,2075.0,2055.0,2060.0,17141.0
46,2015-11-10,2050.0,2060.0,2040.0,2045.0,9188.0
47,2015-11-11,2035.0,2050.0,2035.0,2050.0,12425.0
48,2015-11-12,2040.0,2075.0,2040.0,2055.0,5814.0
49,2015-11-13,2040.0,2080.0,2035.0,2055.0,4113.0
50,2015-11-16,2055.0,2055.0,2045.0,2050.0,24046.0
51,2015-11-17,2035.0,2040.0,2030.0,2040.0,27359.0
52,2015-11-18,2030.0,2040.0,2030.0,2030.0,7622.0
53,2015-11-19,2030.0,2050.0,2025.0,2040.0,2350.0
54,2015-11-20,2040.0,2040.0,2015.0,2035.0,5179.0
55,2015-11-23,2030.0,2030.0,2000.0,2010.0,37145.0
56,2015-11-24,2005.0,2010.0,2005.0,2005.0,3096.0
57,2015-11-25,2000.0,2015.0,2000.0,2010.0,11947.0
58,2015-11-26,2010.0,2020.0,2005.0,2020.0,25195.0
59,2015-11-27,2000.0,2020.0,2000.0,2005.0,20770.0
60,2015-11-30,2010.0,2010.0,2005.0,2010.0,13287.0
61,2015-12-01,2005.0,2020.0,2005.0,2005.0,6607.0
62,2015-12-02,2020.0,2020.0,2000.0,2010.0,14982.0
63,2015-12-03,2000.0,2010.0,1995.0,2010.0,39059.0
64,2015-12-04,2005.0,2010.0,2005.0,2005.0,51336.0
65,2015-12-07,2000.0,2010.0,1995.0,2010.0,145670.0
66,2015-12-08,1995.0,2010.0,1995.0,2010.0,29706.0
67,2015-12-09,2010.0,2010.0,2000.0,2000.0,9345.0
68,2015-12-10,2000.0,2010.0,2000.0,2005.0,3820.0
69,2015-12-11,2005.0,2005.0,1995.0,2005.0,9423.0
70,2015-12-14,2005.0,2005.0,1990.0,2000.0,25251.0
71,2015-12-15,1995.0,2000.0,1995.0,2000.0,38820.0
72,2015-12-16,2000.0,2020.0,1995.0,2005.0,7278.0
73,2015-12-17,2000.0,2000.0,1995.0,2000.0,1622.0
74,2015-12-18,2000.0,2000.0,2000.0,2000.0,2515.0
75,2015-12-21,2000.0,2015.0,1995.0,2010.0,12314.0
76,2015-12-22,2005.0,2015.0,2005.0,2005.0,17630.0
77,2015-12-23,2000.0,2010.0,1995.0,2010.0,4098.0
78,2015-12-24,2005.0,2010.0,2005.0,2010.0,266.0
79,2015-12-28,2010.0,2010.0,1995.0,2000.0,4243.0
80,2015-12-29,2000.0,2020.0,2000.0,2020.0,1823.0
81,2015-12-30,2010.0,2015.0,2010.0,2015.0,2408.0
82,2016-01-04,2015.0,2015.0,2010.0,2010.0,5288.0
83,2016-01-05,2010.0,2010.0,2005.0,2005.0,24780.0
84,2016-01-06,2010.0,2015.0,2010.0,2015.0,1694.0
85,2016-01-07,2010.0,2010.0,2010.0,2010.0,6065.0
86,2016-01-08,2010.0,2015.0,2010.0,2015.0,5695.0
87,2016-01-11,2005.0,2015.0,2005.0,2010.0,4439.0
88,2016-01-12,2010.0,2025.0,2010.0,2010.0,3860.0
89,2016-01-13,2010.0,2020.0,2010.0,2020.0,2886.0
90,2016-01-14,2020.0,2020.0,2005.0,2020.0,1690.0
91,2016-01-15,2010.0,2015.0,2000.0,2015.0,4202.0
92,2016-01-18,2000.0,2025.0,2000.0,2005.0,11964.0
93,2016-01-19,2000.0,2005.0,1995.0,2000.0,1464.0
94,2016-01-20,1995.0,2010.0,1995.0,2000.0,2418.0
95,2016-01-21,2000.0,2010.0,2000.0,2010.0,1892.0
96,2016-01-22,2005.0,2005.0,2005.0,2005.0,1344.0
97,2016-01-25,2005.0,2005.0,1990.0,2000.0,9987.0
98,2016-01-26,2000.0,2000.0,1995.0,2000.0,3410.0
99,2016-01-27,2000.0,2005.0,1995.0,2005.0,3129.0
100,2016-01-28,1995.0,2005.0,1995.0,2005.0,47.0
101,2016-01-29,2000.0,2010.0,2000.0,2010.0,2559.0
102,2016-02-01,2010.0,2010.0,2005.0,2010.0,2336.0
103,2016-02-02,2005.0,2010.0,2005.0,2010.0,1520.0
104,2016-02-03,2005.0,2020.0,2005.0,2020.0,1896.0
105,2016-02-04,2005.0,2025.0,2000.0,2010.0,13430.0
106,2016-02-05,2000.0,2010.0,1995.0,2010.0,5873.0
107,2016-02-11,2000.0,2020.0,1995.0,2020.0,271.0
108,2016-02-12,2000.0,2010.0,2000.0,2010.0,4235.0
109,2016-02-15,1995.0,2010.0,1995.0,2005.0,2824.0
110,2016-02-16,2005.0,2005.0,2000.0,2005.0,1165.0
111,2016-02-17,2005.0,2005.0,2000.0,2005.0,1850.0
112,2016-02-18,2000.0,2015.0,1995.0,2010.0,14802.0
113,2016-02-19,2000.0,2010.0,2000.0,2010.0,827.0
114,2016-02-22,1995.0,2010.0,1995.0,2010.0,7435.0
115,2016-02-23,2000.0,2000.0,2000.0,2000.0,1399.0
116,2016-02-24,2000.0,2005.0,1995.0,2005.0,1584.0
117,2016-02-25,2000.0,2015.0,1995.0,2010.0,13637.0
118,2016-02-26,2000.0,2010.0,2000.0,2010.0,908.0
119,2016-02-29,2000.0,2005.0,1985.0,2005.0,5672.0
120,2016-03-02,2000.0,2005.0,1995.0,2000.0,3443.0
121,2016-03-03,1995.0,2000.0,1990.0,1995.0,6588.0
122,2016-03-04,2000.0,2010.0,1995.0,2010.0,3009.0
123,2016-03-07,1995.0,2000.0,1995.0,2000.0,5534.0
124,2016-03-08,1995.0,2000.0,1995.0,1995.0,4144.0
125,2016-03-09,1995.0,2000.0,1995.0,1995.0,918.0
126,2016-03-10,1995.0,2005.0,1980.0,1995.0,4320.0
127,2016-03-11,1995.0,2000.0,1990.0,1990.0,3116.0
128,2016-03-14,1990.0,1995.0,1990.0,1995.0,603.0
129,2016-03-15,1980.0,2005.0,1980.0,2000.0,2430.0
130,2016-03-16,1985.0,2000.0,1985.0,2000.0,195.0
131,2016-03-17,1980.0,2000.0,1980.0,2000.0,6174.0
132,2016-03-18,1985.0,2000.0,1960.0,1995.0,28512.0
133,2016-03-21,1995.0,1995.0,1970.0,1980.0,3117.0
134,2016-03-22,1970.0,1975.0,1970.0,1970.0,2299.0
135,2016-03-23,1970.0,2000.0,1965.0,1980.0,5673.0
136,2016-03-24,1975.0,1975.0,1975.0,1975.0,112.0
137,2016-03-25,1980.0,2000.0,1975.0,2000.0,2786.0
138,2016-03-28,2000.0,2000.0,1975.0,1975.0,4885.0
139,2016-03-29,2000.0,2000.0,1975.0,2000.0,897.0
140,2016-03-30,2000.0,2000.0,1985.0,2000.0,149.0
141,2016-03-31,1990.0,2000.0,1985.0,1990.0,621.0
142,2016-04-01,1985.0,2000.0,1980.0,1980.0,4435.0
143,2016-04-04,2000.0,2000.0,1985.0,2000.0,2964.0
144,2016-04-05,2000.0,2000.0,1990.0,2000.0,4377.0
145,2016-04-06,2000.0,2000.0,1985.0,2000.0,9780.0
146,2016-04-07,1990.0,2000.0,1985.0,2000.0,2195.0
147,2016-04-08,1990.0,2000.0,1985.0,2000.0,11940.0
148,2016-04-11,1995.0,1995.0,1985.0,1990.0,137.0
149,2016-04-12,1985.0,1990.0,1980.0,1980.0,16313.0
150,2016-04-14,1985.0,1985.0,1985.0,1985.0,1.0
151,2016-04-15,1990.0,1990.0,1970.0,1990.0,37311.0
152,2016-04-18,1975.0,1980.0,1975.0,1980.0,4254.0
153,2016-04-19,1980.0,2000.0,1965.0,2000.0,15510.0
154,2016-04-20,2000.0,2000.0,1980.0,2000.0,19441.0
155,2016-04-21,1995.0,1995.0,1970.0,1970.0,16770.0
156,2016-04-22,1970.0,2000.0,1970.0,1975.0,2482.0
157,2016-04-25,1970.0,2000.0,1965.0,2000.0,4354.0
158,2016-04-26,2000.0,2000.0,1960.0,1975.0,15690.0
159,2016-04-27,1975.0,1975.0,1965.0,1975.0,5075.0
160,2016-04-28,1985.0,1995.0,1965.0,1995.0,3011.0
161,2016-04-29,1965.0,2000.0,1965.0,1985.0,5465.0
162,2016-05-02,2000.0,2000.0,2000.0,2000.0,3.0
163,2016-05-03,1980.0,2000.0,1980.0,1990.0,3424.0
164,2016-05-04,1995.0,2000.0,1985.0,1990.0,4490.0
165,2016-05-09,1990.0,1990.0,1990.0,1990.0,2.0
166,2016-05-10,1990.0,1990.0,1990.0,1990.0,477.0
167,2016-05-11,1990.0,1990.0,1990.0,1990.0,757.0
168,2016-05-12,1990.0,2000.0,1990.0,1990.0,42.0
169,2016-05-13,1990.0,2020.0,1980.0,1985.0,21741.0
170,2016-05-16,1990.0,2060.0,1985.0,2005.0,30683.0
171,2016-05-17,2000.0,2015.0,1980.0,2005.0,13719.0
172,2016-05-18,2000.0,2020.0,1995.0,2020.0,6422.0
173,2016-05-19,2000.0,2010.0,2000.0,2000.0,12741.0
174,2016-05-20,2000.0,2000.0,1980.0,2000.0,13261.0
175,2016-05-23,1995.0,2005.0,1995.0,2005.0,11885.0
176,2016-05-24,2000.0,2000.0,2000.0,2000.0,94.0
177,2016-05-25,2010.0,2010.0,2000.0,2000.0,242.0
178,2016-05-26,2000.0,2000.0,1980.0,1985.0,3597.0
179,2016-05-27,1985.0,2000.0,1985.0,2000.0,1796.0
180,2016-05-30,2000.0,2000.0,1950.0,1990.0,11804.0
181,2016-05-31,1975.0,1995.0,1955.0,1970.0,12816.0
182,2016-06-01,1985.0,1985.0,1950.0,1980.0,31032.0
183,2016-06-02,1980.0,1980.0,1950.0,1975.0,13349.0
184,2016-06-03,1975.0,1975.0,1950.0,1950.0,83540.0
185,2016-06-07,1955.0,1995.0,1935.0,1995.0,27332.0
186,2016-06-08,1995.0,1995.0,1980.0,1995.0,6194.0
187,2016-06-09,1980.0,2000.0,1965.0,2000.0,134.0
188,2016-06-10,1990.0,2000.0,1980.0,2000.0,3156.0
189,2016-06-13,1985.0,1985.0,1985.0,1985.0,4.0
190,2016-06-14,1985.0,1990.0,1965.0,1970.0,7023.0
191,2016-06-15,1990.0,2000.0,1970.0,2000.0,16015.0
192,2016-06-16,2005.0,2005.0,1960.0,1960.0,8046.0
193,2016-06-17,1950.0,1995.0,1950.0,1990.0,13783.0
194,2016-06-20,1990.0,2000.0,1950.0,1980.0,38931.0
195,2016-06-21,1980.0,1980.0,1960.0,1980.0,4904.0
196,2016-06-22,1975.0,1975.0,1970.0,1975.0,5850.0
197,2016-06-23,1985.0,1985.0,1980.0,1985.0,1512.0
198,2016-06-24,1980.0,1985.0,1955.0,1975.0,42300.0
199,2016-06-27,1975.0,1980.0,1965.0,1980.0,6175.0
200,2016-06-28,1990.0,2010.0,1975.0,2000.0,26260.0
201,2016-06-29,1985.0,2010.0,1985.0,2005.0,63700.0
202,2016-06-30,1990.0,2020.0,1990.0,2020.0,9948.0
203,2016-07-01,2000.0,2025.0,2000.0,2005.0,31245.0
204,2016-07-04,2000.0,2000.0,2000.0,2000.0,4594.0
205,2016-07-05,2000.0,2015.0,2000.0,2005.0,11021.0
206,2016-07-06,2010.0,2015.0,2005.0,2005.0,7520.0
207,2016-07-07,2010.0,2020.0,1995.0,2020.0,39077.0
208,2016-07-08,1995.0,2060.0,1995.0,2015.0,24952.0
209,2016-07-11,2015.0,2090.0,2005.0,2030.0,50230.0
210,2016-07-12,2035.0,2350.0,2030.0,2110.0,477363.0
211,2016-07-13,2225.0,2235.0,2020.0,2035.0,445852.0
212,2016-07-14,2050.0,2080.0,2020.0,2030.0,97088.0
213,2016-07-15,2020.0,2065.0,2015.0,2045.0,40441.0
214,2016-07-18,2045.0,2060.0,2025.0,2050.0,37003.0
215,2016-07-19,2030.0,2055.0,2030.0,2030.0,16710.0
216,2016-07-20,2030.0,2055.0,2020.0,2050.0,32010.0
217,2016-07-21,2085.0,2085.0,2010.0,2025.0,17343.0
218,2016-07-22,2065.0,2065.0,2010.0,2025.0,5140.0
219,2016-07-25,2030.0,2080.0,2010.0,2030.0,11858.0
220,2016-07-26,2015.0,2055.0,2015.0,2045.0,9909.0
221,2016-07-27,2045.0,2050.0,2020.0,2035.0,10337.0
222,2016-07-28,2025.0,2040.0,2010.0,2035.0,20038.0
223,2016-07-29,2020.0,2040.0,2020.0,2040.0,5403.0
224,2016-08-01,2040.0,2065.0,2030.0,2040.0,6638.0
225,2016-08-02,2065.0,2090.0,2035.0,2060.0,36167.0
226,2016-08-03,2060.0,2060.0,2060.0,2060.0,0.0
227,2016-08-04,2060.0,2060.0,2060.0,2060.0,0.0
228,2016-08-05,2060.0,2060.0,2060.0,2060.0,0.0
229,2016-08-08,2060.0,2060.0,2060.0,2060.0,0.0
230,2016-08-09,2060.0,2060.0,2060.0,2060.0,0.0
231,2016-08-10,2060.0,2060.0,2060.0,2060.0,0.0
232,2016-08-11,2060.0,2060.0,2060.0,2060.0,0.0
233,2016-08-12,2060.0,2060.0,2060.0,2060.0,0.0
234,2016-08-16,2060.0,2060.0,2060.0,2060.0,0.0
235,2016-08-17,2060.0,2060.0,2060.0,2060.0,0.0
236,2016-08-18,2060.0,2060.0,2060.0,2060.0,0.0
237,2016-08-19,2060.0,2060.0,2060.0,2060.0,0.0
238,2016-08-22,2060.0,2060.0,2060.0,2060.0,0.0
239,2016-08-23,2060.0,2060.0,2060.0,2060.0,0.0
240,2016-08-24,2060.0,2060.0,2060.0,2060.0,0.0
241,2016-08-25,2060.0,2060.0,2060.0,2060.0,0.0
242,2016-08-26,2060.0,2060.0,2060.0,2060.0,0.0
243,2016-08-29,2060.0,2060.0,2060.0,2060.0,0.0
244,2016-08-30,2060.0,2060.0,2060.0,2060.0,0.0
245,2016-08-31,2060.0,2060.0,2060.0,2060.0,0.0
246,2016-09-01,2060.0,2060.0,2060.0,2060.0,0.0
247,2016-09-02,2060.0,2060.0,2060.0,2060.0,0.0
248,2016-09-05,2060.0,2060.0,2060.0,2060.0,0.0
249,2016-09-06,2060.0,2060.0,2060.0,2060.0,0.0
250,2016-09-07,2060.0,2060.0,2060.0,2060.0,0.0
251,2016-09-08,2060.0,2060.0,2060.0,2060.0,0.0
252,2016-09-09,2060.0,2060.0,2060.0,2060.0,0.0
253,2016-09-12,2060.0,2060.0,2060.0,2060.0,0.0
254,2016-09-13,2060.0,2060.0,2060.0,2060.0,0.0
255,2016-09-19,2060.0,2060.0,2060.0,2060.0,0.0
256,2016-09-20,2060.0,2060.0,2060.0,2060.0,0.0
257,2016-09-21,2060.0,2060.0,2060.0,2060.0,0.0
258,2016-09-22,2060.0,2060.0,2060.0,2060.0,0.0
259,2016-09-23,2060.0,2060.0,2060.0,2060.0,0.0
260,2016-09-26,2060.0,2060.0,2060.0,2060.0,0.0
261,2016-09-27,2060.0,2060.0,2060.0,2060.0,0.0
262,2016-09-28,2060.0,2060.0,2060.0,2060.0,0.0
263,2016-09-29,2060.0,2060.0,2060.0,2060.0,0.0
264,2016-09-30,2290.0,2340.0,2100.0,2110.0,1383087.0
265,2016-10-04,2145.0,2170.0,2105.0,2140.0,139146.0
266,2016-10-05,2100.0,2125.0,2100.0,2100.0,97290.0
267,2016-10-06,2090.0,2295.0,2065.0,2155.0,291680.0
268,2016-10-07,2180.0,2195.0,2120.0,2190.0,70533.0
269,2016-10-10,2165.0,2260.0,2165.0,2210.0,162574.0
270,2016-10-11,2210.0,2445.0,2210.0,2325.0,767674.0
271,2016-10-12,2350.0,2435.0,2310.0,2375.0,265707.0
272,2016-10-13,2390.0,2400.0,2250.0,2285.0,344790.0
273,2016-10-14,2255.0,2315.0,2255.0,2285.0,251788.0
274,2016-10-17,2325.0,2420.0,2290.0,2355.0,392247.0
275,2016-10-18,2310.0,2335.0,2280.0,2315.0,103460.0
276,2016-10-19,2285.0,2345.0,2270.0,2290.0,102291.0
277,2016-10-20,2290.0,2290.0,2250.0,2265.0,71953.0
278,2016-10-21,2250.0,2280.0,2150.0,2180.0,157748.0
279,2016-10-24,2180.0,2205.0,2130.0,2135.0,121548.0
280,2016-10-25,2170.0,2290.0,2105.0,2155.0,180354.0
281,2016-10-26,2150.0,2150.0,2105.0,2140.0,82050.0
282,2016-10-27,2140.0,2145.0,2115.0,2145.0,25894.0
283,2016-10-28,2120.0,2200.0,2120.0,2150.0,57084.0
284,2016-10-31,2155.0,2225.0,2110.0,2180.0,80156.0
285,2016-11-01,2180.0,2180.0,2125.0,2135.0,68683.0
286,2016-11-02,2140.0,2185.0,2100.0,2175.0,102529.0
287,2016-11-03,2180.0,2180.0,2130.0,2160.0,35420.0
288,2016-11-04,2160.0,2245.0,2160.0,2230.0,46313.0
289,2016-11-07,2235.0,2250.0,2195.0,2195.0,30549.0
290,2016-11-08,2220.0,2395.0,2110.0,2295.0,335058.0
291,2016-11-09,2260.0,2410.0,2195.0,2305.0,560214.0
292,2016-11-10,2250.0,2330.0,2165.0,2180.0,210942.0
293,2016-11-11,2215.0,2220.0,2050.0,2115.0,260643.0
294,2016-11-14,2120.0,2170.0,2000.0,2080.0,124132.0
295,2016-11-15,2070.0,2125.0,2070.0,2120.0,28619.0
296,2016-11-16,2090.0,2245.0,2080.0,2135.0,80640.0
297,2016-11-17,2135.0,2195.0,2120.0,2160.0,43260.0
298,2016-11-18,2200.0,2200.0,2145.0,2170.0,28375.0
299,2016-11-21,2145.0,2150.0,2100.0,2105.0,98636.0
300,2016-11-22,2090.0,2160.0,2090.0,2150.0,102831.0
301,2016-11-23,2150.0,2165.0,2110.0,2160.0,37068.0
302,2016-11-24,2130.0,2145.0,2080.0,2120.0,84921.0
303,2016-11-25,2115.0,2145.0,2100.0,2120.0,77526.0
304,2016-11-28,2100.0,2180.0,2100.0,2120.0,64032.0
305,2016-11-29,2105.0,2170.0,2090.0,2170.0,92421.0
306,2016-11-30,2160.0,2175.0,2115.0,2145.0,66018.0
307,2016-12-01,2105.0,2200.0,2100.0,2130.0,138114.0
308,2016-12-02,2110.0,2140.0,2090.0,2115.0,75221.0
309,2016-12-05,2120.0,2125.0,2070.0,2070.0,52124.0
310,2016-12-06,2070.0,2140.0,2070.0,2115.0,34942.0
311,2016-12-07,2135.0,2150.0,2070.0,2110.0,48728.0
312,2016-12-08,2110.0,2115.0,2080.0,2090.0,29749.0
313,2016-12-09,2105.0,2110.0,2080.0,2110.0,22979.0
314,2016-12-12,2115.0,2140.0,2085.0,2120.0,32516.0
315,2016-12-13,2130.0,2130.0,2080.0,2115.0,30544.0
316,2016-12-14,2130.0,2130.0,2080.0,2115.0,24352.0
317,2016-12-15,2115.0,2125.0,2060.0,2100.0,164574.0
318,2016-12-16,2095.0,2115.0,2050.0,2070.0,65855.0
319,2016-12-19,2070.0,2110.0,2030.0,2040.0,97032.0
320,2016-12-20,2020.0,2050.0,1985.0,2000.0,95753.0
321,2016-12-21,2000.0,2070.0,1985.0,2000.0,51625.0
322,2016-12-22,2020.0,2020.0,1975.0,1995.0,45329.0
323,2016-12-23,1975.0,2000.0,1950.0,1980.0,71373.0
324,2016-12-26,1990.0,2020.0,1980.0,2000.0,25497.0
325,2016-12-27,2015.0,2070.0,2000.0,2020.0,44380.0
326,2016-12-28,2000.0,2050.0,2000.0,2035.0,54569.0
327,2016-12-29,2060.0,2060.0,2005.0,2040.0,6651.0
328,2017-01-02,2040.0,2040.0,1985.0,1985.0,71712.0
329,2017-01-03,2020.0,2020.0,1980.0,2020.0,58503.0
330,2017-01-04,2045.0,2045.0,1985.0,2020.0,3559.0
331,2017-01-05,2025.0,2040.0,2020.0,2040.0,45182.0
332,2017-01-06,2030.0,2070.0,2030.0,2065.0,52052.0
333,2017-01-09,2065.0,2125.0,2065.0,2080.0,52185.0
334,2017-01-10,2035.0,2105.0,2035.0,2060.0,34112.0
335,2017-01-11,2060.0,2085.0,2060.0,2070.0,22600.0
336,2017-01-12,2095.0,2095.0,2050.0,2075.0,35121.0
337,2017-01-13,2085.0,2085.0,2050.0,2070.0,36270.0
338,2017-01-16,2070.0,2070.0,2015.0,2040.0,38186.0
339,2017-01-17,2040.0,2040.0,2010.0,2040.0,29406.0
340,2017-01-18,2050.0,2050.0,2010.0,2020.0,31101.0
341,2017-01-19,2005.0,2065.0,2005.0,2060.0,119893.0
342,2017-01-20,1860.0,1980.0,1840.0,1895.0,2297279.0
343,2017-01-23,1850.0,1855.0,1710.0,1775.0,3163442.0
344,2017-01-24,1795.0,1895.0,1695.0,1720.0,1058965.0
345,2017-01-25,1700.0,1740.0,1675.0,1740.0,514876.0
346,2017-01-26,1740.0,1790.0,1705.0,1720.0,340212.0
347,2017-01-31,1725.0,1840.0,1695.0,1785.0,342886.0
348,2017-02-01,1785.0,1895.0,1755.0,1840.0,1253122.0
349,2017-02-02,1810.0,1960.0,1810.0,1875.0,1107772.0
350,2017-02-03,1855.0,1940.0,1850.0,1895.0,570269.0
351,2017-02-06,1940.0,1955.0,1885.0,1895.0,677744.0
352,2017-02-07,1905.0,1905.0,1820.0,1850.0,546560.0
353,2017-02-08,1850.0,1890.0,1805.0,1845.0,232011.0
354,2017-02-09,1890.0,1900.0,1815.0,1850.0,247195.0
355,2017-02-10,1855.0,1960.0,1855.0,1900.0,567775.0
356,2017-02-13,1920.0,2010.0,1810.0,1880.0,1720767.0
357,2017-02-14,1975.0,1980.0,1870.0,1915.0,1197946.0
358,2017-02-15,1915.0,1940.0,1885.0,1935.0,519511.0
359,2017-02-16,1930.0,1940.0,1900.0,1900.0,419835.0
360,2017-02-17,1900.0,1965.0,1890.0,1940.0,1011552.0
361,2017-02-20,1950.0,1970.0,1920.0,1965.0,456584.0
362,2017-02-21,1965.0,2025.0,1965.0,1990.0,1383263.0
363,2017-02-22,1995.0,1995.0,1945.0,1995.0,319745.0
364,2017-02-23,2000.0,2000.0,1930.0,1940.0,335399.0
365,2017-02-24,1935.0,1985.0,1910.0,1945.0,638312.0
366,2017-02-27,1940.0,1945.0,1895.0,1900.0,390720.0
367,2017-02-28,1920.0,1935.0,1890.0,1900.0,182079.0
368,2017-03-02,1900.0,1910.0,1860.0,1875.0,278544.0
369,2017-03-03,1855.0,1860.0,1750.0,1805.0,1253139.0
370,2017-03-06,1805.0,1810.0,1750.0,1795.0,633514.0
371,2017-03-07,1815.0,1815.0,1770.0,1790.0,123641.0
372,2017-03-08,1790.0,1790.0,1745.0,1760.0,312610.0
373,2017-03-09,1820.0,1840.0,1745.0,1820.0,437766.0
374,2017-03-10,1800.0,1830.0,1780.0,1825.0,177199.0
375,2017-03-13,1825.0,1835.0,1785.0,1830.0,193170.0
376,2017-03-14,1840.0,1865.0,1810.0,1845.0,279633.0
377,2017-03-15,1860.0,1860.0,1790.0,1825.0,294089.0
378,2017-03-16,1830.0,2010.0,1815.0,1860.0,1900998.0
379,2017-03-17,1885.0,1985.0,1860.0,1945.0,1145760.0
380,2017-03-20,1945.0,2010.0,1905.0,1960.0,949378.0
381,2017-03-21,1970.0,1970.0,1885.0,1940.0,490931.0
382,2017-03-22,1980.0,2080.0,1910.0,1915.0,3116363.0
383,2017-03-23,1920.0,1960.0,1835.0,1880.0,686869.0
384,2017-03-24,1885.0,1885.0,1795.0,1860.0,688957.0
385,2017-03-27,1870.0,1925.0,1855.0,1870.0,498363.0
386,2017-03-28,1870.0,1910.0,1870.0,1905.0,221542.0
387,2017-03-29,1925.0,1945.0,1880.0,1900.0,677657.0
388,2017-03-30,1925.0,1925.0,1870.0,1900.0,602818.0
389,2017-03-31,1900.0,1915.0,1865.0,1885.0,666595.0
390,2017-04-03,1890.0,1890.0,1830.0,1855.0,769645.0
391,2017-04-04,1870.0,1895.0,1830.0,1845.0,397528.0
392,2017-04-05,1880.0,1970.0,1855.0,1960.0,2329168.0
393,2017-04-06,1975.0,1975.0,1905.0,1955.0,1567009.0
394,2017-04-07,1960.0,1960.0,1905.0,1950.0,724058.0
395,2017-04-10,1945.0,1950.0,1890.0,1905.0,902442.0
396,2017-04-11,1915.0,1940.0,1880.0,1940.0,937266.0
397,2017-04-12,1935.0,1950.0,1905.0,1940.0,677039.0
398,2017-04-13,1950.0,1960.0,1920.0,1935.0,932417.0
399,2017-04-14,1945.0,1945.0,1885.0,1895.0,694233.0
400,2017-04-17,1905.0,1925.0,1875.0,1915.0,586332.0
401,2017-04-18,1920.0,1985.0,1900.0,1930.0,2007374.0
402,2017-04-19,1930.0,1950.0,1895.0,1925.0,945940.0
403,2017-04-20,1925.0,1935.0,1890.0,1910.0,573281.0
404,2017-04-21,1915.0,1920.0,1885.0,1905.0,470279.0
405,2017-04-24,1930.0,1930.0,1885.0,1905.0,422563.0
406,2017-04-25,1910.0,1910.0,1885.0,1905.0,510078.0
407,2017-04-26,1910.0,1910.0,1885.0,1900.0,507189.0
408,2017-04-27,1900.0,1905.0,1825.0,1855.0,1460331.0
409,2017-04-28,1855.0,1865.0,1820.0,1845.0,432363.0
410,2017-05-02,1835.0,1865.0,1820.0,1865.0,324036.0
411,2017-05-04,1870.0,1880.0,1845.0,1860.0,357089.0
412,2017-05-08,1870.0,1905.0,1860.0,1880.0,839332.0
413,2017-05-10,1920.0,1920.0,1885.0,1900.0,729350.0
414,2017-05-11,1905.0,1920.0,1885.0,1910.0,1017487.0
415,2017-05-12,1915.0,1915.0,1840.0,1860.0,939261.0
416,2017-05-15,1835.0,1865.0,1520.0,1520.0,4472737.0
417,2017-05-16,1665.0,1750.0,1570.0,1650.0,8849712.0
418,2017-05-17,1670.0,1705.0,1630.0,1675.0,1198099.0
419,2017-05-18,1650.0,1820.0,1630.0,1710.0,3617386.0
420,2017-05-19,1715.0,1765.0,1690.0,1720.0,714902.0
421,2017-05-22,1705.0,1735.0,1700.0,1710.0,385329.0
422,2017-05-23,1720.0,1720.0,1625.0,1660.0,959523.0
423,2017-05-24,1660.0,1710.0,1650.0,1705.0,684324.0
424,2017-05-25,1705.0,1720.0,1680.0,1695.0,373164.0
425,2017-05-26,1700.0,1700.0,1650.0,1670.0,491950.0
426,2017-05-29,1675.0,1690.0,1660.0,1690.0,244736.0
427,2017-05-30,1690.0,1715.0,1670.0,1690.0,541872.0
428,2017-05-31,1700.0,1865.0,1700.0,1715.0,2560587.0
429,2017-06-01,1715.0,1735.0,1695.0,1725.0,509755.0
430,2017-06-02,1725.0,1790.0,1700.0,1735.0,942758.0
431,2017-06-05,1760.0,1790.0,1740.0,1755.0,585456.0
432,2017-06-07,1760.0,1770.0,1730.0,1745.0,465153.0
433,2017-06-08,1750.0,1820.0,1725.0,1805.0,1147733.0
434,2017-06-09,1815.0,1835.0,1775.0,1795.0,776744.0
435,2017-06-12,1780.0,1785.0,1715.0,1750.0,675147.0
436,2017-06-13,1700.0,1760.0,1700.0,1735.0,696971.0
437,2017-06-14,1740.0,1800.0,1730.0,1775.0,883243.0
438,2017-06-15,1775.0,1790.0,1735.0,1765.0,375701.0
439,2017-06-16,1780.0,1905.0,1760.0,1840.0,5455923.0
440,2017-06-19,1835.0,1845.0,1790.0,1820.0,850973.0
441,2017-06-20,1830.0,1835.0,1780.0,1780.0,581399.0
442,2017-06-21,1800.0,1805.0,1740.0,1765.0,550352.0
443,2017-06-22,1785.0,1790.0,1740.0,1765.0,352575.0
444,2017-06-23,1765.0,1770.0,1710.0,1745.0,371132.0
445,2017-06-26,1750.0,1755.0,1685.0,1715.0,710245.0
446,2017-06-27,1715.0,1780.0,1700.0,1770.0,362417.0
447,2017-06-28,1765.0,1765.0,1705.0,1725.0,584223.0
448,2017-06-29,1770.0,1820.0,1760.0,1770.0,1355041.0
449,2017-06-30,1750.0,1760.0,1715.0,1740.0,523534.0
450,2017-07-03,1740.0,1760.0,1700.0,1710.0,408770.0
451,2017-07-04,1700.0,1715.0,1680.0,1695.0,299989.0
452,2017-07-05,1695.0,1720.0,1685.0,1710.0,220711.0
453,2017-07-06,1725.0,1725.0,1685.0,1690.0,350046.0
454,2017-07-07,1670.0,1705.0,1665.0,1690.0,395131.0
455,2017-07-10,1695.0,1705.0,1640.0,1650.0,458398.0
456,2017-07-11,1645.0,1685.0,1590.0,1590.0,797332.0
457,2017-07-12,1615.0,1625.0,1555.0,1625.0,549531.0
458,2017-07-13,1615.0,1660.0,1610.0,1630.0,604732.0
459,2017-07-14,1650.0,1675.0,1610.0,1635.0,460612.0
460,2017-07-17,1640.0,1660.0,1620.0,1625.0,348380.0
461,2017-07-18,1625.0,1880.0,1625.0,1705.0,7632479.0
462,2017-07-19,1705.0,1785.0,1705.0,1735.0,1408155.0
463,2017-07-20,1765.0,1815.0,1720.0,1780.0,1305600.0
464,2017-07-21,1780.0,1895.0,1770.0,1895.0,2700869.0
465,2017-07-24,1915.0,2230.0,1875.0,1985.0,13694072.0
466,2017-07-25,2010.0,2010.0,1935.0,1970.0,2312436.0
467,2017-07-26,1975.0,1985.0,1805.0,1805.0,2531845.0
468,2017-07-27,1810.0,1960.0,1810.0,1910.0,3940989.0
469,2017-07-28,1885.0,1900.0,1825.0,1850.0,1072951.0
470,2017-07-31,1835.0,1895.0,1750.0,1800.0,955662.0
471,2017-08-01,1800.0,1865.0,1765.0,1770.0,897715.0
472,2017-08-02,1790.0,1880.0,1775.0,1855.0,933580.0
473,2017-08-03,1855.0,1855.0,1730.0,1735.0,1139132.0
474,2017-08-04,1740.0,1825.0,1710.0,1820.0,745568.0
475,2017-08-07,1815.0,1850.0,1800.0,1805.0,380326.0
476,2017-08-08,1800.0,1845.0,1770.0,1820.0,602575.0
477,2017-08-09,1800.0,1800.0,1695.0,1750.0,1113716.0
478,2017-08-10,1795.0,1825.0,1700.0,1730.0,1344333.0
479,2017-08-11,1695.0,1715.0,1660.0,1665.0,1066183.0
480,2017-08-14,1675.0,1720.0,1655.0,1710.0,566598.0
481,2017-08-16,1690.0,1815.0,1675.0,1765.0,1318688.0
482,2017-08-17,1810.0,1855.0,1780.0,1835.0,1361312.0
483,2017-08-18,1820.0,1870.0,1820.0,1860.0,972996.0
484,2017-08-21,1890.0,1920.0,1870.0,1885.0,1957083.0
485,2017-08-22,1940.0,1975.0,1910.0,1955.0,2475629.0
486,2017-08-23,1965.0,1965.0,1880.0,1905.0,1313366.0
487,2017-08-24,1900.0,1975.0,1880.0,1970.0,1931408.0
488,2017-08-25,1980.0,2110.0,1895.0,1895.0,5381965.0
489,2017-08-28,1890.0,2015.0,1885.0,1960.0,2010123.0
490,2017-08-29,1940.0,2050.0,1925.0,2030.0,2441690.0
491,2017-08-30,2030.0,2130.0,2020.0,2040.0,3123663.0
492,2017-08-31,2035.0,2060.0,1985.0,2000.0,1348614.0
493,2017-09-01,2010.0,2050.0,1990.0,1995.0,952668.0
494,2017-09-04,1890.0,1960.0,1885.0,1915.0,1194917.0
495,2017-09-05,1925.0,1960.0,1880.0,1900.0,807135.0
496,2017-09-06,1890.0,1935.0,1890.0,1910.0,465468.0
497,2017-09-07,1920.0,1940.0,1900.0,1940.0,460235.0
498,2017-09-08,1970.0,1975.0,1890.0,1910.0,446888.0
499,2017-09-11,1910.0,1910.0,1735.0,1890.0,2010834.0
500,2017-09-12,1940.0,2025.0,1925.0,2005.0,2461107.0
501,2017-09-13,2005.0,2080.0,1960.0,2010.0,2627126.0
502,2017-09-14,2020.0,2115.0,1995.0,2030.0,3418999.0
503,2017-09-15,2005.0,2065.0,1995.0,2040.0,1156813.0
504,2017-09-18,2050.0,2065.0,1995.0,1995.0,1328770.0
505,2017-09-19,1985.0,2005.0,1910.0,1940.0,2206202.0
506,2017-09-20,1960.0,1985.0,1875.0,1885.0,1703230.0
507,2017-09-21,1900.0,1925.0,1805.0,1855.0,1004889.0
508,2017-09-22,1855.0,1880.0,1780.0,1790.0,1096400.0
509,2017-09-25,1790.0,1960.0,1780.0,1850.0,1897615.0
510,2017-09-26,1820.0,1880.0,1820.0,1845.0,441345.0
511,2017-09-27,1870.0,1870.0,1830.0,1835.0,391884.0
512,2017-09-28,1830.0,1915.0,1815.0,1890.0,1029063.0
513,2017-09-29,1890.0,1950.0,1890.0,1930.0,910945.0
514,2017-10-10,1940.0,1975.0,1910.0,1945.0,793814.0
515,2017-10-11,1925.0,1950.0,1890.0,1920.0,565389.0
516,2017-10-12,1930.0,1930.0,1865.0,1900.0,555585.0
517,2017-10-13,1890.0,1900.0,1800.0,1850.0,881392.0
518,2017-10-16,1820.0,1840.0,1745.0,1745.0,867323.0
519,2017-10-17,1750.0,1805.0,1735.0,1750.0,481948.0
520,2017-10-18,1750.0,1765.0,1685.0,1730.0,590166.0
521,2017-10-19,1710.0,1830.0,1710.0,1830.0,785852.0
522,2017-10-20,1815.0,1850.0,1800.0,1850.0,347680.0
523,2017-10-23,1850.0,1890.0,1830.0,1865.0,608140.0
524,2017-10-24,1850.0,1895.0,1830.0,1840.0,509961.0
525,2017-10-25,1830.0,1865.0,1825.0,1825.0,227797.0
526,2017-10-26,1800.0,1865.0,1785.0,1825.0,368480.0
527,2017-10-27,1820.0,1855.0,1790.0,1840.0,566151.0
528,2017-10-30,1845.0,1855.0,1805.0,1820.0,288411.0
529,2017-10-31,1800.0,1820.0,1760.0,1815.0,366174.0
530,2017-11-01,1820.0,1845.0,1770.0,1810.0,539891.0
531,2017-11-02,1820.0,1850.0,1785.0,1840.0,482985.0
532,2017-11-03,1840.0,1855.0,1805.0,1850.0,345738.0
533,2017-11-06,1855.0,1865.0,1800.0,1825.0,361817.0
534,2017-11-07,1825.0,1835.0,1785.0,1815.0,435356.0
535,2017-11-08,1815.0,1825.0,1775.0,1795.0,400873.0
536,2017-11-09,1795.0,1810.0,1755.0,1775.0,686577.0
537,2017-11-10,1750.0,1785.0,1745.0,1765.0,312508.0
538,2017-11-13,1765.0,1785.0,1745.0,1765.0,297060.0
539,2017-11-14,1780.0,1830.0,1745.0,1780.0,841278.0
540,2017-11-15,1760.0,1810.0,1730.0,1810.0,1060976.0
541,2017-11-16,1800.0,1885.0,1800.0,1865.0,1047980.0
542,2017-11-17,1865.0,1870.0,1820.0,1865.0,406869.0
543,2017-11-20,1850.0,1880.0,1830.0,1860.0,630580.0
544,2017-11-21,1845.0,1860.0,1805.0,1815.0,645619.0
545,2017-11-22,1825.0,1870.0,1815.0,1865.0,696236.0
546,2017-11-23,1895.0,1895.0,1830.0,1850.0,416387.0
547,2017-11-24,1855.0,1865.0,1815.0,1830.0,471870.0
548,2017-11-27,1830.0,1855.0,1795.0,1820.0,853244.0
549,2017-11-28,1820.0,1825.0,1765.0,1785.0,585476.0
550,2017-11-29,1780.0,1820.0,1740.0,1775.0,571185.0
551,2017-11-30,1750.0,1780.0,1660.0,1680.0,1056913.0
552,2017-12-01,1700.0,1720.0,1675.0,1705.0,467035.0
553,2017-12-04,1705.0,1780.0,1685.0,1755.0,1089212.0
554,2017-12-05,1740.0,1755.0,1710.0,1730.0,378992.0
555,2017-12-06,1730.0,1745.0,1665.0,1695.0,525614.0
556,2017-12-07,1690.0,1705.0,1630.0,1645.0,754391.0
557,2017-12-08,1655.0,1695.0,1650.0,1675.0,311447.0
558,2017-12-11,1675.0,1745.0,1660.0,1720.0,401106.0
559,2017-12-12,1705.0,1720.0,1680.0,1695.0,240489.0
560,2017-12-13,1680.0,1705.0,1670.0,1685.0,282098.0
561,2017-12-14,1700.0,1705.0,1645.0,1670.0,305958.0
562,2017-12-15,1650.0,1680.0,1625.0,1680.0,431133.0
563,2017-12-18,1655.0,1675.0,1610.0,1620.0,415652.0
564,2017-12-19,1590.0,1615.0,1570.0,1590.0,435467.0
565,2017-12-20,1585.0,1610.0,1555.0,1610.0,422295.0
566,2017-12-21,1600.0,1600.0,1545.0,1550.0,332321.0
567,2017-12-22,1535.0,1575.0,1495.0,1550.0,218479.0
568,2017-12-26,1550.0,1585.0,1525.0,1570.0,268573.0
569,2017-12-27,1590.0,1630.0,1575.0,1625.0,209284.0
570,2017-12-28,1640.0,1700.0,1625.0,1700.0,439084.0
571,2018-01-02,1700.0,1700.0,1635.0,1650.0,464656.0
572,2018-01-03,1650.0,1780.0,1645.0,1705.0,1297049.0
573,2018-01-04,1725.0,1745.0,1690.0,1740.0,539678.0
574,2018-01-05,1800.0,1970.0,1800.0,1825.0,6899820.0
575,2018-01-08,1840.0,1850.0,1765.0,1795.0,1409979.0
576,2018-01-09,1800.0,1870.0,1775.0,1790.0,1281146.0
577,2018-01-10,1780.0,1840.0,1780.0,1820.0,984907.0
578,2018-01-11,1925.0,1950.0,1850.0,1875.0,1820598.0
579,2018-01-12,1875.0,1875.0,1820.0,1850.0,444263.0
580,2018-01-15,1845.0,1850.0,1790.0,1840.0,472958.0
581,2018-01-16,1850.0,1850.0,1785.0,1810.0,520027.0
582,2018-01-17,1815.0,1865.0,1790.0,1830.0,655056.0
583,2018-01-18,1850.0,1870.0,1815.0,1840.0,784231.0
584,2018-01-19,1840.0,1850.0,1800.0,1825.0,491795.0
585,2018-01-22,1820.0,1870.0,1815.0,1825.0,409353.0
586,2018-01-23,1835.0,1850.0,1795.0,1810.0,680068.0
587,2018-01-24,1810.0,1840.0,1785.0,1785.0,761732.0
588,2018-01-25,1795.0,1810.0,1770.0,1775.0,660381.0
589,2018-01-26,1790.0,1875.0,1760.0,1855.0,1117866.0
590,2018-01-29,1850.0,1930.0,1850.0,1930.0,2193811.0
591,2018-01-30,1925.0,1940.0,1880.0,1905.0,963266.0
592,2018-01-31,1890.0,1935.0,1870.0,1880.0,737093.0
593,2018-02-01,1870.0,1900.0,1840.0,1885.0,719201.0
594,2018-02-02,1895.0,1915.0,1785.0,1815.0,1190292.0
595,2018-02-05,1760.0,1780.0,1710.0,1745.0,654029.0
596,2018-02-06,1650.0,1745.0,1640.0,1745.0,672043.0
597,2018-02-07,1715.0,1770.0,1655.0,1660.0,770245.0
598,2018-02-08,1665.0,1695.0,1630.0,1670.0,433995.0
599,2018-02-09,1630.0,1730.0,1615.0,1670.0,433344.0
600,2018-02-12,1695.0,1710.0,1665.0,1695.0,194373.0
601,2018-02-13,1700.0,1720.0,1675.0,1690.0,218324.0
602,2018-02-14,1690.0,1710.0,1660.0,1685.0,213758.0
603,2018-02-19,1690.0,1730.0,1690.0,1710.0,199426.0
604,2018-02-20,1725.0,1730.0,1695.0,1705.0,119902.0
605,2018-02-21,1700.0,1720.0,1685.0,1700.0,206782.0
606,2018-02-22,1705.0,2210.0,1680.0,2210.0,36270782.0
607,2018-02-23,2355.0,2540.0,2210.0,2250.0,33761184.0
608,2018-02-26,2415.0,2740.0,2335.0,2485.0,48832710.0
609,2018-02-27,2530.0,2535.0,2340.0,2410.0,9211856.0
610,2018-02-28,2365.0,2375.0,2225.0,2270.0,7028632.0
611,2018-03-02,2210.0,2345.0,2205.0,2315.0,5028494.0
612,2018-03-05,2255.0,2295.0,2165.0,2190.0,3527479.0
613,2018-03-06,2220.0,2250.0,2130.0,2250.0,5962812.0
614,2018-03-07,2230.0,2350.0,2160.0,2160.0,12065346.0
615,2018-03-08,2185.0,2250.0,2155.0,2230.0,3733552.0
616,2018-03-09,2220.0,2275.0,2185.0,2265.0,3431157.0
617,2018-03-12,2280.0,2295.0,2215.0,2215.0,2468450.0
618,2018-03-13,2220.0,2230.0,2165.0,2230.0,1718675.0
619,2018-03-14,2260.0,2800.0,2260.0,2495.0,53419503.0
620,2018-03-15,2475.0,2475.0,2355.0,2445.0,6927041.0
621,2018-03-16,2445.0,2455.0,2320.0,2360.0,4398300.0
622,2018-03-19,2365.0,2495.0,2335.0,2490.0,6899073.0
623,2018-03-20,2440.0,2625.0,2420.0,2460.0,7565799.0
624,2018-03-21,2465.0,2580.0,2405.0,2405.0,3579854.0
625,2018-03-22,2405.0,2480.0,2300.0,2300.0,3163221.0
626,2018-03-23,2215.0,2305.0,2170.0,2215.0,2335370.0
627,2018-03-26,2190.0,2280.0,2145.0,2245.0,2088771.0
628,2018-03-27,2295.0,2335.0,2240.0,2285.0,1307340.0
629,2018-03-28,2250.0,2300.0,2190.0,2245.0,1217853.0
630,2018-03-29,2220.0,2280.0,2200.0,2280.0,1030881.0
631,2018-03-30,2315.0,2375.0,2280.0,2360.0,2189669.0
632,2018-04-02,2430.0,2570.0,2305.0,2345.0,4955424.0
633,2018-04-03,2295.0,2420.0,2285.0,2400.0,1356764.0
634,2018-04-04,2440.0,2460.0,2280.0,2310.0,1400023.0
635,2018-04-05,2330.0,2355.0,2255.0,2355.0,1082684.0
636,2018-04-06,2370.0,2425.0,2320.0,2390.0,1597325.0
637,2018-04-09,2365.0,2550.0,2350.0,2510.0,4384678.0
638,2018-04-10,2570.0,2645.0,2490.0,2510.0,4901907.0
639,2018-04-11,2545.0,2595.0,2470.0,2560.0,1899951.0
640,2018-04-12,2565.0,2590.0,2440.0,2445.0,1824328.0
641,2018-04-13,2450.0,2570.0,2395.0,2475.0,2302531.0
642,2018-04-16,2470.0,2565.0,2460.0,2560.0,1598585.0
643,2018-04-17,2615.0,3050.0,2605.0,2750.0,34183839.0
644,2018-04-18,2765.0,2820.0,2660.0,2730.0,5563191.0
645,2018-04-19,2720.0,2835.0,2630.0,2795.0,3656661.0
646,2018-04-20,2760.0,2880.0,2700.0,2715.0,3350029.0
647,2018-04-23,2700.0,2710.0,2560.0,2575.0,2376140.0
648,2018-04-24,2595.0,2655.0,2545.0,2570.0,1616176.0
649,2018-04-25,2560.0,2850.0,2525.0,2850.0,6007103.0
650,2018-04-26,2900.0,2920.0,2755.0,2850.0,3640384.0
651,2018-04-27,2840.0,2925.0,2820.0,2875.0,1859835.0
652,2018-04-30,2840.0,2950.0,2645.0,2895.0,3866773.0
653,2018-05-02,2920.0,2925.0,2815.0,2845.0,1522136.0
654,2018-05-03,2815.0,2915.0,2755.0,2755.0,1506307.0
655,2018-05-04,2765.0,2785.0,2700.0,2730.0,947885.0
656,2018-05-08,2730.0,2760.0,2680.0,2685.0,1079964.0
657,2018-05-09,2675.0,2810.0,2580.0,2790.0,1448282.0
658,2018-05-10,2785.0,2795.0,2715.0,2780.0,1124704.0
659,2018-05-11,2795.0,2920.0,2765.0,2885.0,1959627.0
660,2018-05-14,2915.0,2930.0,2800.0,2845.0,1212793.0
661,2018-05-15,2845.0,2885.0,2560.0,2660.0,3365437.0
662,2018-05-16,2680.0,2690.0,2510.0,2535.0,1623516.0
663,2018-05-17,2530.0,2630.0,2470.0,2535.0,1431637.0
664,2018-05-18,2500.0,2610.0,2495.0,2580.0,824821.0
665,2018-05-21,2635.0,2635.0,2560.0,2565.0,563886.0
666,2018-05-23,2570.0,2780.0,2565.0,2690.0,1872437.0
667,2018-05-24,2730.0,2760.0,2630.0,2680.0,1225273.0
668,2018-05-25,2635.0,2660.0,2605.0,2635.0,641235.0
669,2018-05-28,2640.0,2665.0,2535.0,2565.0,1328034.0
670,2018-05-29,2560.0,2575.0,2505.0,2515.0,901613.0
671,2018-05-30,2500.0,2500.0,2340.0,2395.0,1697097.0
672,2018-05-31,2360.0,2435.0,2305.0,2370.0,1035444.0
673,2018-06-01,2365.0,2460.0,2280.0,2450.0,968702.0
674,2018-06-04,2440.0,2600.0,2420.0,2510.0,1214325.0
675,2018-06-05,2520.0,2565.0,2450.0,2520.0,625887.0
676,2018-06-07,2545.0,2645.0,2500.0,2580.0,1551722.0
677,2018-06-08,2580.0,2595.0,2515.0,2565.0,694530.0
678,2018-06-11,2525.0,2720.0,2500.0,2615.0,2498018.0
679,2018-06-12,2615.0,2695.0,2590.0,2655.0,1564507.0
680,2018-06-14,2655.0,2730.0,2655.0,2690.0,1736018.0
681,2018-06-15,2710.0,2740.0,2580.0,2600.0,1065667.0
682,2018-06-18,2585.0,2595.0,2400.0,2435.0,1933594.0
683,2018-06-19,2450.0,2480.0,2400.0,2420.0,1021860.0
684,2018-06-20,2395.0,2470.0,2375.0,2455.0,972914.0
685,2018-06-21,2470.0,2475.0,2400.0,2455.0,592901.0
686,2018-06-22,2455.0,2700.0,2360.0,2570.0,2936370.0
687,2018-06-25,2610.0,3260.0,2610.0,3205.0,43370580.0
688,2018-06-26,3165.0,3260.0,3080.0,3225.0,13260041.0
689,2018-06-27,3300.0,3325.0,2945.0,2965.0,9559647.0
690,2018-06-28,2910.0,2970.0,2765.0,2920.0,4639019.0
691,2018-06-29,2940.0,3025.0,2825.0,2830.0,3896344.0
692,2018-07-02,2835.0,3050.0,2800.0,3050.0,8068816.0
693,2018-07-03,2985.0,3095.0,2800.0,3040.0,7271759.0
694,2018-07-04,2990.0,3255.0,2905.0,2905.0,10090060.0
695,2018-07-05,2970.0,3015.0,2820.0,2930.0,4489514.0
696,2018-07-06,2910.0,2950.0,2800.0,2865.0,2545667.0
697,2018-07-09,2835.0,3030.0,2800.0,3000.0,3341676.0
698,2018-07-10,3025.0,3090.0,2970.0,3060.0,3137515.0
699,2018-07-11,3030.0,3225.0,2985.0,3210.0,5991750.0
700,2018-07-12,3160.0,3260.0,3070.0,3130.0,4221572.0
701,2018-07-13,3140.0,3390.0,3110.0,3360.0,11933433.0
702,2018-07-16,3400.0,3445.0,3300.0,3325.0,3602004.0
703,2018-07-17,3350.0,3360.0,3190.0,3275.0,2502641.0
704,2018-07-18,3240.0,3285.0,3140.0,3165.0,1784683.0
705,2018-07-19,3180.0,3300.0,3105.0,3160.0,2848331.0
706,2018-07-20,3135.0,3205.0,3010.0,3130.0,2331483.0
707,2018-07-23,3150.0,3150.0,2880.0,2880.0,1849928.0
708,2018-07-24,2860.0,2990.0,2810.0,2915.0,1484845.0
709,2018-07-25,2895.0,3020.0,2840.0,2920.0,1524411.0
710,2018-07-26,2960.0,2985.0,2910.0,2930.0,872221.0
711,2018-07-27,2925.0,3125.0,2900.0,3120.0,2134998.0
712,2018-07-30,3145.0,3170.0,3035.0,3130.0,1155608.0
713,2018-07-31,3100.0,3145.0,3035.0,3050.0,819964.0
714,2018-08-01,3075.0,3140.0,3050.0,3140.0,1165661.0
715,2018-08-02,3125.0,3220.0,3110.0,3160.0,1708248.0
716,2018-08-03,3200.0,3275.0,3165.0,3255.0,2088215.0
717,2018-08-06,3245.0,3260.0,3165.0,3170.0,956821.0
718,2018-08-07,3150.0,3215.0,3120.0,3195.0,1069995.0
719,2018-08-08,3205.0,3215.0,3030.0,3060.0,1382374.0
720,2018-08-09,3050.0,3120.0,2965.0,3115.0,968139.0
721,2018-08-10,3100.0,3140.0,2985.0,3005.0,801446.0
722,2018-08-13,2955.0,2975.0,2875.0,2880.0,1337629.0
723,2018-08-14,2880.0,2935.0,2850.0,2920.0,1022022.0
724,2018-08-16,2720.0,2975.0,2690.0,2960.0,2195466.0
725,2018-08-17,3000.0,3005.0,2885.0,2900.0,659067.0
726,2018-08-20,2920.0,2950.0,2885.0,2885.0,533478.0
727,2018-08-21,2920.0,2950.0,2890.0,2900.0,587824.0
728,2018-08-22,2925.0,2935.0,2895.0,2910.0,468356.0
729,2018-08-23,2910.0,2935.0,2795.0,2820.0,1078019.0
730,2018-08-24,2805.0,2845.0,2765.0,2845.0,926974.0
731,2018-08-27,2855.0,2865.0,2805.0,2835.0,524612.0
732,2018-08-28,2840.0,2900.0,2830.0,2840.0,580890.0
733,2018-08-29,2845.0,2890.0,2835.0,2860.0,396721.0
734,2018-08-30,2875.0,3145.0,2860.0,3015.0,3238968.0
735,2018-08-31,2990.0,3020.0,2925.0,2950.0,915641.0
736,2018-09-03,2950.0,2965.0,2880.0,2900.0,657870.0
737,2018-09-04,2900.0,3150.0,2895.0,3050.0,3896718.0
738,2018-09-05,3055.0,3090.0,2965.0,3010.0,1521686.0
739,2018-09-06,3000.0,3060.0,2990.0,3005.0,834594.0
740,2018-09-07,3030.0,3185.0,3025.0,3095.0,4138962.0
741,2018-09-10,3130.0,3135.0,3040.0,3070.0,1028794.0
742,2018-09-11,3060.0,3140.0,3015.0,3085.0,1284987.0
743,2018-09-12,3085.0,3130.0,3045.0,3060.0,1198162.0
744,2018-09-13,3095.0,3130.0,3045.0,3060.0,942720.0
745,2018-09-14,3060.0,3080.0,3010.0,3020.0,994938.0
746,2018-09-17,3080.0,3130.0,3005.0,3040.0,2640074.0
747,2018-09-18,3040.0,3160.0,2990.0,3090.0,2864121.0
748,2018-09-19,3080.0,3115.0,2995.0,3000.0,1165879.0
749,2018-09-20,2995.0,3010.0,2905.0,2965.0,1203711.0
750,2018-09-21,2940.0,3005.0,2940.0,2960.0,669205.0
751,2018-09-27,2965.0,3000.0,2930.0,2965.0,576490.0
752,2018-09-28,2960.0,3070.0,2940.0,2985.0,982833.0
753,2018-10-01,2970.0,3025.0,2950.0,3010.0,663330.0
754,2018-10-02,3045.0,3100.0,3005.0,3005.0,1260000.0
755,2018-10-04,3035.0,3070.0,2960.0,2965.0,970622.0
756,2018-10-05,2930.0,2960.0,2855.0,2860.0,845113.0
757,2018-10-08,2815.0,2935.0,2785.0,2835.0,923396.0
758,2018-10-10,2850.0,2850.0,2685.0,2685.0,1030032.0
759,2018-10-11,2500.0,2645.0,2450.0,2465.0,1232639.0
760,2018-10-12,2490.0,2630.0,2470.0,2625.0,786538.0
761,2018-10-15,2640.0,2680.0,2580.0,2600.0,438560.0
762,2018-10-16,2630.0,2650.0,2570.0,2605.0,386088.0
763,2018-10-17,2650.0,2660.0,2490.0,2545.0,756030.0
764,2018-10-18,2550.0,2560.0,2480.0,2490.0,515008.0
765,2018-10-19,2475.0,2480.0,2365.0,2430.0,1046514.0
766,2018-10-22,2430.0,2460.0,2345.0,2370.0,906335.0
767,2018-10-23,2375.0,2430.0,2280.0,2290.0,1205520.0
768,2018-10-24,2280.0,2350.0,2100.0,2130.0,1744610.0
769,2018-10-25,2055.0,2130.0,1980.0,2105.0,1929644.0
770,2018-10-26,2135.0,2160.0,1905.0,1955.0,1798871.0
771,2018-10-29,1950.0,2015.0,1760.0,1760.0,1441914.0
772,2018-10-30,1690.0,1895.0,1690.0,1865.0,1375086.0
773,2018-10-31,1915.0,2030.0,1860.0,2010.0,835798.0
774,2018-11-01,2025.0,2245.0,2010.0,2070.0,1385611.0
775,2018-11-02,2100.0,2215.0,2085.0,2200.0,903344.0
776,2018-11-05,2185.0,2230.0,2135.0,2200.0,515979.0
777,2018-11-06,2240.0,2450.0,2160.0,2320.0,2616960.0
778,2018-11-07,2360.0,2390.0,2245.0,2260.0,1002058.0
779,2018-11-08,2320.0,2360.0,2295.0,2315.0,640476.0
780,2018-11-09,2280.0,2305.0,2195.0,2205.0,735835.0
781,2018-11-12,2170.0,2255.0,2105.0,2200.0,424705.0
782,2018-11-13,2135.0,2230.0,2095.0,2230.0,465329.0
783,2018-11-14,2230.0,2370.0,2195.0,2300.0,1723264.0
784,2018-11-15,2230.0,2340.0,2220.0,2325.0,657742.0
785,2018-11-16,2350.0,2580.0,2285.0,2515.0,3046512.0
786,2018-11-19,2500.0,2545.0,2480.0,2520.0,1170691.0
787,2018-11-20,2450.0,2520.0,2450.0,2485.0,646015.0
788,2018-11-21,2455.0,2460.0,2390.0,2440.0,519348.0
789,2018-11-22,2445.0,2480.0,2365.0,2385.0,393183.0
790,2018-11-23,2400.0,2425.0,2315.0,2330.0,366198.0
791,2018-11-26,2345.0,2400.0,2315.0,2370.0,401588.0
792,2018-11-27,2405.0,2515.0,2365.0,2460.0,777745.0
793,2018-11-28,2495.0,2495.0,2435.0,2440.0,322162.0
794,2018-11-29,2495.0,2495.0,2365.0,2380.0,471736.0
795,2018-11-30,2400.0,2435.0,2370.0,2395.0,317049.0
796,2018-12-03,2420.0,2465.0,2385.0,2405.0,383771.0
797,2018-12-04,2410.0,2420.0,2370.0,2375.0,274303.0
798,2018-12-05,2300.0,2355.0,2295.0,2325.0,392629.0
799,2018-12-06,2300.0,2320.0,2185.0,2215.0,836931.0
800,2018-12-07,2230.0,2285.0,2215.0,2275.0,251750.0
801,2018-12-10,2250.0,2250.0,2180.0,2200.0,297856.0
802,2018-12-11,2210.0,2250.0,2160.0,2160.0,286304.0
803,2018-12-12,2130.0,2290.0,2130.0,2290.0,427242.0
804,2018-12-13,2310.0,2310.0,2265.0,2280.0,265041.0
805,2018-12-14,2275.0,2275.0,2175.0,2205.0,439222.0
806,2018-12-17,2170.0,2215.0,2140.0,2170.0,286915.0
807,2018-12-18,2120.0,2225.0,2120.0,2165.0,411823.0
808,2018-12-19,2200.0,2375.0,2170.0,2255.0,1946527.0
809,2018-12-20,2245.0,2325.0,2210.0,2260.0,441429.0
810,2018-12-21,2250.0,2355.0,2245.0,2290.0,610876.0
811,2018-12-24,2260.0,2335.0,2260.0,2270.0,381234.0
812,2018-12-26,2210.0,2240.0,2185.0,2220.0,521095.0
813,2018-12-27,2260.0,2325.0,2250.0,2260.0,398265.0
814,2018-12-28,2300.0,2330.0,2275.0,2325.0,325378.0
815,2019-01-02,2350.0,2370.0,2300.0,2310.0,383060.0
816,2019-01-03,2300.0,2335.0,2260.0,2280.0,310071.0
817,2019-01-04,2260.0,2310.0,2215.0,2310.0,265497.0
818,2019-01-07,2385.0,2385.0,2315.0,2335.0,279605.0
819,2019-01-08,2335.0,2350.0,2285.0,2290.0,210020.0
820,2019-01-09,2300.0,2355.0,2295.0,2350.0,322428.0
821,2019-01-10,2350.0,2370.0,2325.0,2365.0,218436.0
822,2019-01-11,2375.0,2375.0,2305.0,2335.0,281230.0
823,2019-01-14,2335.0,2335.0,2270.0,2305.0,471746.0
824,2019-01-15,2305.0,2340.0,2295.0,2310.0,293511.0
825,2019-01-16,2300.0,2360.0,2295.0,2355.0,350385.0
826,2019-01-17,2365.0,2365.0,2325.0,2330.0,223184.0
827,2019-01-18,2335.0,2560.0,2315.0,2490.0,1922422.0
828,2019-01-21,2505.0,2510.0,2430.0,2460.0,612021.0
829,2019-01-22,2450.0,2485.0,2430.0,2450.0,302546.0
830,2019-01-23,2430.0,2490.0,2410.0,2480.0,306757.0
831,2019-01-24,2500.0,2640.0,2470.0,2600.0,1446073.0
832,2019-01-25,2645.0,2645.0,2530.0,2555.0,640554.0
833,2019-01-28,2555.0,2620.0,2550.0,2570.0,438101.0
834,2019-01-29,2585.0,2585.0,2495.0,2520.0,385406.0
835,2019-01-30,2520.0,2550.0,2480.0,2485.0,339441.0
836,2019-01-31,2490.0,2575.0,2485.0,2550.0,412400.0
837,2019-02-01,2530.0,2595.0,2530.0,2555.0,355542.0
838,2019-02-07,2585.0,2640.0,2560.0,2600.0,554128.0
839,2019-02-08,2560.0,2650.0,2560.0,2650.0,849668.0
840,2019-02-11,2650.0,2715.0,2630.0,2655.0,569418.0
841,2019-02-12,2660.0,2670.0,2615.0,2615.0,396993.0
842,2019-02-13,2640.0,2645.0,2515.0,2560.0,742149.0
843,2019-02-14,2505.0,2635.0,2465.0,2600.0,724306.0
844,2019-02-15,2625.0,2640.0,2540.0,2590.0,478081.0
845,2019-02-18,2600.0,2635.0,2540.0,2550.0,446266.0
846,2019-02-19,2535.0,2630.0,2515.0,2585.0,435795.0
847,2019-02-20,2600.0,2605.0,2560.0,2575.0,322220.0
848,2019-02-21,2580.0,2595.0,2515.0,2540.0,504018.0
849,2019-02-22,2540.0,2580.0,2520.0,2535.0,203760.0
850,2019-02-25,2555.0,2610.0,2555.0,2590.0,418240.0
851,2019-02-26,2610.0,2610.0,2535.0,2545.0,260890.0
852,2019-02-27,2545.0,2575.0,2520.0,2535.0,161781.0
853,2019-02-28,2525.0,2570.0,2370.0,2430.0,447397.0
854,2019-03-04,2450.0,2525.0,2450.0,2510.0,240016.0
855,2019-03-05,2510.0,2530.0,2455.0,2480.0,185913.0
856,2019-03-06,2480.0,2490.0,2450.0,2465.0,136584.0
857,2019-03-07,2450.0,2515.0,2440.0,2450.0,210407.0
858,2019-03-08,2440.0,2470.0,2370.0,2380.0,452513.0
859,2019-03-11,2375.0,2395.0,2300.0,2370.0,340334.0
860,2019-03-12,2400.0,2425.0,2360.0,2400.0,227243.0
861,2019-03-13,2385.0,2430.0,2350.0,2400.0,256749.0
862,2019-03-14,2400.0,2430.0,2390.0,2415.0,182504.0
863,2019-03-15,2410.0,2420.0,2310.0,2360.0,425095.0
864,2019-03-18,2340.0,2390.0,2325.0,2360.0,269008.0
865,2019-03-19,2345.0,2430.0,2345.0,2410.0,191315.0
866,2019-03-20,2410.0,2425.0,2380.0,2400.0,167145.0
867,2019-03-21,2410.0,2500.0,2395.0,2465.0,371225.0
868,2019-03-22,2480.0,2510.0,2450.0,2465.0,331629.0
869,2019-03-25,2415.0,2490.0,2415.0,2485.0,260612.0
870,2019-03-26,2485.0,2500.0,2445.0,2470.0,219210.0
871,2019-03-27,2455.0,2475.0,2365.0,2400.0,307080.0
872,2019-03-28,2400.0,2420.0,2310.0,2310.0,363189.0
873,2019-03-29,2310.0,2370.0,2305.0,2365.0,239444.0
874,2019-04-01,2375.0,2450.0,2360.0,2410.0,262039.0
875,2019-04-02,2415.0,2475.0,2415.0,2450.0,145380.0
876,2019-04-03,2460.0,2560.0,2435.0,2555.0,657283.0
877,2019-04-04,2540.0,2575.0,2525.0,2540.0,249235.0
878,2019-04-05,2530.0,2530.0,2445.0,2460.0,336884.0
879,2019-04-08,2470.0,2540.0,2455.0,2535.0,270964.0
880,2019-04-09,2600.0,2600.0,2540.0,2555.0,278146.0
881,2019-04-10,2545.0,2545.0,2495.0,2520.0,191087.0
882,2019-04-11,2505.0,2565.0,2485.0,2485.0,254099.0
883,2019-04-12,2510.0,2530.0,2485.0,2525.0,282752.0
884,2019-04-15,2525.0,2545.0,2470.0,2515.0,392276.0
885,2019-04-16,2530.0,2530.0,2495.0,2510.0,249385.0
886,2019-04-17,2510.0,2535.0,2485.0,2500.0,223834.0
887,2019-04-18,2500.0,2515.0,2465.0,2480.0,193593.0
888,2019-04-19,2460.0,2525.0,2460.0,2485.0,198323.0
889,2019-04-22,2485.0,2515.0,2455.0,2455.0,285101.0
890,2019-04-23,2450.0,2455.0,2400.0,2400.0,363904.0
891,2019-04-24,2420.0,2430.0,2365.0,2390.0,306891.0
892,2019-04-25,2365.0,2435.0,2355.0,2390.0,189662.0
893,2019-04-26,2355.0,2380.0,2345.0,2350.0,231149.0
894,2019-04-29,2315.0,2540.0,2315.0,2400.0,736936.0
895,2019-04-30,2405.0,2440.0,2360.0,2375.0,264626.0
896,2019-05-02,2350.0,2415.0,2345.0,2395.0,182267.0
897,2019-05-03,2400.0,2400.0,2355.0,2365.0,208198.0
898,2019-05-07,2330.0,2385.0,2310.0,2375.0,256791.0
899,2019-05-08,2365.0,2395.0,2325.0,2360.0,293426.0
900,2019-05-09,2390.0,2390.0,2290.0,2290.0,453308.0
901,2019-05-10,2275.0,2330.0,2205.0,2250.0,459374.0
902,2019-05-13,2250.0,2275.0,2190.0,2205.0,417691.0
903,2019-05-14,2150.0,2240.0,2110.0,2170.0,558880.0
904,2019-05-15,2170.0,2230.0,2150.0,2190.0,345424.0
905,2019-05-16,2175.0,2215.0,2140.0,2175.0,327004.0
906,2019-05-17,2205.0,2225.0,2165.0,2165.0,196723.0
907,2019-05-20,2165.0,2200.0,2090.0,2100.0,249961.0
908,2019-05-21,2075.0,2140.0,2075.0,2120.0,126675.0
909,2019-05-22,2140.0,2140.0,2095.0,2115.0,110384.0
910,2019-05-23,2090.0,2110.0,2035.0,2065.0,238279.0
911,2019-05-24,2020.0,2050.0,1980.0,2040.0,348929.0
912,2019-05-27,2060.0,2070.0,1995.0,2040.0,351153.0
913,2019-05-28,2040.0,2075.0,2030.0,2060.0,82507.0
914,2019-05-29,2100.0,2100.0,1995.0,2035.0,124873.0
915,2019-05-30,2030.0,2055.0,1995.0,2050.0,151255.0
916,2019-05-31,2150.0,2295.0,2125.0,2195.0,1003627.0
917,2019-06-03,2170.0,2280.0,2140.0,2250.0,301200.0
918,2019-06-04,2250.0,2320.0,2225.0,2320.0,290450.0
919,2019-06-05,2320.0,2350.0,2300.0,2335.0,361491.0
920,2019-06-07,2345.0,2435.0,2320.0,2370.0,410120.0
921,2019-06-10,2385.0,2410.0,2350.0,2370.0,235364.0
922,2019-06-11,2405.0,2410.0,2340.0,2370.0,236111.0
923,2019-06-12,2370.0,2375.0,2310.0,2330.0,191225.0
924,2019-06-13,2360.0,2390.0,2325.0,2360.0,184532.0
925,2019-06-14,2360.0,2380.0,2295.0,2305.0,232913.0
926,2019-06-17,2310.0,2355.0,2270.0,2350.0,206358.0
927,2019-06-18,2335.0,2470.0,2330.0,2355.0,453030.0
928,2019-06-19,2385.0,2385.0,2320.0,2325.0,285094.0
929,2019-06-20,2320.0,2360.0,2300.0,2360.0,154009.0
930,2019-06-21,2340.0,2400.0,2330.0,2365.0,208845.0
931,2019-06-24,2365.0,2385.0,2310.0,2310.0,236581.0
932,2019-06-25,2325.0,2335.0,2280.0,2315.0,313788.0
933,2019-06-26,2295.0,2330.0,2245.0,2255.0,238871.0
934,2019-06-27,2240.0,2435.0,2230.0,2390.0,911909.0
935,2019-06-28,2390.0,2770.0,2390.0,2745.0,12188061.0
936,2019-07-01,2715.0,2885.0,2630.0,2860.0,4401084.0
937,2019-07-02,2845.0,2850.0,2700.0,2735.0,2139608.0
938,2019-07-03,2735.0,2825.0,2680.0,2825.0,1690440.0
939,2019-07-04,2815.0,2820.0,2690.0,2710.0,885842.0
940,2019-07-05,2710.0,2740.0,2590.0,2640.0,1163495.0
941,2019-07-08,2650.0,2650.0,2475.0,2490.0,1388971.0
942,2019-07-09,2470.0,2535.0,2405.0,2420.0,815850.0
943,2019-07-10,2500.0,2500.0,2425.0,2495.0,561275.0
944,2019-07-11,2500.0,2715.0,2460.0,2595.0,1642640.0
945,2019-07-12,2580.0,2675.0,2535.0,2615.0,796333.0
946,2019-07-15,2615.0,2705.0,2555.0,2690.0,1650886.0
947,2019-07-16,2690.0,2725.0,2650.0,2685.0,642301.0
948,2019-07-17,2660.0,2720.0,2525.0,2570.0,634217.0
949,2019-07-18,2580.0,2625.0,2515.0,2600.0,309619.0
950,2019-07-19,2570.0,2670.0,2560.0,2615.0,386282.0
951,2019-07-22,2625.0,2680.0,2610.0,2620.0,414785.0
952,2019-07-23,2605.0,2670.0,2520.0,2590.0,426499.0
953,2019-07-24,2595.0,2650.0,2550.0,2600.0,452113.0
954,2019-07-25,2600.0,2720.0,2550.0,2555.0,996456.0
955,2019-07-26,2540.0,2595.0,2475.0,2475.0,614881.0
956,2019-07-29,2460.0,2515.0,2330.0,2335.0,584932.0
957,2019-07-30,2310.0,2425.0,2305.0,2365.0,421266.0
958,2019-07-31,2340.0,2410.0,2300.0,2410.0,358550.0
959,2019-08-01,2410.0,2420.0,2305.0,2335.0,323138.0
960,2019-08-02,2250.0,2400.0,2230.0,2335.0,426807.0
961,2019-08-05,2320.0,2360.0,2100.0,2150.0,829317.0
962,2019-08-06,2060.0,2215.0,1975.0,2030.0,982648.0
963,2019-08-07,2020.0,2235.0,2020.0,2190.0,1226304.0
964,2019-08-08,2250.0,2375.0,2230.0,2360.0,592354.0
965,2019-08-09,2320.0,2400.0,2300.0,2350.0,700469.0
966,2019-08-12,2370.0,2440.0,2315.0,2430.0,412596.0
967,2019-08-13,2425.0,2570.0,2370.0,2500.0,1790780.0
968,2019-08-14,2570.0,2585.0,2475.0,2540.0,904562.0
969,2019-08-16,2530.0,2630.0,2490.0,2540.0,1088701.0
970,2019-08-19,2595.0,2600.0,2520.0,2545.0,410163.0
971,2019-08-20,2550.0,2585.0,2520.0,2565.0,343461.0
972,2019-08-21,2570.0,2625.0,2530.0,2590.0,508625.0
973,2019-08-22,2620.0,2635.0,2495.0,2525.0,491749.0
974,2019-08-23,2485.0,2580.0,2420.0,2545.0,847702.0
975,2019-08-26,2485.0,2585.0,2480.0,2485.0,1176273.0
976,2019-08-27,2550.0,2565.0,2465.0,2515.0,800070.0
977,2019-08-28,2520.0,2675.0,2505.0,2630.0,1622393.0
978,2019-08-29,2600.0,2660.0,2545.0,2570.0,751248.0
979,2019-08-30,2600.0,2655.0,2570.0,2590.0,669198.0
980,2019-09-02,2590.0,2610.0,2540.0,2605.0,421855.0
981,2019-09-03,2610.0,2630.0,2575.0,2590.0,442508.0
982,2019-09-04,2555.0,2635.0,2540.0,2565.0,953330.0
983,2019-09-05,2600.0,2710.0,2585.0,2620.0,1098786.0
984,2019-09-06,2655.0,2660.0,2580.0,2590.0,471951.0
985,2019-09-09,2610.0,2675.0,2595.0,2615.0,822071.0
986,2019-09-10,2620.0,2670.0,2605.0,2615.0,325077.0
987,2019-09-11,2630.0,2640.0,2600.0,2610.0,444478.0
988,2019-09-16,2615.0,2625.0,2535.0,2565.0,574699.0
989,2019-09-17,2550.0,2560.0,2475.0,2500.0,767381.0
990,2019-09-18,2500.0,2500.0,2425.0,2475.0,676749.0
991,2019-09-19,2470.0,2525.0,2445.0,2465.0,389580.0
992,2019-09-20,2500.0,2500.0,2445.0,2470.0,321916.0
993,2019-09-23,2465.0,2480.0,2420.0,2420.0,388119.0
994,2019-09-24,2420.0,2450.0,2315.0,2395.0,775397.0
995,2019-09-25,2410.0,2410.0,2290.0,2330.0,729111.0
996,2019-09-26,2320.0,2390.0,2305.0,2350.0,405095.0
997,2019-09-27,2330.0,2400.0,2325.0,2345.0,222287.0
998,2019-09-30,2345.0,2360.0,2270.0,2315.0,316388.0
999,2019-10-01,2305.0,2350.0,2280.0,2330.0,285519.0
1000,2019-10-02,2350.0,2350.0,2245.0,2285.0,415767.0
1001,2019-10-04,2295.0,2295.0,2220.0,2270.0,416921.0
1002,2019-10-07,2250.0,2260.0,2205.0,2240.0,345653.0
1003,2019-10-08,2220.0,2330.0,2220.0,2275.0,434170.0
1004,2019-10-10,2275.0,2295.0,2220.0,2240.0,262977.0
1005,2019-10-11,2265.0,2315.0,2245.0,2285.0,240049.0
1006,2019-10-14,2290.0,2350.0,2280.0,2340.0,312319.0
1007,2019-10-15,2340.0,2345.0,2280.0,2295.0,260989.0
1008,2019-10-16,2300.0,2350.0,2300.0,2325.0,188508.0
1009,2019-10-17,2355.0,2355.0,2255.0,2265.0,356064.0
1010,2019-10-18,2265.0,2340.0,2265.0,2295.0,290215.0
1011,2019-10-21,2295.0,2300.0,2260.0,2265.0,231311.0
1012,2019-10-22,2285.0,2315.0,2260.0,2290.0,201261.0
1013,2019-10-23,2290.0,2400.0,2265.0,2390.0,667253.0
1014,2019-10-24,2400.0,2400.0,2305.0,2340.0,384827.0
1015,2019-10-25,2340.0,2345.0,2250.0,2270.0,423650.0
1016,2019-10-28,2290.0,2350.0,2250.0,2310.0,323655.0
1017,2019-10-29,2330.0,2355.0,2295.0,2315.0,292198.0
1018,2019-10-30,2345.0,2345.0,2310.0,2335.0,152001.0
1019,2019-10-31,2340.0,2360.0,2310.0,2345.0,275438.0
1020,2019-11-01,2320.0,2340.0,2270.0,2300.0,359227.0
1021,2019-11-04,2310.0,2340.0,2290.0,2320.0,198706.0
1022,2019-11-05,2340.0,2355.0,2315.0,2350.0,227271.0
1023,2019-11-06,2340.0,2410.0,2325.0,2345.0,1097217.0
1024,2019-11-07,2345.0,2380.0,2325.0,2345.0,300092.0
1025,2019-11-08,2370.0,2380.0,2335.0,2340.0,239287.0
1026,2019-11-11,2345.0,2365.0,2315.0,2350.0,181280.0
1027,2019-11-12,2360.0,2370.0,2330.0,2350.0,201013.0
1028,2019-11-13,2350.0,2445.0,2350.0,2400.0,1057736.0
1029,2019-11-14,2450.0,2450.0,2345.0,2375.0,543076.0
1030,2019-11-15,2395.0,2415.0,2370.0,2370.0,278261.0
1031,2019-11-18,2370.0,2370.0,2325.0,2345.0,343746.0
1032,2019-11-19,2360.0,2375.0,2320.0,2325.0,327982.0
1033,2019-11-20,2310.0,2330.0,2235.0,2260.0,810592.0
1034,2019-11-21,2260.0,2275.0,2200.0,2225.0,520771.0
1035,2019-11-22,2250.0,2280.0,2195.0,2200.0,399453.0
1036,2019-11-25,2220.0,2410.0,2220.0,2350.0,2552261.0
1037,2019-11-26,2350.0,2380.0,2335.0,2350.0,518397.0
1038,2019-11-27,2360.0,2365.0,2310.0,2330.0,214832.0
1039,2019-11-28,2310.0,2360.0,2310.0,2325.0,190986.0
1040,2019-11-29,2325.0,2335.0,2290.0,2300.0,227758.0
1041,2019-12-02,2365.0,2470.0,2350.0,2445.0,1564423.0
1042,2019-12-03,2440.0,2440.0,2365.0,2395.0,529856.0
1043,2019-12-04,2365.0,2440.0,2365.0,2400.0,438832.0
1044,2019-12-05,2425.0,2455.0,2360.0,2410.0,573600.0
1045,2019-12-06,2415.0,2460.0,2405.0,2435.0,531806.0
1046,2019-12-09,2440.0,2525.0,2420.0,2485.0,1127073.0
1047,2019-12-10,2495.0,2505.0,2460.0,2465.0,444113.0
1048,2019-12-11,2480.0,2530.0,2445.0,2495.0,674718.0
1049,2019-12-12,2525.0,2550.0,2475.0,2490.0,630192.0
1050,2019-12-13,2495.0,2515.0,2435.0,2455.0,659550.0
1051,2019-12-16,2450.0,2470.0,2410.0,2460.0,445913.0
1052,2019-12-17,2470.0,2495.0,2430.0,2465.0,432973.0
1053,2019-12-18,2480.0,2550.0,2420.0,2490.0,1244415.0
1054,2019-12-19,2495.0,2520.0,2460.0,2465.0,436714.0
1055,2019-12-20,2480.0,2485.0,2445.0,2455.0,333252.0
1056,2019-12-23,2455.0,2465.0,2400.0,2400.0,477693.0
1057,2019-12-24,2400.0,2635.0,2400.0,2470.0,5920394.0
1058,2019-12-26,2470.0,2535.0,2450.0,2510.0,828040.0
1059,2019-12-27,2530.0,2610.0,2500.0,2590.0,1138934.0
1060,2019-12-30,2600.0,2670.0,2565.0,2625.0,1124227.0
1061,2020-01-02,2660.0,2665.0,2610.0,2620.0,889865.0
1062,2020-01-03,2625.0,2645.0,2570.0,2620.0,741015.0
1063,2020-01-06,2600.0,2600.0,2540.0,2565.0,817995.0
1064,2020-01-07,2580.0,2650.0,2580.0,2595.0,725622.0
1065,2020-01-08,2570.0,2585.0,2450.0,2490.0,1407745.0
1066,2020-01-09,2580.0,2625.0,2560.0,2605.0,777338.0
1067,2020-01-10,2630.0,2770.0,2630.0,2745.0,2054403.0
1068,2020-01-13,2765.0,2830.0,2745.0,2755.0,1090108.0
1069,2020-01-14,2790.0,2855.0,2735.0,2760.0,802905.0
1070,2020-01-15,2770.0,2815.0,2750.0,2780.0,615807.0
1071,2020-01-16,2790.0,2810.0,2750.0,2790.0,347326.0
1072,2020-01-17,2780.0,2835.0,2780.0,2825.0,611697.0
1073,2020-01-20,2845.0,2925.0,2820.0,2860.0,1565254.0
1074,2020-01-21,2850.0,2880.0,2765.0,2790.0,704889.0
1075,2020-01-22,2785.0,2890.0,2780.0,2890.0,905716.0
1076,2020-01-23,2890.0,2950.0,2870.0,2945.0,1189726.0
1077,2020-01-28,2820.0,2890.0,2785.0,2875.0,1888591.0
1078,2020-01-29,2930.0,3230.0,2880.0,3110.0,8476474.0
1079,2020-01-30,3130.0,3320.0,3060.0,3215.0,6118166.0
1080,2020-01-31,3245.0,3300.0,2915.0,2955.0,3530859.0
1081,2020-02-03,2850.0,3175.0,2790.0,3125.0,3675763.0
1082,2020-02-04,3205.0,3255.0,3130.0,3160.0,2616410.0
1083,2020-02-05,3250.0,3250.0,3035.0,3125.0,1963611.0
1084,2020-02-06,3125.0,3170.0,3100.0,3145.0,1300574.0
1085,2020-02-07,3185.0,3330.0,3160.0,3280.0,4547888.0
1086,2020-02-10,3320.0,3585.0,3270.0,3530.0,6900905.0
1087,2020-02-11,3530.0,3840.0,3505.0,3775.0,6171276.0
1088,2020-02-12,3825.0,4650.0,3825.0,4460.0,21341808.0
1089,2020-02-13,4550.0,4790.0,4390.0,4565.0,12820765.0
1090,2020-02-14,4515.0,4755.0,4510.0,4660.0,5525205.0
1091,2020-02-17,4735.0,4780.0,4265.0,4300.0,7655749.0
1092,2020-02-18,4230.0,4450.0,4170.0,4355.0,4226048.0
1093,2020-02-19,4455.0,4505.0,4230.0,4400.0,3766089.0
1094,2020-02-20,4460.0,4740.0,4365.0,4720.0,5494927.0
1095,2020-02-21,4580.0,4645.0,4325.0,4350.0,4359237.0
1096,2020-02-24,4130.0,4360.0,4130.0,4300.0,2906801.0
1097,2020-02-25,4345.0,4435.0,4145.0,4380.0,2544811.0
1098,2020-02-26,4230.0,4310.0,4125.0,4220.0,2191730.0
1099,2020-02-27,4210.0,4420.0,3985.0,4040.0,4092742.0
1100,2020-02-28,3910.0,4100.0,3835.0,4050.0,4632834.0
1101,2020-03-02,4110.0,4200.0,3840.0,4020.0,3203531.0
1102,2020-03-03,4200.0,4220.0,3925.0,3935.0,2720967.0
1103,2020-03-04,3860.0,4235.0,3860.0,4125.0,4306167.0
1104,2020-03-05,4290.0,4300.0,4055.0,4085.0,3867629.0
1105,2020-03-06,4000.0,4045.0,3875.0,3965.0,2302142.0
1106,2020-03-09,3840.0,3925.0,3765.0,3830.0,2887497.0
1107,2020-03-10,3780.0,3975.0,3700.0,3975.0,3909949.0
1108,2020-03-11,3910.0,3930.0,3620.0,3670.0,3520913.0
1109,2020-03-12,3595.0,3760.0,3545.0,3700.0,4195553.0
1110,2020-03-13,3490.0,3640.0,3150.0,3460.0,5045266.0
1111,2020-03-16,3480.0,3565.0,3140.0,3140.0,3731511.0
1112,2020-03-17,2950.0,3385.0,2935.0,3300.0,5759466.0
1113,2020-03-18,3300.0,3350.0,2830.0,2830.0,4903154.0
1114,2020-03-19,2965.0,2970.0,2225.0,2305.0,7024268.0
1115,2020-03-20,2450.0,2515.0,2280.0,2450.0,4702867.0
1116,2020-03-23,2210.0,2380.0,2065.0,2175.0,5054248.0
1117,2020-03-24,2285.0,2420.0,2220.0,2380.0,4816477.0
1118,2020-03-25,2525.0,2730.0,2450.0,2605.0,6169269.0
1119,2020-03-26,2660.0,2800.0,2520.0,2620.0,4404519.0
1120,2020-03-27,2785.0,2790.0,2465.0,2630.0,3752100.0
1121,2020-03-30,2500.0,2715.0,2490.0,2715.0,2602223.0
1122,2020-03-31,2760.0,2990.0,2720.0,2865.0,3821068.0
1123,2020-04-01,2820.0,3050.0,2790.0,2850.0,3712007.0
1124,2020-04-02,2850.0,2970.0,2670.0,2955.0,2918675.0
1125,2020-04-03,3120.0,3150.0,2970.0,3070.0,3782439.0
1126,2020-04-06,3080.0,3235.0,2995.0,3230.0,3381845.0
1127,2020-04-07,3345.0,3375.0,3175.0,3260.0,3248091.0
1128,2020-04-08,3220.0,3850.0,3190.0,3570.0,10046909.0
1129,2020-04-09,3640.0,3750.0,3510.0,3605.0,3766358.0
1130,2020-04-10,3630.0,3710.0,3300.0,3530.0,3693033.0
1131,2020-04-13,3480.0,3480.0,3300.0,3300.0,2651513.0
1132,2020-04-14,3465.0,3500.0,3375.0,3425.0,2998842.0
1133,2020-04-16,3505.0,4130.0,3450.0,3975.0,26490744.0
1134,2020-04-17,4120.0,4460.0,3980.0,4010.0,16119604.0
1135,2020-04-20,4050.0,4085.0,3890.0,4000.0,4292228.0
1136,2020-04-21,3965.0,4040.0,3660.0,3910.0,4548366.0
1137,2020-04-22,3735.0,4000.0,3730.0,4000.0,3150262.0
1138,2020-04-23,4100.0,4105.0,3965.0,3980.0,2384762.0
1139,2020-04-24,3905.0,3935.0,3810.0,3870.0,1825993.0
1140,2020-04-27,3870.0,3950.0,3855.0,3935.0,1549584.0
1141,2020-04-28,4040.0,4055.0,3850.0,3910.0,1768124.0
1142,2020-04-29,3895.0,4020.0,3890.0,3925.0,1769115.0
1143,2020-05-04,3880.0,3975.0,3850.0,3890.0,1383435.0
1144,2020-05-06,3940.0,3995.0,3870.0,3995.0,1734368.0
1145,2020-05-07,4010.0,4150.0,3965.0,4105.0,3812387.0
1146,2020-05-08,4140.0,4140.0,4030.0,4065.0,1806577.0
1147,2020-05-11,4090.0,4090.0,3935.0,3955.0,1803948.0
1148,2020-05-12,3960.0,3960.0,3830.0,3910.0,1407590.0
1149,2020-05-13,3855.0,4450.0,3850.0,4255.0,15173562.0
1150,2020-05-14,4300.0,4375.0,4190.0,4300.0,8610550.0
1151,2020-05-15,4380.0,4480.0,4250.0,4300.0,6125476.0
1152,2020-05-18,4350.0,4545.0,4325.0,4410.0,8383276.0
1153,2020-05-19,4515.0,5140.0,4255.0,4585.0,26565964.0
1154,2020-05-20,4530.0,4775.0,4480.0,4670.0,7996564.0
1155,2020-05-21,4735.0,5080.0,4730.0,4790.0,10538467.0
1156,2020-05-22,4845.0,4930.0,4650.0,4775.0,4115545.0
1157,2020-05-25,4865.0,5000.0,4785.0,4985.0,4986139.0
1158,2020-05-26,5120.0,5440.0,5060.0,5220.0,9142057.0
1159,2020-05-27,5400.0,5840.0,5260.0,5820.0,18586625.0
1160,2020-05-28,5970.0,6170.0,5250.0,5450.0,11770984.0
1161,2020-05-29,5260.0,5530.0,5130.0,5400.0,5096599.0
1162,2020-06-01,5520.0,5680.0,5400.0,5480.0,3968037.0
1163,2020-06-02,5540.0,5630.0,5330.0,5410.0,3594145.0
1164,2020-06-03,5420.0,5500.0,5120.0,5150.0,4293691.0
1165,2020-06-04,5250.0,5410.0,5180.0,5380.0,3541843.0
1166,2020-06-05,5400.0,5450.0,5300.0,5350.0,1746096.0
1167,2020-06-08,5430.0,5440.0,5230.0,5270.0,1662303.0
1168,2020-06-09,5340.0,5490.0,5300.0,5360.0,3300730.0
1169,2020-06-10,5330.0,5360.0,5240.0,5300.0,1819956.0
1170,2020-06-11,5430.0,5550.0,5260.0,5320.0,4774116.0
1171,2020-06-12,4940.0,5420.0,4940.0,5420.0,3870257.0
1172,2020-06-15,5400.0,5460.0,4820.0,4820.0,3901091.0
1173,2020-06-16,5080.0,5150.0,4960.0,5100.0,2384371.0
1174,2020-06-17,5020.0,5270.0,4985.0,5110.0,2892964.0
1175,2020-06-18,5120.0,5120.0,4925.0,4975.0,2300041.0
1176,2020-06-19,5040.0,5500.0,4875.0,5460.0,4900346.0
1177,2020-06-22,5400.0,5540.0,5250.0,5260.0,3858223.0
1178,2020-06-23,5370.0,5450.0,5160.0,5260.0,2904028.0
1179,2020-06-24,5330.0,5350.0,5110.0,5170.0,1954300.0
1180,2020-06-25,5020.0,5200.0,5010.0,5090.0,1546332.0
1181,2020-06-26,5200.0,5290.0,5080.0,5090.0,1937969.0
1182,2020-06-29,4955.0,5100.0,4950.0,4980.0,1508667.0
1183,2020-06-30,5090.0,5120.0,4860.0,4985.0,1536305.0
1184,2020-07-01,5070.0,5190.0,4900.0,4900.0,1935922.0
1185,2020-07-02,5000.0,5140.0,4875.0,5070.0,2876308.0
1186,2020-07-03,5190.0,5360.0,5060.0,5080.0,3796843.0
1187,2020-07-06,5100.0,5220.0,5020.0,5190.0,2159672.0
1188,2020-07-07,5320.0,5380.0,5210.0,5270.0,4106990.0
1189,2020-07-08,5390.0,5450.0,5270.0,5300.0,2966874.0
1190,2020-07-09,5330.0,5350.0,5210.0,5310.0,1980548.0
1191,2020-07-10,5330.0,5390.0,5150.0,5210.0,1971176.0
1192,2020-07-13,5280.0,5690.0,5140.0,5690.0,7436737.0
1193,2020-07-14,5540.0,5560.0,5260.0,5470.0,5117308.0
1194,2020-07-15,5560.0,5560.0,5370.0,5420.0,2056634.0
1195,2020-07-16,5500.0,6150.0,5430.0,5790.0,18490744.0
1196,2020-07-17,5860.0,5880.0,5640.0,5790.0,4205655.0
1197,2020-07-20,5810.0,6000.0,5600.0,5960.0,4623770.0
1198,2020-07-21,6080.0,6240.0,5860.0,5950.0,4826776.0
1199,2020-07-22,5850.0,5930.0,5720.0,5750.0,2561452.0
1200,2020-07-23,5810.0,5820.0,5650.0,5680.0,2373314.0
1201,2020-07-24,5550.0,5710.0,5480.0,5530.0,2329041.0
1202,2020-07-27,5490.0,5710.0,5480.0,5630.0,1461190.0
1203,2020-07-28,5710.0,5740.0,5550.0,5570.0,1873063.0
1204,2020-07-29,5530.0,5570.0,5450.0,5500.0,1275132.0
1205,2020-07-30,5550.0,5670.0,5500.0,5580.0,1335434.0
1206,2020-07-31,5620.0,5810.0,5510.0,5650.0,2947396.0
1207,2020-08-03,5690.0,5940.0,5650.0,5840.0,4419803.0
1208,2020-08-04,5890.0,5940.0,5750.0,5760.0,2342682.0
1209,2020-08-05,5780.0,5940.0,5740.0,5790.0,2486074.0
1210,2020-08-06,5850.0,6200.0,5820.0,6200.0,8589361.0
1211,2020-08-07,6480.0,6740.0,6170.0,6170.0,11894318.0
1212,2020-08-10,6240.0,8020.0,6130.0,7810.0,42991886.0
1213,2020-08-11,8120.0,8200.0,7450.0,7850.0,18045475.0
1214,2020-08-12,7620.0,7820.0,7540.0,7790.0,6117071.0
1215,2020-08-13,8000.0,9410.0,7800.0,8100.0,44407736.0
1216,2020-08-14,7750.0,8800.0,7640.0,8480.0,19664197.0
1217,2020-08-18,8740.0,8880.0,7460.0,7830.0,8627283.0
1218,2020-08-19,7750.0,8520.0,7660.0,8350.0,11828957.0
1219,2020-08-20,8220.0,8570.0,7820.0,7910.0,6515976.0
1220,2020-08-21,8130.0,8240.0,7740.0,7970.0,5078526.0
1221,2020-08-24,7850.0,8500.0,7840.0,8250.0,6929747.0
1222,2020-08-25,8300.0,8510.0,8210.0,8330.0,4218626.0
1223,2020-08-26,8460.0,9370.0,8250.0,9370.0,12461511.0
1224,2020-08-27,9210.0,9280.0,8700.0,8700.0,8056172.0
1225,2020-08-28,8700.0,9130.0,8520.0,8580.0,5093871.0
1226,2020-08-31,8640.0,8750.0,8170.0,8280.0,4146818.0
1227,2020-09-01,8410.0,8980.0,8330.0,8530.0,5758555.0
1228,2020-09-02,8560.0,8740.0,8410.0,8610.0,2414301.0
1229,2020-09-03,8680.0,8870.0,8570.0,8670.0,2496355.0
1230,2020-09-04,8130.0,8490.0,8130.0,8420.0,3033589.0
1231,2020-09-07,8550.0,8750.0,8400.0,8590.0,2439990.0
1232,2020-09-08,8660.0,9060.0,8450.0,9030.0,7570839.0
1233,2020-09-09,8690.0,8850.0,8600.0,8640.0,3054641.0
1234,2020-09-10,8800.0,8940.0,8600.0,8720.0,1880677.0
1235,2020-09-11,8660.0,8780.0,8610.0,8690.0,1148334.0
1236,2020-09-14,8800.0,9270.0,8730.0,8950.0,6506018.0
1237,2020-09-15,9020.0,9040.0,8800.0,8860.0,1824017.0
1238,2020-09-16,8930.0,8950.0,8580.0,8650.0,1789106.0
1239,2020-09-17,8650.0,8720.0,8380.0,8490.0,1678220.0
1240,2020-09-18,8570.0,8820.0,8390.0,8750.0,2206850.0
1241,2020-09-21,8830.0,9140.0,8450.0,8660.0,5192228.0
1242,2020-09-22,8660.0,8890.0,8390.0,8870.0,3889442.0
1243,2020-09-23,8920.0,8960.0,7850.0,7940.0,7059695.0
1244,2020-09-24,7450.0,7630.0,6710.0,6950.0,5988343.0
1245,2020-09-25,7110.0,7150.0,6530.0,6600.0,2710801.0
1246,2020-09-28,6800.0,7140.0,6790.0,7130.0,1992520.0
1247,2020-09-29,7370.0,7420.0,7110.0,7210.0,1385692.0
1248,2020-10-05,7350.0,7480.0,7170.0,7400.0,1125875.0
1249,2020-10-06,7450.0,7700.0,7430.0,7520.0,1501111.0
1250,2020-10-07,7330.0,7560.0,7320.0,7490.0,788746.0
1251,2020-10-08,7600.0,7600.0,7370.0,7370.0,825922.0
1252,2020-10-12,7350.0,7430.0,7120.0,7170.0,1084559.0
1253,2020-10-13,7260.0,7700.0,7160.0,7540.0,3590554.0
1254,2020-10-14,7540.0,7570.0,7360.0,7380.0,988181.0
1255,2020-10-15,7380.0,7490.0,7100.0,7170.0,1235268.0
1256,2020-10-16,7220.0,7350.0,6810.0,7050.0,1009419.0
1257,2020-10-19,7040.0,7070.0,6690.0,6730.0,948360.0
1258,2020-10-20,6530.0,6830.0,6530.0,6820.0,905735.0
1259,2020-10-21,6890.0,7000.0,6680.0,6770.0,885206.0
1260,2020-10-22,6720.0,6970.0,6600.0,6600.0,1246693.0
1261,2020-10-23,6610.0,6740.0,6270.0,6290.0,1482258.0
1262,2020-10-26,6290.0,6330.0,5890.0,5940.0,1748367.0
1263,2020-10-27,5880.0,6250.0,5800.0,6160.0,1354436.0
1264,2020-10-28,6160.0,6520.0,6130.0,6520.0,938880.0
1265,2020-10-29,6330.0,6570.0,6280.0,6570.0,756757.0
1266,2020-10-30,6580.0,7050.0,6260.0,6280.0,2932414.0
1267,2020-11-02,6440.0,6790.0,6280.0,6730.0,1486721.0
1268,2020-11-03,6760.0,6980.0,6710.0,6820.0,1562121.0
1269,2020-11-04,6960.0,6960.0,6670.0,6770.0,1258458.0
1270,2020-11-05,6900.0,6970.0,6830.0,6920.0,898596.0
1271,2020-11-06,7050.0,7070.0,6830.0,6910.0,1148315.0
1272,2020-11-09,7130.0,7310.0,7080.0,7280.0,1606825.0
1273,2020-11-10,7290.0,7290.0,7020.0,7100.0,934347.0
1274,2020-11-11,7100.0,7100.0,6810.0,6870.0,909041.0
1275,2020-11-12,6900.0,7040.0,6850.0,6890.0,589536.0
1276,2020-11-13,6880.0,7020.0,6700.0,6860.0,840376.0
1277,2020-11-16,6900.0,7150.0,6750.0,6960.0,1305771.0
1278,2020-11-17,7040.0,7050.0,6850.0,6860.0,573952.0
1279,2020-11-18,7020.0,7150.0,6970.0,6990.0,1156308.0
1280,2020-11-19,7030.0,7040.0,6910.0,7000.0,613419.0
1281,2020-11-20,7020.0,7050.0,6850.0,6890.0,752954.0
1282,2020-11-23,6900.0,6940.0,6730.0,6740.0,1093217.0
1283,2020-11-24,6800.0,6810.0,6600.0,6650.0,1489745.0
1284,2020-11-25,6650.0,6650.0,6310.0,6360.0,2039133.0
1285,2020-11-26,6360.0,6560.0,6340.0,6540.0,824202.0
1286,2020-11-27,6590.0,6770.0,6500.0,6740.0,1105830.0
1287,2020-11-30,6840.0,6870.0,6640.0,6770.0,1019144.0
1288,2020-12-01,6780.0,6840.0,6700.0,6840.0,630896.0
1289,2020-12-02,6910.0,6950.0,6750.0,6780.0,843324.0
1290,2020-12-03,6790.0,6810.0,6570.0,6670.0,800444.0
1291,2020-12-04,6650.0,6670.0,6520.0,6610.0,750452.0
1292,2020-12-07,6670.0,6670.0,6540.0,6600.0,590377.0
1293,2020-12-08,6640.0,6860.0,6610.0,6690.0,1311262.0
1294,2020-12-09,6780.0,7100.0,6660.0,6910.0,2516877.0
1295,2020-12-10,6780.0,7050.0,6770.0,6850.0,2925501.0
1296,2020-12-11,6930.0,7080.0,6800.0,7080.0,1309007.0
1297,2020-12-14,7150.0,7500.0,7000.0,7320.0,4924010.0
1298,2020-12-15,7400.0,7490.0,7180.0,7320.0,1516083.0
1299,2020-12-16,7340.0,7740.0,7170.0,7250.0,3798670.0
1300,2020-12-17,7290.0,7300.0,7070.0,7110.0,1622710.0
1301,2020-12-18,7200.0,7350.0,7140.0,7210.0,1823546.0
1302,2020-12-21,7250.0,9370.0,7140.0,8670.0,39982795.0
1303,2020-12-22,8940.0,10600.0,8260.0,9900.0,62272021.0
1304,2020-12-23,10150.0,10400.0,9130.0,9150.0,18762090.0
1305,2020-12-24,9000.0,10150.0,8800.0,9730.0,30566238.0
1306,2020-12-28,9630.0,10050.0,9440.0,9720.0,12826508.0
1307,2020-12-29,9870.0,10200.0,9720.0,10100.0,12662811.0
1308,2020-12-30,9960.0,10050.0,9330.0,9430.0,8268982.0
1309,2021-01-04,9500.0,9950.0,9260.0,9580.0,9394596.0
1310,2021-01-05,9390.0,9780.0,9370.0,9700.0,5295636.0
1311,2021-01-06,9780.0,9900.0,9570.0,9630.0,4247014.0
1312,2021-01-07,9780.0,10800.0,9690.0,10800.0,21750003.0
1313,2021-01-08,11250.0,11400.0,10300.0,10400.0,10340911.0
1314,2021-01-11,10900.0,11900.0,10600.0,11300.0,20167449.0
1315,2021-01-12,11300.0,12300.0,10800.0,12300.0,8135821.0
1316,2021-01-13,12000.0,12850.0,11800.0,12300.0,8746564.0
1317,2021-01-14,12550.0,14400.0,12400.0,13900.0,21096139.0
1318,2021-01-15,14350.0,15950.0,13700.0,14400.0,15837686.0
1319,2021-01-18,14450.0,18000.0,14150.0,17350.0,28280480.0
1320,2021-01-19,17650.0,20350.0,15750.0,15850.0,33774818.0
1321,2021-01-20,16450.0,17350.0,14650.0,15850.0,17644395.0
1322,2021-01-21,16800.0,16900.0,15500.0,16100.0,9423142.0
1323,2021-01-22,15600.0,15850.0,14800.0,14950.0,6251174.0
1324,2021-01-25,14600.0,15600.0,14450.0,15350.0,4844740.0
1325,2021-01-26,15450.0,15500.0,14750.0,15000.0,3056153.0
1326,2021-01-27,15350.0,18000.0,15150.0,16900.0,26753929.0
1327,2021-01-28,16050.0,17600.0,16050.0,16950.0,10570726.0
1328,2021-01-29,17250.0,18300.0,15600.0,16500.0,13424365.0
1329,2021-02-01,16500.0,17150.0,16000.0,16700.0,5396072.0
1330,2021-02-02,16950.0,17800.0,16500.0,16550.0,7406203.0
1331,2021-02-03,16700.0,16750.0,15900.0,16150.0,3793283.0
1332,2021-02-04,16200.0,16250.0,15150.0,15400.0,4125807.0
1333,2021-02-05,16150.0,17000.0,15500.0,15800.0,8394271.0
1334,2021-02-08,15800.0,15850.0,15050.0,15150.0,2337007.0
1335,2021-02-09,15500.0,16300.0,15450.0,15650.0,4348851.0
1336,2021-02-10,15800.0,16600.0,15600.0,16350.0,4243688.0
1337,2021-02-15,16600.0,16750.0,15850.0,16000.0,3047832.0
1338,2021-02-16,15900.0,16050.0,15350.0,15550.0,2649814.0
1339,2021-02-17,15500.0,15550.0,15100.0,15250.0,1962567.0
1340,2021-02-18,15250.0,15650.0,14800.0,14900.0,2396158.0
1341,2021-02-19,14750.0,15300.0,14550.0,14950.0,1714722.0
1342,2021-02-22,15150.0,15500.0,14700.0,14750.0,1582574.0
1343,2021-02-23,14600.0,16400.0,13950.0,15250.0,9055345.0
1344,2021-02-24,15500.0,16100.0,14500.0,14550.0,5992626.0
1345,2021-02-25,15100.0,15250.0,14700.0,14950.0,1623476.0
1346,2021-02-26,14400.0,14800.0,13950.0,14250.0,1998813.0
1347,2021-03-02,14700.0,14700.0,13750.0,14150.0,1565314.0
1348,2021-03-03,14200.0,14300.0,13950.0,14150.0,915672.0
1349,2021-03-04,13950.0,14300.0,13850.0,14150.0,1137709.0
1350,2021-03-05,13900.0,13950.0,13450.0,13500.0,1476460.0
1351,2021-03-08,13750.0,14400.0,13400.0,13600.0,2488660.0
1352,2021-03-09,13650.0,14250.0,13450.0,14150.0,2086729.0
1353,2021-03-10,14850.0,14950.0,13650.0,13650.0,2215956.0
1354,2021-03-11,13650.0,14300.0,13550.0,14150.0,1570464.0
1355,2021-03-12,14400.0,14500.0,14050.0,14100.0,1437441.0
1356,2021-03-15,14000.0,14250.0,13800.0,13850.0,1188891.0
1357,2021-03-16,14150.0,14800.0,14050.0,14750.0,2958025.0
1358,2021-03-17,14800.0,15000.0,14250.0,14400.0,1366155.0
1359,2021-03-18,14650.0,14850.0,14400.0,14650.0,1303389.0
1360,2021-03-19,14250.0,14800.0,14050.0,14800.0,1338307.0
1361,2021-03-22,14900.0,14900.0,14350.0,14400.0,974031.0
1362,2021-03-23,14600.0,14600.0,14150.0,14200.0,852689.0
1363,2021-03-24,14100.0,14400.0,14000.0,14200.0,658327.0
1364,2021-03-25,14450.0,16000.0,14350.0,15550.0,11118452.0
1365,2021-03-26,15600.0,15650.0,15050.0,15150.0,2025339.0
1366,2021-03-29,15100.0,15150.0,14300.0,14350.0,2227070.0
1367,2021-03-30,14400.0,14600.0,14250.0,14250.0,1075917.0
1368,2021-03-31,14400.0,14800.0,14350.0,14400.0,1274055.0
1369,2021-04-01,14550.0,14700.0,14250.0,14300.0,1264774.0
1370,2021-04-02,14500.0,14650.0,14200.0,14200.0,1276980.0
1371,2021-04-05,14250.0,14350.0,13800.0,13950.0,985714.0
1372,2021-04-06,14100.0,14200.0,13850.0,13850.0,837868.0
1373,2021-04-07,13800.0,14150.0,13750.0,13900.0,620612.0
1374,2021-04-08,13850.0,13950.0,13450.0,13500.0,1271224.0
1375,2021-04-09,13550.0,13550.0,13150.0,13150.0,1058119.0
1376,2021-04-12,13450.0,13750.0,13200.0,13200.0,1305707.0
1377,2021-04-13,13250.0,13400.0,12750.0,13000.0,1959555.0
1378,2021-04-14,13100.0,13500.0,13050.0,13100.0,1143840.0
1379,2021-04-15,13150.0,13350.0,13000.0,13200.0,701090.0
1380,2021-04-16,13250.0,13550.0,13100.0,13450.0,997284.0
1381,2021-04-19,13550.0,13800.0,13350.0,13450.0,940390.0
1382,2021-04-20,13450.0,13500.0,13200.0,13350.0,574314.0
1383,2021-04-21,13300.0,13500.0,13100.0,13150.0,852579.0
1384,2021-04-22,13150.0,13300.0,13100.0,13150.0,640732.0
1385,2021-04-23,13050.0,13100.0,12750.0,12750.0,1043920.0
1386,2021-04-26,12800.0,12850.0,12300.0,12650.0,1198663.0
1387,2021-04-27,12600.0,13850.0,12400.0,13500.0,3769333.0
1388,2021-04-28,13300.0,13350.0,12750.0,12800.0,1244542.0
1389,2021-04-29,12800.0,13350.0,12650.0,12700.0,1050929.0
1390,2021-04-30,12750.0,13250.0,12650.0,12800.0,1430384.0
1391,2021-05-03,12800.0,13100.0,12000.0,12150.0,1217272.0
1392,2021-05-04,11950.0,12450.0,10850.0,11700.0,4138636.0
1393,2021-05-06,11800.0,11950.0,11400.0,11600.0,1022947.0
1394,2021-05-07,11600.0,11850.0,11550.0,11600.0,788066.0
1395,2021-05-10,11750.0,12200.0,11700.0,12050.0,847188.0
1396,2021-05-11,11900.0,12050.0,11650.0,11750.0,614349.0
1397,2021-05-12,11800.0,11950.0,11250.0,11400.0,680465.0
1398,2021-05-13,11000.0,11400.0,10850.0,11200.0,670007.0
1399,2021-05-14,11300.0,11550.0,11050.0,11200.0,686893.0
