time,open,high,low,close,EMA,MA,MA,MA,MA,MA,Volume,Volume MA,RSI
2020-06-22T18:30:00Z,121.1,121.64,121,121.07,25308.08456369174,123.2868333333329,123.37299999999993,122.93825000000024,121.89600000000067,121.0119999999998,22279,28860.9,38.041503484289684
2020-06-22T19:30:00Z,121.15,121.26,120.91,121.01,27455.467650953393,123.11666666666623,123.41599999999994,122.78925000000027,121.70000000000066,121.0599999999998,36045,30446.2,37.74089565852858
2020-06-23T13:30:00Z,122.11,122.85,121.57,122.07,30255.374120762714,122.97266666666623,123.47024999999994,122.71125000000026,121.62500000000065,121.25599999999979,41455,31401.1,45.877769693126865
2020-06-23T14:30:00Z,122.05,122.06,120.93,121.68,28652.09929661017,122.80749999999956,123.49949999999994,122.61725000000027,121.45100000000066,121.37199999999977,22239,30307.9,43.61899059403477
2020-06-23T15:30:00Z,121.66,121.67,120.83,121.22,29841.079437288136,122.64833333333289,123.48049999999996,122.50375000000027,121.32600000000066,121.40999999999978,34597,27703.9,41.05166946510334
2020-06-23T16:30:00Z,121.235,121.235,120.66,120.85,28783.463549830507,122.4988333333329,123.47499999999998,122.35875000000026,121.18900000000065,121.3659999999998,24553,26965.6,39.06022630705742
2020-06-23T17:30:00Z,120.74,120.81,119.73,119.78,32591.570839864406,122.43649999999955,123.42774999999997,122.16475000000028,121.09000000000064,121.1199999999998,47824,29145.6,33.93357843549306
2020-06-23T18:30:00Z,119.8,119.83,119.23,119.56,34065.65667189153,122.39083333333289,123.24824999999998,121.93125000000028,120.93700000000065,120.6179999999998,39962,30617.6,32.9752584871848
2020-06-23T19:30:00Z,119.59,119.83,119.29,119.45,37795.32533751322,122.37366666666622,123.09812499999998,121.62225000000026,120.77200000000066,120.1719999999998,52714,34329.8,32.48132407918101
2020-06-24T13:30:00Z,118.21,118.22,116.83,117.47,51642.060270010574,122.3348333333329,122.89337499999999,121.24575000000024,120.41600000000066,119.4219999999998,107029,42869.7,25.17227695571019
2020-06-24T14:30:00Z,117.44,117.44,116.46,116.67,50507.648216008456,122.2958333333329,122.661125,120.93600000000026,119.97600000000068,118.58599999999979,45970,45238.8,22.927405727531777
2020-06-24T15:30:00Z,116.52,117.04,115.9,116.9,49045.31857280676,122.2748333333329,122.449625,120.63250000000028,119.5650000000007,118.00999999999979,43196,45953.9,24.998321554650076
2020-06-24T16:30:00Z,116.84,117.25,116.64,116.69,44637.25485824541,122.25333333333289,122.24312499999999,120.32600000000028,119.0270000000007,117.43599999999978,27005,44508.9,24.3548576251343
2020-06-24T17:30:00Z,116.64,117.2,116.24,117.2,42008.80388659633,122.17316666666622,122.04087499999999,120.01500000000026,118.5790000000007,116.98599999999979,31495,45434.5,29.126138846883393
2020-06-24T18:30:00Z,117.09,117.39,116.72,116.93,42007.243109277064,122.11049999999956,121.87537499999999,119.73800000000026,118.1500000000007,116.87799999999979,42001,46174.9,28.115090940362137
2020-06-24T19:30:00Z,117.03,117.12,116.31,116.38,43884.99448742165,122.0198333333329,121.67312499999998,119.44600000000028,117.7030000000007,116.8199999999998,51396,48859.2,26.125613898924612
2020-06-25T13:30:00Z,116.48,118.7,116.26,118.67,50019.79558993732,121.98599999999958,121.517125,119.34100000000028,117.59200000000071,117.1739999999998,74559,51532.7,43.91943736105863
2020-06-25T14:30:00Z,118.5,118.56,116.52,116.85,48321.83647194986,121.93116666666624,121.293375,119.12900000000027,117.32100000000071,117.20599999999982,41530,51689.5,36.41273377394355
2020-06-25T15:30:00Z,116.92,117.28,116.25,117.23,42414.26917755989,121.87066666666624,121.09612499999999,118.93550000000027,117.0990000000007,117.2119999999998,18784,48296.5,38.76605718849065
2020-06-25T16:30:00Z,117.32,117.93,117.22,117.68,37888.01534204791,121.80016666666624,120.93237500000001,118.76800000000026,117.12000000000072,117.36199999999981,19783,39571.9,41.525925858990085
2020-06-25T17:30:00Z,117.67,117.84,117.19,117.37,35387.01227363833,121.77633333333291,120.760625,118.58300000000024,117.1900000000007,117.5599999999998,25383,37513.2,40.18234043284154
2020-06-25T18:30:00Z,117.41,118.79,117.13,118.73,33491.80981891066,121.76699999999957,120.629125,118.46900000000024,117.37300000000069,117.57199999999982,25911,35784.7,48.11390469266043
2020-06-25T19:30:00Z,118.61,119.21,118.23,119,35768.647855128525,121.75199999999957,120.513375,118.31550000000023,117.60400000000068,118.00199999999981,44876,37571.8,49.54427799243984
2020-06-26T13:30:00Z,118.26,118.77,116.81,116.98,32858.31828410282,121.69316666666623,120.34887499999998,118.08050000000023,117.58200000000068,117.95199999999981,21217,36544,40.53990594525952
2020-06-26T14:30:00Z,117.07,117.29,116.32,116.32,32346.054627282254,121.5988333333329,120.16962499999997,117.83550000000025,117.52100000000067,117.6799999999998,30297,35373.6,38.103223708783304
2020-06-26T15:30:00Z,116.44,117.06,116.28,117.06,29779.443701825803,121.53199999999957,120.00237499999999,117.64600000000026,117.58900000000067,117.61799999999978,19513,32185.3,42.291437876369514
2020-06-26T16:30:00Z,117,117.42,116.9,117.31,26280.954961460644,121.45933333333292,119.843625,117.52250000000024,117.45300000000066,117.33399999999979,12287,25958.1,43.677976814071414
2020-06-26T17:30:00Z,117.27,117.5,116.96,116.96,23713.563969168514,121.29633333333292,119.66187500000001,117.39250000000024,117.46400000000067,116.92599999999979,13444,23149.5,42.15106794322795
2020-06-26T18:30:00Z,116.9,117.18,116.5,116.87,23452.05117533481,121.15324999999959,119.442875,117.26350000000025,117.42800000000065,116.9039999999998,22406,23511.7,41.746925695860035
2020-06-26T19:30:00Z,116.88,117.58,116.53,117.16,31916.24094026785,121.01158333333292,119.246875,117.24800000000025,117.37600000000066,117.0719999999998,65773,28110.7,43.622656244962464
2020-06-29T13:30:00Z,117.98,118.8,117.41,118.57,29778.39275221428,120.88841666666625,119.1395,117.34300000000026,117.49600000000063,117.3739999999998,21227,27695.1,51.756506116185726
2020-06-29T14:30:00Z,118.62,119.32,118.55,119.05,27675.114201771423,120.78324999999958,119.0415,117.45050000000026,117.52800000000063,117.7219999999998,19262,27030.2,54.18006098826036
2020-06-29T15:30:00Z,119.1,119.37,118.95,119.3,25428.69136141714,120.68908333333293,118.9535,117.58100000000027,117.55800000000063,118.18999999999978,16443,24186.9,55.435755812974534
2020-06-29T16:30:00Z,119.28,119.39,119.11,119.24,23544.953089133713,120.58824999999959,118.849,117.68300000000026,117.78400000000063,118.66399999999979,16010,23666.2,55.04585856255534
2020-06-29T17:30:00Z,119.23,119.36,118.99,119.06,21020.56247130697,120.51341666666626,118.76375,117.78950000000027,118.05800000000063,119.0439999999998,10923,21728.8,53.82284082949264
2020-06-29T18:30:00Z,119.1,119.34,118.91,119.3,21141.049977045575,120.42724999999959,118.69075000000001,117.93550000000027,118.28200000000064,119.18999999999978,21623,21939.8,55.25048461967959
2020-06-29T19:30:00Z,119.38,119.77,118.78,119.77,25393.83998163646,120.34158333333293,118.66575,117.99050000000027,118.52800000000063,119.33399999999979,42405,24951.6,57.98966180911784
2020-06-30T13:30:00Z,119.2,120.17,119.04,119.82,24504.871985309168,120.24191666666626,118.63399999999999,118.13900000000028,118.81400000000062,119.43799999999979,20949,25702.1,58.28221835941025
2020-06-30T14:30:00Z,119.9,120.24,119.3,120.16,22546.697588247334,120.1592499999996,118.61049999999997,118.28550000000027,119.14300000000063,119.62199999999977,14714,24932.9,60.30648094439187
2020-06-30T15:30:00Z,120.06,120.22,119.74,120.13,20662.958070597866,120.09091666666627,118.588,118.40800000000029,119.44000000000062,119.83599999999979,13128,19668.4,60.02969831976624
2020-06-30T16:30:00Z,120.12,120.16,119.34,119.66,18811.16645647829,120.01458333333294,118.55274999999999,118.52250000000029,119.54900000000063,119.90799999999979,11404,18686.1,55.71538889976768
2020-06-30T17:30:00Z,119.66,119.85,119.39,119.82,18116.533165182635,119.94508333333293,118.52299999999998,118.5770000000003,119.62600000000063,119.91799999999981,15338,18293.7,56.85225684490228
2020-06-30T18:30:00Z,119.85,120.15,119.6,120.13,17442.826532146108,119.88674999999961,118.47449999999999,118.6335000000003,119.70900000000063,119.97999999999979,14748,18124.2,59.045971847246136
2020-06-30T19:30:00Z,120.09,121.19,120.08,120.69,24029.061225716887,119.83891666666626,118.44974999999997,118.8190000000003,119.85400000000064,120.08599999999981,50374,21560.6,62.73208168378887
2020-07-01T13:30:00Z,120.69,121.21,119.75,119.84,26141.04898057351,119.77808333333293,118.41524999999997,118.9950000000003,119.93200000000063,120.02799999999982,34589,23927.2,54.686339955530855
2020-07-01T14:30:00Z,119.96,120.17,118.88,118.9,25255.239184458806,119.69724999999958,118.36649999999995,119.0870000000003,119.89200000000065,119.87599999999982,21712,23936.1,47.44005825864655
2020-07-01T15:30:00Z,118.955,119.72,118.9,119.3,23106.191347567044,119.62458333333294,118.35449999999996,119.18650000000032,119.84500000000064,119.77199999999979,14510,21146.6,50.44894657561668
2020-07-01T16:30:00Z,119.3,119.45,118.98,119.19,22666.353078053635,119.54058333333293,118.34524999999994,119.29800000000031,119.78200000000065,119.5839999999998,20907,21142.4,49.60790120723505
2020-07-01T17:30:00Z,119.22,119.22,118.68,118.75,21733.28246244291,119.42591666666627,118.32774999999995,119.39200000000032,119.64100000000064,119.19599999999983,18001,21471.1,46.28403731932465
2020-07-01T18:30:00Z,118.78,119.2,118.63,119.03,21677.825969954327,119.32641666666626,118.36674999999994,119.48550000000034,119.53100000000063,119.0339999999998,21456,22303.9,48.642278213697814
2020-07-01T19:30:00Z,119.04,119.22,118.39,118.5,26016.66077596346,119.25366666666626,118.41249999999994,119.48200000000034,119.41500000000062,118.95399999999981,43372,25500.7,44.6467248931262
2020-07-02T13:30:00Z,119.89,121.42,119.65,120.44,29501.92862077077,119.21149999999959,118.50099999999993,119.55150000000033,119.47700000000063,119.18199999999983,43443,28311.2,58.1859969165867
2020-07-02T14:30:00Z,120.36,120.38,119.26,119.84,30195.542896616615,119.16183333333292,118.57974999999995,119.57850000000033,119.44800000000063,119.31199999999986,32970,30133.4,53.80279914542548
2020-07-02T15:30:00Z,119.94,120.58,119.93,120.57,26498.83431729329,119.11433333333292,118.66399999999994,119.64500000000035,119.43600000000063,119.67599999999985,11712,26267.2,57.952954593768375
2020-07-02T16:30:00Z,120.57,120.66,120.41,120.47,23132.86745383463,119.08099999999959,118.75249999999994,119.71550000000033,119.49900000000063,119.96399999999986,9669,23775.2,57.19495624874455
2020-07-02T17:30:00Z,120.47,120.94,120.47,120.75,21429.693963067704,119.05649999999959,118.86174999999994,119.78800000000032,119.68400000000062,120.41399999999985,14617,23065.7,58.819124314475545
2020-07-02T18:30:00Z,120.76,120.91,120.49,120.55,20396.955170454163,119.05283333333291,118.90874999999994,119.82700000000034,119.80900000000062,120.43599999999984,16266,23241.3,57.15104444536307
2020-07-02T19:30:00Z,120.52,120.57,119.32,119.67,25281.76413636333,119.02916666666624,118.97924999999994,119.81950000000033,119.85700000000062,120.40199999999982,44821,25632.7,50.38085007169721
2020-07-06T13:30:00Z,121.42,121.77,119.76,119.97,26600.011309090663,119.01033333333291,119.04774999999995,119.81000000000033,119.97900000000064,120.28199999999984,31873,27019.9,52.44889899703847
2020-07-06T14:30:00Z,119.86,120.42,119.86,120.15,24072.60904727253,118.99566666666624,119.10949999999994,119.81100000000033,120.09100000000065,120.21799999999982,13963,26270.6,53.69590018900644
2020-07-06T15:30:00Z,120.12,120.27,119.83,120.15,21456.487237818023,118.98033333333291,119.17899999999993,119.83550000000034,120.25600000000065,120.09799999999981,10992,23032.6,53.69590018900644
2020-07-06T16:30:00Z,120.09,120.14,119.66,119.82,19449.38979025442,118.96049999999956,119.20624999999993,119.83550000000034,120.19400000000064,119.95199999999981,11421,19830.4,50.85998449212188
2020-07-06T17:30:00Z,119.82,120.39,119.63,120,18437.111832203536,118.92599999999956,119.23124999999993,119.82900000000033,120.21000000000065,120.01799999999983,14388,17972.2,52.338623035643266
2020-07-06T18:30:00Z,119.98,120.03,119.46,119.66,18552.48946576283,118.8923333333329,119.29824999999994,119.77750000000033,120.11900000000067,119.95599999999982,19014,18702.4,49.3197903035808
2020-07-06T19:30:00Z,119.6,120.24,119.52,120.19,20435.391572610264,118.87516666666622,119.39499999999994,119.79500000000033,120.09100000000066,119.96399999999983,27967,20532.2,53.79381621172462
2020-07-07T13:30:00Z,119.11,119.51,118.68,118.72,23061.71325808821,118.83966666666622,119.43649999999994,119.78600000000031,119.88800000000067,119.67799999999984,33567,22427.2,42.56899080984787
2020-07-07T14:30:00Z,118.7,118.89,118.17,118.67,24944.770606470567,118.82116666666622,119.47049999999993,119.7545000000003,119.70000000000068,119.44799999999982,32477,24048.3,42.246088540347735
2020-07-07T15:30:00Z,118.67,118.76,118.31,118.5,22890.416485176454,118.80349999999954,119.50899999999993,119.7200000000003,119.58300000000068,119.14799999999983,14673,21033.5,41.10444600152799
2020-07-07T16:30:00Z,118.56,118.74,118.44,118.74,20386.333188141165,118.79166666666622,119.55574999999992,119.7195000000003,119.46000000000068,118.96399999999983,10370,18883.2,43.42871651985132
2020-07-07T17:30:00Z,118.72,118.9,118.51,118.63,18502.46655051293,118.81099999999954,119.59249999999993,119.69950000000028,119.30800000000067,118.65199999999982,10967,18583.6,42.59892511899727
2020-07-07T18:30:00Z,118.55,118.6,117.85,117.85,21836.973240410345,118.83066666666622,119.57449999999994,119.66700000000029,119.07800000000066,118.47799999999981,35175,21001.9,37.17482748687692
2020-07-07T19:30:00Z,117.82,117.83,117.36,117.62,26400.778592328275,118.84266666666622,119.53874999999994,119.52600000000027,118.85800000000066,118.26799999999983,44656,24325.4,35.730115762671275
2020-07-08T13:30:00Z,118.1,118.63,117.17,117.95,31999.42287386262,118.86366666666622,119.50499999999992,119.43150000000026,118.65300000000066,118.15799999999983,54394,28326,39.370814605729194
2020-07-08T14:30:00Z,118.01,118.03,116.94,117.08,32502.738299090095,118.86166666666622,119.45099999999994,119.25700000000025,118.39500000000064,117.82599999999984,34516,29876.2,33.91608800758121
2020-07-08T15:30:00Z,117.08,117.18,116.84,116.98,33033.59063927208,118.86249999999954,119.39899999999992,119.08250000000025,118.07400000000064,117.49599999999984,35157,30595.2,33.34423452578115
2020-07-08T16:30:00Z,117,117.14,116.49,116.66,34686.672511417666,118.86716666666621,119.3329999999999,118.87800000000024,117.86800000000065,117.25799999999984,41299,31368.4,31.513161547415578
2020-07-08T17:30:00Z,116.74,117.36,116.74,117.36,32566.938009134134,118.84533333333287,119.27274999999989,118.71850000000025,117.73700000000062,117.20599999999983,24088,30529.5,39.358114492523164
2020-07-08T18:30:00Z,117.37,117.79,116.98,117.59,33249.75040730731,118.85766666666619,119.2169999999999,118.61450000000025,117.64600000000061,117.13399999999983,35981,32660.3,41.720305283718986
2020-07-08T19:30:00Z,117.6,117.74,117.42,117.73,33991.20032584584,118.86599999999953,119.15624999999989,118.50250000000025,117.54500000000061,117.26399999999983,36957,35319,43.171394641706826
2020-07-09T13:30:00Z,117.72,117.72,116.48,116.65,32967.160260676676,118.84883333333285,119.06924999999987,118.32750000000026,117.34700000000062,117.19799999999982,28871,37109.4,35.77193896338454
2020-07-09T14:30:00Z,116.68,116.75,115.21,115.5,35693.12820854134,118.81766666666618,118.96524999999988,118.09500000000025,117.11200000000062,116.96599999999982,46597,38251.6,29.896019542652013
2020-07-09T15:30:00Z,115.62,116.35,115.2,116.05,34116.10256683307,118.77299999999953,118.8709999999999,117.90650000000025,116.95500000000061,116.70399999999981,27808,36566.8,35.36435292466953
2020-07-09T16:30:00Z,116.04,116.34,115.83,116.14,34194.28205346646,118.72533333333287,118.7712499999999,117.71350000000025,116.77400000000061,116.4139999999998,34507,34578.1,36.24078800128249
2020-07-09T17:30:00Z,116.12,116.41,115.95,116.18,30917.425642773167,118.71199999999955,118.65849999999992,117.53950000000025,116.68400000000062,116.10399999999981,17810,32907.5,36.651921873407126
2020-07-09T18:30:00Z,116.15,116.5,115.78,115.81,30196.940514218535,118.70349999999956,118.55774999999991,117.32050000000024,116.56700000000062,115.93599999999981,27315,32123.3,34.43971239065979
2020-07-09T19:30:00Z,115.79,116.01,115.58,115.63,36716.35241137483,118.67966666666622,118.47599999999993,117.16600000000025,116.4640000000006,115.9619999999998,62794,34272.8,33.3840525105834
2020-07-10T13:30:00Z,115.41,117.84,115.29,117.45,47083.08192909986,118.68199999999955,118.42974999999993,117.10500000000025,116.47300000000061,116.24199999999982,88550,40719,50.05441867756416
2020-07-10T14:30:00Z,117.45,118.25,117.45,117.8,43863.06554327989,118.69599999999954,118.39499999999994,117.07000000000025,116.49400000000063,116.57399999999981,30983,40219.2,52.51536086618475
2020-07-10T15:30:00Z,117.87,118.51,117.75,118.15,40346.05243462391,118.71733333333287,118.37999999999992,117.04050000000026,116.53600000000063,116.9679999999998,26278,39151.3,54.90805921899821
2020-07-10T16:30:00Z,118.04,118.135,117.62,117.75,35362.24194769913,118.72716666666621,118.34799999999993,116.99650000000027,116.64600000000061,117.35599999999981,15427,37806.9,51.701671593206164
2020-07-10T17:30:00Z,117.82,118.02,117.65,117.84,31203.7935581593,118.71499999999955,118.33149999999993,116.99600000000028,116.8800000000006,117.79799999999982,14570,34604.2,52.37554321389296
2020-07-10T18:30:00Z,117.91,118.42,117.82,118.37,29983.83484652744,118.70366666666622,118.27974999999995,117.03350000000027,117.1120000000006,117.98199999999981,25104,34333.8,56.24697158901799
2020-07-10T19:30:00Z,118.35,118.48,118.12,118.34,32497.26787722195,118.68766666666622,118.24224999999994,117.0530000000003,117.33200000000059,118.08999999999983,42551,35138.2,55.96962447233507
2020-07-13T13:30:00Z,119.71,120.1,118.67,119.17,32886.21430177756,118.68649999999955,118.20724999999996,117.1575000000003,117.63100000000058,118.29399999999983,34442,36801.4,61.60972964462212
2020-07-13T14:30:00Z,119.23,120.08,118.97,119.95,32229.171441422048,118.70133333333288,118.19424999999994,117.3060000000003,118.0450000000006,118.73399999999984,29601,37030,66.01545541169213
2020-07-13T15:30:00Z,119.98,120.03,119.52,119.63,28455.737153137638,118.70683333333288,118.16624999999995,117.45450000000031,118.44500000000058,119.09199999999983,13362,32086.8,62.82977745087038
2020-07-13T16:30:00Z,119.76,120.74,119.72,120.43,28347.58972251011,118.71783333333288,118.16324999999995,117.60800000000029,118.74300000000058,119.50399999999983,27915,26023.3,67.10371171642592
2020-07-13T17:30:00Z,120.42,120.92,120.42,120.83,29570.07177800809,118.73466666666621,118.19224999999994,117.77000000000028,119.04600000000057,120.00199999999984,34460,26371,69.0216958246457
2020-07-13T18:30:00Z,120.8,120.97,120.12,120.14,35037.45742240647,118.73433333333288,118.19649999999994,117.89050000000027,119.24500000000057,120.19599999999984,56907,29433.9,62.276478662677555
2020-07-13T19:30:00Z,120.11,120.19,119,119.19,38698.76593792518,118.71866666666621,118.17249999999994,118.01750000000027,119.38900000000058,120.04399999999983,53344,33225.6,54.39467051808988
2020-07-14T13:30:00Z,118.62,119.48,117.94,119.4,40503.41275034014,118.71433333333287,118.15374999999995,118.21250000000028,119.5450000000006,119.99799999999982,47722,36540.8,55.72851821218843
2020-07-14T14:30:00Z,119.53,119.95,119.2,119.35,37046.73020027211,118.70649999999955,118.14199999999997,118.37750000000025,119.64300000000057,119.78199999999984,23220,36352.4,55.31369911630464
2020-07-14T15:30:00Z,119.22,119.86,119.21,119.37,34091.58416021769,118.69383333333288,118.12624999999996,118.53900000000026,119.74600000000058,119.48999999999982,22271,34324.4,55.4565260145415
2020-07-14T16:30:00Z,119.46,119.84,119.215,119.3,30998.06732817415,118.67066666666622,118.11724999999997,118.69500000000028,119.75900000000055,119.32199999999982,18624,32742.6,54.796379714448406
2020-07-14T17:30:00Z,119.27,119.81,119.04,119.6,31011.653862539322,118.66666666666623,118.10249999999999,118.88450000000027,119.72400000000054,119.40399999999981,31066,32889.1,57.15056443550041
2020-07-14T18:30:00Z,119.59,120.195,119.34,120.1,30474.32309003146,118.68666666666624,118.13699999999999,119.10800000000026,119.77100000000056,119.54399999999983,28325,34385.4,60.81356130662359
2020-07-14T19:30:00Z,120.12,120.88,120.11,120.62,34121.65847202517,118.70866666666623,118.18574999999998,119.26650000000026,119.79000000000053,119.79799999999982,48711,36465,64.2375817059548
2020-07-15T13:30:00Z,122.26,123.86,122.225,123.34,36174.126777620135,118.77783333333291,118.30675,119.54350000000026,120.04100000000054,120.59199999999983,44384,37457.4,76.03393050377856
2020-07-15T14:30:00Z,123.31,123.96,122.82,123.16,38000.90142209611,118.8513333333329,118.41725,119.79400000000025,120.34300000000053,121.36399999999983,45308,36297.5,74.28760432512951
2020-07-15T15:30:00Z,123.17,123.36,122.37,122.755,35458.32113767689,118.91341666666625,118.52037499999999,120.04425000000026,120.69950000000054,121.99499999999982,25288,33491.9,70.37126355740517
2020-07-15T16:30:00Z,122.68,122.9,122.35,122.8,32203.05691014151,118.98508333333292,118.64412499999999,120.29225000000027,121.03950000000052,122.53499999999981,19182,30637.9,70.55699627283794
2020-07-15T17:30:00Z,122.86,123.055,122.68,122.8,30474.645528113208,119.02441666666626,118.773625,120.51375000000027,121.38450000000053,122.9709999999998,23561,30672,70.55699627283795
2020-07-15T18:30:00Z,122.77,122.95,122.27,122.76,30305.116422490566,119.07308333333293,118.89387500000001,120.73475000000028,121.72350000000051,122.85499999999979,29627,31407.6,70.10395824120233
2020-07-15T19:30:00Z,122.75,123.3,122.7,123.01,32650.09313799245,119.1137499999996,119.04212500000001,120.92675000000028,122.09450000000052,122.82499999999979,42030,33748.2,71.34246425932034
2020-07-16T13:30:00Z,122.51,123.69,122.17,123.66,30744.27451039396,119.16691666666627,119.20912500000001,121.11225000000029,122.50050000000053,123.00599999999979,23121,32953.7,74.32110910088417
2020-07-16T14:30:00Z,123.65,124.445,123.45,124.44,32108.019608315168,119.22841666666626,119.403625,121.35275000000028,122.93450000000055,123.33399999999979,37563,33877.5,77.36189522966434
2020-07-16T15:30:00Z,124.44,124.45,123.49,123.7,29008.815686652135,119.28091666666624,119.56212500000001,121.51625000000028,123.24250000000056,123.51399999999981,16612,30667.6,69.0124287495144
2020-07-16T16:30:00Z,123.69,124.13,123.62,124.01,27281.85254932171,119.35324999999959,119.72262500000002,121.6752500000003,123.30950000000057,123.76399999999981,20374,28266.6,70.45118224522814
2020-07-16T17:30:00Z,124,124,123.69,123.74,25825.882039457367,119.4160833333329,119.87287500000002,121.8552500000003,123.36750000000056,123.90999999999981,20002,25736,67.51109148866412
2020-07-16T18:30:00Z,123.77,123.9,123.14,123.9,25533.705631565892,119.4785833333329,120.05412500000003,122.0907500000003,123.48200000000057,123.95799999999981,24365,25643.7,68.35390876426587
2020-07-16T19:30:00Z,123.86,124.22,123.77,124.06,28591.764505252715,119.54374999999959,120.26812500000003,122.32375000000029,123.60800000000056,123.88199999999979,40824,27807.9,69.21398407471585
2020-07-17T13:30:00Z,124.25,124.26,123.2,123.96,26419.211604202173,119.6127499999996,120.46587500000003,122.5542500000003,123.72400000000057,123.93399999999978,17729,27224.7,67.97060869119981
2020-07-17T14:30:00Z,124,124.52,123.85,124.42,24227.36928336174,119.68641666666626,120.67287500000002,122.8067500000003,123.89000000000058,124.01599999999978,15460,25808,70.58803781363986
2020-07-17T15:30:00Z,124.48,124.55,124.2,124.34,21330.895426689392,119.76441666666626,120.87687500000001,123.0587500000003,124.02300000000056,124.13599999999978,9745,22579.5,69.52394987304329
2020-07-17T16:30:00Z,124.47,125.04,124.47,124.98,22510.916341351513,119.8442499999996,121.10612499999999,123.32775000000031,124.15500000000057,124.35199999999979,27231,22990.5,73.02702843082126
2020-07-17T17:30:00Z,125.01,125.33,124.85,125.32,20832.13307308121,119.95424999999959,121.34837499999999,123.58875000000032,124.24300000000055,124.60399999999981,14117,20645.9,74.69137359621722
2020-07-17T18:30:00Z,125.29,125.62,124.98,125.34,24847.50645846497,120.06541666666627,121.545625,123.82475000000034,124.40700000000054,124.87999999999981,40909,23075.6,74.78991634059956
2020-07-17T19:30:00Z,125.34,125.48,125.22,125.25,26505.205166771975,120.17791666666626,121.73187499999999,123.92025000000032,124.53100000000055,125.04599999999982,33136,24351.8,73.40482666297542
2020-07-20T13:30:00Z,126.07,126.3,125.16,125.6,28205.56413341758,120.2922499999996,121.918125,124.04225000000034,124.71700000000052,125.29799999999982,35007,25852.3,75.31910861318298
2020-07-20T14:30:00Z,125.71,126.21,125.52,126.12,28669.051306734065,120.41708333333294,122.127375,124.21050000000032,124.93900000000053,125.52599999999981,30523,26468.1,77.86795996852528
2020-07-20T15:30:00Z,126.05,126.19,125.54,125.77,30187.24104538725,120.54908333333293,122.32562500000002,124.35900000000031,125.11000000000054,125.6159999999998,36260,26011.7,72.44494109628711
2020-07-20T16:30:00Z,125.77,126.56,125.7,126.49,33641.7928363098,120.69691666666627,122.528625,124.5435000000003,125.36300000000054,125.8459999999998,47460,28984.8,76.12808519297592
2020-07-20T17:30:00Z,126.5,127.07,126.31,126.38,36358.434269047844,120.83741666666627,122.72962500000001,124.72450000000029,125.55900000000051,126.0719999999998,47225,32161.3,74.48991242477669
2020-07-20T18:30:00Z,126.42,126.98,126.42,126.87,39538.547415238274,121.00058333333294,122.92212500000001,124.91750000000027,125.81200000000051,126.3259999999998,52259,36412.7,76.8768938875899
2020-07-20T19:30:00Z,126.86,126.93,126.37,126.37,42858.23793219062,121.15708333333295,123.08262500000001,125.05300000000027,125.95100000000052,126.37599999999979,56137,39303.3,69.70910491472858
2020-07-21T13:30:00Z,130.93,132.17,128.39,128.66,70178.3903457525,121.35708333333294,123.308375,125.26400000000027,126.28500000000054,126.9539999999998,179459,55837.5,79.25103127106784
2020-07-21T14:30:00Z,128.63,129.09,127.18,127.52,73230.112276602,121.5264166666663,123.485625,125.45500000000027,126.50300000000054,127.15999999999978,85437,60290.3,67.8008323534981
2020-07-21T15:30:00Z,127.65,127.75,126.8,127.11,69819.28982128159,121.68508333333294,123.642625,125.61000000000027,126.68900000000053,127.30599999999978,56176,62594.3,64.20781206762312
2020-07-21T16:30:00Z,127.08,127.5,126.99,127.07,62408.831857025274,121.84074999999962,123.81587499999998,125.77650000000028,126.83600000000054,127.3459999999998,32767,62370.3,63.85229376423695
2020-07-21T17:30:00Z,127.09,127.59,126.93,127.05,61188.46548562022,122.01408333333296,124.01237499999999,125.93400000000028,126.92900000000054,127.48199999999979,56307,64948.7,63.662486696654035
2020-07-21T18:30:00Z,127.02,127.12,126.1,126.75,62893.57238849618,122.20158333333296,124.19612500000001,126.06850000000028,127.02700000000054,127.0999999999998,69714,68294.1,60.74555459229602
2020-07-21T19:30:00Z,126.75,126.78,125.81,125.92,62764.45791079694,122.36608333333295,124.360375,126.1665000000003,126.97000000000055,126.77999999999979,62248,69772.9,53.44891143432401
2020-07-22T13:30:00Z,125.91,128.91,125.86,128.08,76139.56632863755,122.56508333333295,124.578125,126.34950000000029,127.14000000000055,126.97399999999979,129640,78014.4,65.17311964077
2020-07-22T14:30:00Z,128.05,129.47,127.99,129.21,76635.05306291004,122.7822499999996,124.825875,126.59300000000027,127.37400000000056,127.40199999999982,78617,80650.2,69.5007679588424
2020-07-22T15:30:00Z,129.19,129.19,128.26,128.45,67276.24245032803,122.99291666666628,125.04712499999998,126.76650000000026,127.58200000000056,127.68199999999983,29841,78020.6,63.761994116429996
2020-07-22T16:30:00Z,128.4,128.5,127.87,127.95,58705.39396026243,123.1982499999996,125.24337499999997,126.89800000000025,127.51100000000056,127.92199999999984,24422,62516.9,60.237954222357374
2020-07-22T17:30:00Z,127.96,128.24,127.69,128.19,53383.515168209946,123.37724999999959,125.43262499999996,127.04050000000025,127.57800000000057,128.37599999999986,32096,57182.8,61.34238846580005
2020-07-22T18:30:00Z,128.2,128.44,127.78,128.27,49887.61213456796,123.5517499999996,125.55587499999997,127.19150000000025,127.69400000000057,128.41399999999985,35904,55155.6,61.72403447558437
2020-07-22T19:30:00Z,128.27,128.98,128.27,128.66,47668.889707654365,123.72691666666627,125.69337499999997,127.34450000000024,127.85300000000059,128.30399999999983,38794,55758.3,63.610137562029635
2020-07-23T13:30:00Z,129,129.18,128.17,129.04,45397.11176612349,123.91508333333293,125.85049999999997,127.49050000000025,128.0520000000006,128.42199999999985,36310,53758.6,65.39921404821439
2020-07-23T14:30:00Z,128.97,129.25,128.33,128.89,39220.489412898794,124.0992499999996,126.00274999999996,127.64650000000024,128.2660000000006,128.60999999999984,14514,48238.6,64.06036912362325
2020-07-23T15:30:00Z,128.95,129.24,128.72,128.99,34999.591530319034,124.2762499999996,126.15749999999996,127.77150000000024,128.57300000000058,128.76999999999984,18116,43825.4,64.58094984650977
2020-07-23T16:30:00Z,129.02,129.35,128.79,128.88,31255.673224255228,124.45191666666626,126.31049999999996,127.89650000000024,128.65300000000056,128.89199999999985,16280,32489.4,63.49149954664363
2020-07-23T17:30:00Z,128.81,128.87,127.74,127.87,31493.738579404184,124.59691666666626,126.43199999999995,127.94650000000024,128.51900000000055,128.73399999999987,32446,27872.3,54.41470248776495
2020-07-23T18:30:00Z,127.8,127.92,127.32,127.51,33359.990863523344,124.72291666666628,126.52824999999996,128.00350000000026,128.42500000000055,128.42799999999986,40825,28970.7,51.583977504736225
2020-07-23T19:30:00Z,127.39,127.63,127.16,127.33,35807.79269081868,124.85124999999961,126.60049999999997,127.93700000000027,128.36300000000054,128.11599999999987,45599,31088.4,50.178405925759954
2020-07-24T13:30:00Z,126.48,127.52,126.3,127.37,36217.23415265494,124.96691666666626,126.69224999999997,127.92950000000026,128.28100000000055,127.79199999999987,37855,31664.3,50.50118480847692
2020-07-24T14:30:00Z,127.42,127.6,126.46,126.57,35707.387322123956,125.06258333333292,126.75624999999995,127.90250000000026,128.11100000000053,127.32999999999986,33668,31440.7,44.31712410799852
2020-07-24T15:30:00Z,126.6,126.63,126.1,126.1,31250.309857699165,125.16191666666626,126.81524999999996,127.85400000000024,127.85500000000052,126.97599999999986,13422,28903.5,41.13051441990021
2020-07-24T16:30:00Z,126.13,126.35,125.81,125.87,30071.047886159333,125.27324999999959,126.86449999999998,127.79500000000023,127.53800000000051,126.64799999999987,25354,27807.9,39.62881487703399
2020-07-24T17:30:00Z,125.84,126.13,125.6,126.06,28084.638308927468,125.38424999999961,126.91449999999998,127.76050000000023,127.25500000000052,126.39399999999985,20139,28370.4,41.52804237563227
2020-07-24T18:30:00Z,126.07,126.09,125.64,125.67,26256.510647141975,125.48958333333294,126.95724999999997,127.74800000000023,126.92300000000053,126.05399999999983,18944,28453.2,38.82789874687158
2020-07-24T19:30:00Z,125.69,125.98,125.545,125.8,26272.00851771358,125.59674999999962,126.99174999999998,127.63400000000024,126.6150000000005,125.89999999999982,26334,29458.6,40.223116849213376
2020-07-27T13:30:00Z,124.92,126.18,124.905,126.14,34767.60681417087,125.7107499999996,127.03674999999998,127.48050000000023,126.4420000000005,125.90799999999982,68750,33089,43.83141515071153
2020-07-27T14:30:00Z,126.09,126.2,125.65,125.94,35374.28545133669,125.81641666666627,127.06074999999998,127.35500000000025,126.28500000000051,125.92199999999983,37801,32786.6,42.21708208539597
2020-07-27T15:30:00Z,125.94,126.07,125.72,126.06,31895.228361069352,125.9157499999996,127.07925,127.26050000000025,126.15800000000051,125.92199999999984,17979,30024.6,43.5602450332736
2020-07-27T16:30:00Z,126.09,126.12,125.61,125.69,28098.58268885548,126.0002499999996,127.088,127.13550000000025,125.9900000000005,125.92599999999986,12912,27530.3,40.43895370546072
2020-07-27T17:30:00Z,125.68,125.75,125.59,125.69,25867.666151084384,126.03941666666626,127.09899999999998,127.00650000000026,125.90200000000053,125.90399999999985,16944,25857.9,40.43895370546072
2020-07-27T18:30:00Z,125.7,125.79,125.47,125.72,25779.932920867508,126.08208333333293,127.10199999999998,126.85950000000025,125.86400000000053,125.81999999999987,25429,27058.6,40.837591740169806
2020-07-27T19:30:00Z,125.68,126.3,125.68,126.23,30919.546336694006,126.13999999999959,127.10474999999997,126.71900000000025,125.90000000000055,125.87799999999989,51478,29671,47.29557744024102
2020-07-28T13:30:00Z,126.01,126.28,125.4,125.49,27035.437069355205,126.18483333333292,127.09774999999995,126.54900000000025,125.84300000000056,125.7639999999999,11499,28807,40.403956840064865
2020-07-28T14:30:00Z,125.57,125.74,125.04,125.54,25882.749655484164,126.23049999999958,127.07399999999996,126.37650000000026,125.83000000000054,125.73399999999988,21272,29039.8,41.02921690480018
2020-07-28T15:30:00Z,125.53,125.53,125.06,125.12,22967.799724387332,126.2698333333329,127.04249999999995,126.18850000000025,125.76200000000055,125.61999999999989,11308,27537.2,37.472719868339624
2020-07-28T16:30:00Z,125.15,125.75,125.135,125.66,21118.839779509864,126.31399999999957,127.01224999999995,126.07800000000024,125.71400000000055,125.60799999999988,13723,22034.5,44.173133700084286
2020-07-28T17:30:00Z,125.74,125.84,125.35,125.5,22656.07182360789,126.34466666666623,126.99049999999995,125.97750000000023,125.67000000000056,125.46199999999988,28805,21134.9,42.7126409031127
2020-07-28T18:30:00Z,125.55,125.61,124.86,124.87,22973.257458886314,126.3518333333329,126.89574999999995,125.85450000000023,125.55100000000057,125.33799999999988,24242,21761.2,37.46067329738893
2020-07-28T19:30:00Z,124.95,125.08,124.15,124.46,27268.805967109052,126.36449999999958,126.81924999999994,125.70900000000024,125.42800000000057,125.12199999999989,44451,24915.1,34.48853917196077
2020-07-29T13:30:00Z,124.45,125.04,124.25,124.84,25041.244773687242,126.3783333333329,126.76249999999996,125.62250000000024,125.34300000000056,125.06599999999989,16131,24833.8,39.29578258744174
2020-07-29T14:30:00Z,124.75,125.22,124.61,124.74,23177.795818949795,126.39499999999957,126.70424999999996,125.55450000000023,125.24500000000054,124.8819999999999,15724,23863.3,38.49523547248858
2020-07-29T15:30:00Z,124.75,124.88,124.57,124.815,20720.436655159836,126.41024999999958,126.64837499999994,125.50175000000024,125.10350000000055,124.74499999999989,10891,19804.6,39.49088772965152
2020-07-29T16:30:00Z,124.87,125.17,124.79,125.13,18332.14932412787,126.4280833333329,126.60787499999995,125.45525000000025,125.06750000000054,124.79699999999988,8779,19532.6,43.619125509009685
2020-07-29T17:30:00Z,125.14,125.25,124.86,125.14,16593.319459302296,126.44774999999957,126.58837499999996,125.42875000000024,125.02750000000056,124.93299999999988,9638,18369.2,43.75032678411483
2020-07-29T18:30:00Z,125.17,125.79,125.08,125.62,17018.055567441836,126.46774999999957,126.52687499999995,125.41975000000022,125.07750000000055,125.08899999999987,18717,19110.1,49.790111091506404
2020-07-29T19:30:00Z,125.71,125.99,125.2,125.29,17986.04445395347,126.4835833333329,126.42887499999995,125.37725000000023,125.04050000000055,125.19899999999987,21858,19923.6,46.123373148314144
2020-07-30T13:30:00Z,123.81,123.88,121.67,122.05,24773.635563162778,126.43474999999958,126.26887499999995,125.18275000000024,124.69550000000054,124.64599999999987,51924,22235.5,25.931406917073488
2020-07-30T14:30:00Z,122.16,123.04,122.08,122.76,26597.508450530222,126.39208333333292,126.13912499999996,125.01775000000025,124.48450000000052,124.17199999999987,33893,23200.6,32.86711611971762
2020-07-30T15:30:00Z,122.79,123.21,122.58,123.13,24616.20676042418,126.35524999999959,126.01262499999999,124.88975000000025,124.35150000000053,123.76999999999987,16691,20424.6,36.21890613217807
2020-07-30T16:30:00Z,123.17,123.49,122.89,123.02,23314.165408339344,126.31808333333292,125.88137499999998,124.75625000000025,124.16950000000054,123.24999999999986,18106,20622.1,35.64905015755765
2020-07-30T17:30:00Z,123.01,123.01,122.64,122.82,21810.332326671476,126.27174999999959,125.73537499999998,124.61125000000027,123.97750000000053,122.75599999999986,15795,20629.2,34.5836265802952
2020-07-30T18:30:00Z,122.89,123.18,122.67,123,22587.265861337182,126.21974999999958,125.58437499999998,124.44975000000026,123.79600000000053,122.94599999999987,25695,22109.6,36.42518968858543
2020-07-30T19:30:00Z,123,123.18,122.75,122.9,25375.812689069746,126.17191666666623,125.43462499999995,124.32025000000029,123.57300000000055,122.97399999999986,36530,24884.7,35.82185213563423
2020-07-31T13:30:00Z,122.66,122.66,121.25,121.52,29165.450151255798,126.08908333333291,125.24787499999998,124.11925000000028,123.21100000000054,122.65199999999986,44324,28353.3,28.7457257253201
2020-07-31T14:30:00Z,121.51,122.2,121.48,122.15,31697.760121004638,126.0185833333329,125.07962499999996,123.9707500000003,122.86400000000053,122.47799999999987,41827,30664.3,35.05314654695576
2020-07-31T15:30:00Z,122.07,122.14,121.22,121.57,32532.00809680371,125.93024999999957,124.92212499999997,123.76625000000031,122.49200000000053,122.22799999999988,35869,32065.4,32.22497587304953
2020-07-31T16:30:00Z,121.56,121.74,121.1,121.73,29541.406477442968,125.85291666666623,124.77762499999994,123.57775000000031,122.46000000000053,121.97399999999989,17579,28630.9,33.81146837924091
2020-07-31T17:30:00Z,121.67,121.82,121.33,121.51,27944.525181954374,125.73374999999957,124.63212499999995,123.40975000000033,122.33500000000053,121.69599999999988,21557,27397.3,32.678751980575896
2020-07-31T18:30:00Z,121.54,122.3,121.54,122.28,27479.420145563497,125.64641666666623,124.50487499999994,123.30075000000033,122.25000000000054,121.84799999999989,25619,28290.1,40.226518167200645
2020-07-31T19:30:00Z,122.3,122.98,122.06,122.93,30969.736116450797,125.57674999999956,124.41387499999996,123.20525000000032,122.24100000000055,122.00399999999988,44931,30972.6,45.75531679083573
2020-08-03T13:30:00Z,123.42,123.48,122.18,123.35,31794.188893160637,125.51474999999958,124.34512499999997,123.13575000000033,122.29400000000055,122.3599999999999,35092,32902.3,49.03558871168941
2020-08-03T14:30:00Z,123.44,123.83,122.85,123.79,29790.55111452851,125.46041666666625,124.29312499999996,123.08450000000032,122.37300000000054,122.77199999999989,21776,32510.4,52.29054523460074
2020-08-03T15:30:00Z,123.84,124.15,123.8,124,26820.840891622807,125.41458333333291,124.24162499999996,123.02800000000032,122.48300000000054,123.2699999999999,14942,30351.6,53.80691950548169
2020-08-03T16:30:00Z,123.94,124.03,123.75,123.98,24030.872713298246,125.38224999999957,124.19937499999995,122.97000000000033,122.72900000000054,123.6099999999999,12871,27206.3,53.6320870587542
2020-08-03T17:30:00Z,123.96,124.41,123.8,124.24,22270.698170638596,125.31824999999957,124.16037499999993,122.90100000000032,122.93800000000053,123.87199999999989,15230,24546.6,55.649569581210116
2020-08-03T18:30:00Z,124.24,124.24,124.03,124.08,21093.158536510877,125.23274999999957,124.10887499999993,122.84050000000032,123.18900000000053,124.01799999999989,16383,22598,54.089875121203754
2020-08-03T19:30:00Z,124.09,124.36,123.87,124.29,23013.726829208703,125.16341666666624,124.06762499999994,122.9525000000003,123.44500000000053,124.1179999999999,30696,23909.7,55.839309166875616
2020-08-04T13:30:00Z,123.85,124.83,123.85,124.17,22277.781463366962,125.10041666666623,124.02037499999992,123.0230000000003,123.71100000000054,124.15199999999989,19334,23687.4,54.5599004541101
2020-08-04T14:30:00Z,124.1,124.65,123.89,124.55,21044.02517069357,125.03974999999959,123.99187499999994,123.0940000000003,123.93800000000053,124.26599999999988,16109,22736.4,57.85312736795126
2020-08-04T15:30:00Z,124.49,124.61,124.14,124.29,18708.220136554857,124.97341666666624,123.95687499999994,123.1575000000003,124.07400000000052,124.27599999999987,9365,19179.8,54.920279375168015
2020-08-04T16:30:00Z,124.4,124.96,124.3,124.96,17655.376109243887,124.91174999999957,123.93787499999993,123.2645000000003,124.23500000000054,124.45199999999986,13444,17015,60.480143867190804
2020-08-04T17:30:00Z,124.95,125.19,124.85,124.86,18667.50088739511,124.84208333333291,123.90362499999995,123.3575000000003,124.34200000000052,124.56599999999987,22716,17109,59.304487424351514
2020-08-04T18:30:00Z,124.89,125.53,124.73,125.23,20730.000709916087,124.78108333333289,123.89712499999993,123.4740000000003,124.46500000000053,124.77799999999988,28980,18512.8,62.22999397058789
2020-08-04T19:30:00Z,125.25,125.85,125.19,125.85,25821.000567932868,124.72874999999956,123.90487499999995,123.6905000000003,124.65200000000053,125.0379999999999,46185,21844.2,66.56712837512447
2020-08-05T13:30:00Z,126.67,126.73,125.84,125.89,24410.000454346293,124.67891666666624,123.92412499999996,123.87750000000028,124.81700000000053,125.3579999999999,18766,22197.8,66.83175365006525
2020-08-05T14:30:00Z,125.91,126.23,125.63,125.64,23233.000363477033,124.64174999999958,123.92362499999997,124.08100000000027,124.97300000000055,125.49399999999989,18525,22412,63.45138955894674
2020-08-05T15:30:00Z,125.59,125.98,125.04,125.32,23440.000290781627,124.60524999999957,123.91912499999997,124.26050000000028,125.07600000000055,125.5859999999999,24268,21769.2,59.315726669491774
2020-08-05T16:30:00Z,125.27,125.56,125.01,125.08,22119.0002326253,124.56774999999956,123.92437499999997,124.43900000000026,125.16700000000053,125.5559999999999,16835,21519.3,56.34926853785618
2020-08-05T17:30:00Z,125.05,125.29,124.64,125.24,20740.60018610024,124.53224999999956,123.94387499999996,124.58700000000024,125.23600000000053,125.4339999999999,15227,21431.1,57.862248410974566
2020-08-05T18:30:00Z,125.31,125.39,125.11,125.18,18906.08014888019,124.50908333333291,123.95237499999996,124.69950000000024,125.32500000000054,125.29199999999989,11568,21651.4,57.06348916309593
2020-08-05T19:30:00Z,125.16,125.53,125.02,125.49,20632.464119104152,124.49891666666623,123.97112499999996,124.80650000000023,125.37800000000054,125.2619999999999,27538,23060.8,60.126182656122985
2020-08-06T13:30:00Z,125.13,126.1,125.13,125.74,20540.371295283323,124.49674999999957,123.99424999999997,124.90400000000022,125.46600000000055,125.34599999999992,20172,22806.4,62.45225715233647
2020-08-06T14:30:00Z,125.76,125.79,125.37,125.51,20718.497036226658,124.48758333333289,124.00374999999997,124.97950000000023,125.49400000000055,125.4319999999999,21431,22051.5,59.039904097424134
2020-08-06T15:30:00Z,125.44,125.62,125.19,125.45,18867.397628981325,124.48391666666622,124.01149999999996,125.05300000000022,125.45400000000056,125.4739999999999,11463,18579.3,58.14733118362733
2020-08-06T16:30:00Z,125.52,125.61,125.33,125.61,17420.31810318506,124.48074999999955,124.01124999999995,125.12150000000024,125.42600000000054,125.5599999999999,11632,17865.9,59.8888054898599
2020-08-06T17:30:00Z,125.53,126.09,125.4,126.09,16523.85448254805,124.47991666666621,124.03124999999996,125.22200000000025,125.47100000000053,125.67999999999991,12938,17307.2,64.64201888179343
2020-08-06T18:30:00Z,126.08,126.25,125.96,126.06,16480.88358603844,124.48191666666622,124.13149999999996,125.31050000000025,125.54500000000053,125.74399999999991,16309,16511.3,64.13051241659525
2020-08-06T19:30:00Z,126.03,126.14,125.97,126.06,17501.10686883075,124.48191666666622,124.21399999999997,125.40500000000024,125.64300000000053,125.8539999999999,21582,16986,64.13051241659525
2020-08-07T13:30:00Z,123.68,124.25,123.5,123.82,17001.4854950646,124.45074999999956,124.23124999999996,125.36850000000024,125.50100000000052,125.52799999999988,15003,16963.6,38.05460022651041
2020-08-07T14:30:00Z,123.98,124.1,123.22,123.31,18105.38839605168,124.41108333333291,124.23849999999996,125.31950000000025,125.3140000000005,125.06799999999987,22521,18058.9,34.604626359772624
2020-08-07T15:30:00Z,123.37,123.96,123.24,123.91,15964.310716841344,124.38091666666624,124.26574999999995,125.26700000000024,125.15600000000052,124.63199999999986,7400,16045.1,41.34215330751623
2020-08-07T16:30:00Z,123.91,124.82,123.88,124.82,15695.048573473076,124.35741666666624,124.31124999999994,125.26500000000024,125.0640000000005,124.38399999999987,14618,15489.7,49.79120743757347
2020-08-07T17:30:00Z,124.82,125.04,124.41,124.53,15907.838858778461,124.34141666666623,124.35199999999995,125.23000000000025,124.9660000000005,124.07799999999989,16759,15022.5,47.44578589399726
2020-08-07T18:30:00Z,124.47,124.82,124.47,124.52,16963.47108702277,124.32441666666624,124.42699999999995,125.16350000000025,124.8730000000005,124.21799999999989,21186,15994.8,47.36293569596453
2020-08-07T19:30:00Z,124.54,125.06,124.39,124.86,18715.776869618214,124.3200833333329,124.49474999999995,125.11200000000026,124.7980000000005,124.52799999999988,25725,17404.1,50.52619517398739
2020-08-10T13:30:00Z,125.34,126.61,125.25,126.49,21396.62149569457,124.33391666666624,124.61774999999996,125.15450000000025,124.8380000000005,125.0439999999999,32120,19322.3,62.241452010297515
2020-08-10T14:30:00Z,126.5,126.82,126.095,126.25,23348.497196555654,124.34641666666624,124.73074999999997,125.20100000000025,124.85700000000051,125.32999999999988,31156,20807,59.98899550625517
2020-08-10T15:30:00Z,126.28,126.68,126.2,126.35,24041.397757244522,124.37108333333292,124.85174999999997,125.26450000000025,124.88600000000051,125.69399999999989,26813,21330.1,60.62833845889173
2020-08-10T16:30:00Z,126.26,126.41,126.12,126.33,24102.118205795618,124.40224999999958,124.95299999999997,125.31900000000026,125.13700000000051,126.0559999999999,24345,22264.3,60.42039146739781
2020-08-10T17:30:00Z,126.32,126.63,126.31,126.6,23916.894564636495,124.43158333333291,125.04474999999998,125.39000000000026,125.4660000000005,126.40399999999991,23176,22329.8,62.30028599064624
2020-08-10T18:30:00Z,126.6,127.15,126.6,126.94,26921.715651709197,124.46824999999959,125.13449999999996,125.46250000000028,125.7690000000005,126.49399999999991,38941,25483.9,64.58162810705994
2020-08-10T19:30:00Z,126.89,127.24,126.89,127.14,30783.572521367358,124.50699999999959,125.21824999999997,125.53250000000028,126.00100000000052,126.67199999999991,46231,28645.2,65.88924190906039
2020-08-11T13:30:00Z,128.74,130.43,128.74,129.75,37517.65801709388,124.58399999999959,125.36199999999997,125.74450000000027,126.52300000000052,127.3519999999999,64454,33414.7,77.54179586100616
2020-08-11T14:30:00Z,129.71,129.875,129.28,129.38,34712.726413675104,124.65466666666626,125.49699999999999,125.94100000000029,127.00900000000051,127.9619999999999,23493,33645.4,73.69824361485026
2020-08-11T15:30:00Z,129.33,129.38,128.2,128.39,30588.381130940084,124.70083333333292,125.60074999999999,126.08000000000027,127.3620000000005,128.31999999999988,14091,32482,64.48757543800383
2020-08-11T16:30:00Z,128.38,128.43,127.83,128.39,26423.904904752068,124.7524999999996,125.7085,126.19500000000025,127.55200000000052,128.6099999999999,9766,30246.6,64.48757543800383
2020-08-11T17:30:00Z,128.43,128.52,128.07,128.29,24735.923923801653,124.8564999999996,125.80850000000001,126.30650000000026,127.75600000000051,128.8399999999999,17984,28929.4,63.55704228759964
2020-08-11T18:30:00Z,128.24,128.48,127.34,127.75,25131.339139041324,124.93966666666626,125.898,126.39100000000026,127.89600000000053,128.43999999999988,26713,28919.4,58.63661168953761
2020-08-11T19:30:00Z,127.69,127.71,126.63,126.75,26978.27131123306,124.99999999999959,125.953,126.53750000000025,127.93800000000053,127.9139999999999,34366,29921.5,50.79428066527522
2020-08-12T13:30:00Z,127.51,127.59,126.87,127,25488.017048986447,125.06633333333292,126.02074999999999,126.72200000000025,127.97800000000055,127.6359999999999,19527,29556.6,52.50450626120613
2020-08-12T14:30:00Z,127.09,127.16,126.27,126.315,23948.613639189156,125.12458333333292,126.05462499999999,126.84225000000026,127.91550000000055,127.22099999999989,17791,27441.6,47.62059381568787
2020-08-12T15:30:00Z,126.32,126.67,126.31,126.58,21771.090911351326,125.18424999999958,126.097625,126.93025000000026,127.85950000000052,126.8789999999999,13061,24124.6,49.574750282954305
2020-08-12T16:30:00Z,126.5,126.5,125.89,126.06,20115.87272908106,125.23691666666626,126.11837500000001,127.00675000000024,127.49050000000052,126.5409999999999,13495,19028.7,45.95194637025216
2020-08-12T17:30:00Z,126.09,126.73,126.09,126.69,18570.298183264847,125.32308333333292,126.139375,127.11525000000024,127.22150000000052,126.52899999999991,12388,17918.2,50.656675147147794
2020-08-12T18:30:00Z,126.72,126.86,126.44,126.85,18063.438546611877,125.40141666666626,126.163375,127.21475000000024,127.06750000000052,126.49899999999991,16036,18112.7,51.80411159175745
2020-08-12T19:30:00Z,126.77,126.85,126.54,126.7,17743.3508372895,125.48691666666626,126.18987499999999,127.22525000000023,126.89850000000051,126.57599999999994,16463,18782.4,50.61576802135165
2020-08-13T13:30:00Z,125.95,126.37,125.37,125.45,21767.6806698316,125.54891666666626,126.19312499999998,127.18525000000022,126.61450000000052,126.34999999999994,37865,20770.5,41.97467682011766
2020-08-13T14:30:00Z,125.38,125.51,125.02,125.23,21961.54453586528,125.61091666666626,126.19687499999998,127.12925000000023,126.36250000000052,126.18399999999993,22737,20372.9,40.65903644951953
2020-08-13T15:30:00Z,125.22,125.29,124.92,125.03,21301.435628692223,125.65674999999959,126.19162499999997,127.06425000000024,126.19050000000053,125.8519999999999,18661,18802.4,39.44851500364306
2020-08-13T16:30:00Z,125.06,125.44,124.95,125.29,20629.74850295378,125.69608333333291,126.19437499999997,126.99875000000024,126.01950000000052,125.53999999999989,17943,18644,41.87140269884887
2020-08-13T17:30:00Z,125.27,125.31,124.98,125.16,20780.598802363023,125.72624999999957,126.18612499999998,126.90975000000023,125.90400000000052,125.23199999999989,21384,19003.3,40.98827637648319
2020-08-13T18:30:00Z,125.16,125.24,124.78,125.1,22447.879041890417,125.74808333333291,126.17012499999998,126.80775000000024,125.75600000000051,125.16199999999988,29117,20608.9,40.56304194973408
2020-08-13T19:30:00Z,125.12,125.12,124.81,124.98,23641.103233512335,125.76441666666624,126.15687499999997,126.56925000000024,125.64800000000052,125.11199999999988,28414,22100.8,39.67646504734177
2020-08-14T13:30:00Z,124.2,125.41,123.93,125.35,24665.482586809867,125.78724999999959,126.15437499999999,126.36775000000023,125.51400000000051,125.17599999999989,28763,23738.3,43.758247919843335
2020-08-14T14:30:00Z,125.41,125.52,124.85,125.08,21893.186069447893,125.80124999999958,126.14112499999999,126.20225000000023,125.33700000000051,125.1339999999999,10804,23215.1,41.548874605060824
2020-08-14T15:30:00Z,125.11,125.47,125.04,125.21,19044.548855558314,125.82008333333292,126.11912499999998,126.04325000000024,125.18800000000051,125.14399999999992,7650,22333.8,43.04009792028254
2020-08-14T16:30:00Z,125.28,125.34,124.89,125.28,17662.039084446653,125.83658333333292,126.09962499999997,125.89275000000025,125.1710000000005,125.17999999999991,12132,19760.5,43.87048478408232
2020-08-14T17:30:00Z,125.32,125.55,125.25,125.3,16781.231267557323,125.85541666666626,126.08062499999997,125.77025000000026,125.1780000000005,125.24399999999989,13258,18812.6,44.12113923369837
2020-08-14T18:30:00Z,125.31,125.32,124.98,125.08,17550.585014045857,125.86424999999959,126.11212499999996,125.68675000000026,125.18300000000049,125.1899999999999,20628,19009.3,41.90436841804088
2020-08-14T19:30:00Z,125.03,125.27,124.8,125.27,18173.268011236687,125.88058333333292,126.16112499999997,125.60025000000026,125.1810000000005,125.22799999999988,20664,19281.4,44.49794310785901
2020-08-17T13:30:00Z,125.23,125.54,124.71,124.96,20687.214408989348,125.88058333333292,126.18737499999997,125.53250000000025,125.16100000000048,125.17799999999988,30743,20217.3,41.261326598565496
2020-08-17T14:30:00Z,124.93,125.45,124.77,125.38,20050.371527191477,125.88924999999959,126.20137499999998,125.47250000000027,125.18900000000049,125.1979999999999,17503,19055.9,46.89696279243454
2020-08-17T15:30:00Z,125.39,125.39,124.78,124.88,17728.89722175318,125.88341666666628,126.21012499999999,125.41350000000027,125.1790000000005,125.11399999999989,8443,17058.8,41.7602287333194
2020-08-17T16:30:00Z,124.87,125.08,124.85,124.86,15363.117777402545,125.86691666666626,126.21862499999997,125.32200000000027,125.13000000000049,125.0699999999999,5900,14772.5,41.56411609221335
2020-08-17T17:30:00Z,124.87,124.95,124.69,124.69,14080.294221922037,125.84691666666625,126.21437499999998,125.21400000000028,125.0910000000005,124.95399999999991,8949,14587,39.85100469732784
2020-08-17T18:30:00Z,124.71,124.71,124.48,124.5,13515.835377537629,125.82791666666624,126.16462499999997,125.1040000000003,125.02000000000051,124.8619999999999,11258,14947.8,37.967492927800556
2020-08-17T19:30:00Z,124.5,124.68,124.43,124.43,14627.868302030103,125.81308333333293,126.11912499999998,125.0530000000003,124.93500000000051,124.67199999999991,19076,15642.2,37.26861481895141
2020-08-18T13:30:00Z,124.98,125.36,124.25,124.49,16393.894641624083,125.80324999999958,126.07262499999997,125.01600000000028,124.85400000000053,124.59399999999991,23458,16662.2,38.31669627369513
2020-08-18T14:30:00Z,124.49,125.16,124.49,125.12,17083.715713299265,125.80124999999958,126.04237499999996,125.02050000000027,124.85800000000054,124.64599999999992,19843,16583.7,48.118322767733694
2020-08-18T15:30:00Z,125.13,125.17,124.8,124.91,15937.372570639413,125.79674999999958,126.00012499999995,125.00150000000026,124.82200000000054,124.68999999999991,11352,15652.5,45.52167984645163
2020-08-18T16:30:00Z,124.96,125.21,124.84,125.09,13748.89805651153,125.79008333333292,125.95387499999997,124.99800000000027,124.83500000000053,124.80799999999992,4995,13077.7,48.1066262946637
2020-08-18T17:30:00Z,125.12,125.48,125.03,125.08,12987.718445209224,125.77908333333292,125.90237499999996,124.99700000000027,124.80500000000052,124.93799999999992,9943,12321.7,47.97044615391491
2020-08-18T18:30:00Z,125.06,125.11,124.88,125.06,13375.17475616738,125.77158333333293,125.78512499999997,125.00100000000027,124.8230000000005,125.05199999999991,14925,12969.9,47.67973786441164
2020-08-18T19:30:00Z,125.04,125.14,124.84,124.93,13708.139804933904,125.76291666666627,125.67387499999998,124.98000000000027,124.83000000000052,125.01399999999992,15040,13883.9,45.73942227532853
2020-08-19T13:30:00Z,124.79,125.495,124.33,125.35,17120.711843947123,125.75858333333295,125.59787499999997,124.99350000000027,124.8960000000005,125.10199999999993,30771,16066.1,52.46924803969633
2020-08-19T14:30:00Z,125.29,125.37,124.71,124.85,16256.769475157698,125.73791666666628,125.50937499999998,124.97550000000027,124.9310000000005,125.05399999999993,12801,16220.4,45.27074137540598
2020-08-19T15:30:00Z,124.82,125,124.58,124.93,15947.61558012616,125.71908333333295,125.42537499999999,124.95800000000024,124.98100000000049,125.02399999999992,14711,15783.9,46.53464708224674
2020-08-19T16:30:00Z,124.97,124.97,124.46,124.46,15127.292464100927,125.69241666666628,125.34312499999999,124.91600000000024,124.97800000000049,124.90399999999991,11846,14622.7,40.60215998764034
2020-08-19T17:30:00Z,124.41,124.45,123.94,124.13,17365.23397128074,125.69758333333294,125.27762499999999,124.86850000000024,124.8790000000005,124.74399999999991,26317,15270.1,37.03237012976921
2020-08-19T18:30:00Z,124.13,124.22,123.92,123.96,19187.78717702459,125.70841666666628,125.20162499999999,124.80300000000025,124.78400000000049,124.46599999999992,26478,16782.7,35.31005894997385
2020-08-19T19:30:00Z,123.97,123.97,123.5,123.85,19598.229741619674,125.70741666666628,125.14000000000001,124.74750000000024,124.6600000000005,124.26599999999992,21240,18407.2,34.20163617147482
2020-08-20T13:30:00Z,123.29,123.91,122.94,123.75,19382.983793295738,125.68958333333295,125.06925000000001,124.66600000000024,124.5270000000005,124.02999999999993,18522,19265.1,33.18187169916192
2020-08-20T14:30:00Z,123.72,124.005,123.56,123.56,17794.18703463659,125.6734166666663,125.00675000000001,124.60000000000022,124.37700000000049,123.84999999999991,11439,18916.5,31.27389422946399
2020-08-20T15:30:00Z,123.49,123.87,123.42,123.62,17251.149627709274,125.65841666666628,124.93000000000002,124.53800000000021,124.24600000000048,123.7479999999999,15079,18920.4,32.592047259805796
2020-08-20T16:30:00Z,123.55,123.58,123.22,123.33,16077.919702167419,125.63291666666629,124.84200000000001,124.47000000000021,124.04400000000048,123.62199999999991,11385,16981.8,29.63362409358551
2020-08-20T17:30:00Z,123.315,123.54,123.21,123.53,14824.135761733934,125.58358333333295,124.76275000000001,124.42150000000022,123.91200000000049,123.55799999999991,9809,16682.6,34.077855472229416
2020-08-20T18:30:00Z,123.63,123.72,123.22,123.33,13945.108609387147,125.53491666666629,124.70975000000001,124.36650000000023,123.75200000000048,123.4739999999999,10429,16254.4,31.907602621248543
2020-08-20T19:30:00Z,123.33,123.49,123.14,123.14,14086.486887509718,125.48141666666629,124.65750000000003,124.29900000000023,123.62000000000049,123.38999999999992,14652,16535,29.95583631582447
2020-08-21T13:30:00Z,122.92,123.45,122.53,122.87,13545.589510007774,125.42374999999963,124.60350000000003,124.18650000000022,123.49400000000045,123.23999999999992,11382,15041.5,27.3916656365367
2020-08-21T14:30:00Z,122.81,122.84,122.47,122.47,13023.67160800622,125.35491666666628,124.53300000000004,124.06450000000022,123.34500000000045,123.06799999999991,10936,13487.3,24.100348611973644
2020-08-21T15:30:00Z,122.46,122.74,122.37,122.62,13266.137286404975,125.2829166666663,124.46950000000004,123.94100000000022,123.22200000000048,122.88599999999992,14236,12786.9,27.612944099869452
2020-08-21T16:30:00Z,122.63,122.86,122.53,122.86,12776.10982912398,125.21158333333295,124.41350000000003,123.83000000000023,123.13300000000046,122.79199999999992,10816,12016.3,32.959000138316455
2020-08-21T17:30:00Z,122.84,123.37,122.84,123.1,12716.687863299183,125.10074999999962,124.36650000000004,123.73200000000023,123.08700000000047,122.78399999999992,12479,12120.3,37.89825125236441
2020-08-21T18:30:00Z,123.105,123.37,123.105,123.19,14512.950290639346,124.99758333333294,124.31250000000003,123.64500000000024,123.04400000000047,122.84799999999993,21698,12782.2,39.69260130087543
2020-08-21T19:30:00Z,123.2,123.33,123.06,123.2,18416.960232511476,124.91108333333294,124.26550000000002,123.53750000000022,123.03100000000047,122.99399999999994,34033,15047,39.90038773257516
2020-08-24T13:30:00Z,123.71,125.18,123.36,125.12,21212.76818600918,124.85658333333294,124.26325000000001,123.55100000000023,123.19000000000048,123.49399999999994,32396,17305.7,64.9035752681039
2020-08-24T14:30:00Z,125.07,126.06,125.06,125.9,25445.014548807343,124.81674999999959,124.27875000000002,123.59950000000023,123.4470000000005,124.10199999999993,42374,20500.2,70.3079130889385
2020-08-24T15:30:00Z,125.85,125.91,125.11,125.37,25654.411639045873,124.77708333333293,124.2805,123.64500000000024,123.6700000000005,124.55599999999993,26492,21684.2,63.187919274686344
2020-08-24T16:30:00Z,125.31,125.35,124.87,125.05,24104.1293112367,124.74874999999959,124.27975,123.69100000000023,123.88800000000052,124.92799999999993,17903,22336.3,59.28424565836716
2020-08-24T17:30:00Z,125.045,125.11,124.79,124.99,22426.50344898936,124.71524999999959,124.27275,123.74250000000022,124.14000000000051,125.28599999999992,15716,22814.3,58.55381233732184
2020-08-24T18:30:00Z,125,125.12,124.78,125.12,24073.802759191487,124.69533333333293,124.27674999999999,123.80600000000022,124.39000000000051,125.28599999999992,30663,24457,59.712038464734746
2020-08-24T19:30:00Z,125.08,125.72,124.985,125.72,31280.042207353188,124.6809999999996,124.28524999999999,123.90450000000021,124.67600000000053,125.24999999999993,60105,29385.9,64.62554072335905
2020-08-25T13:30:00Z,126.01,126.81,125.82,126.14,30859.033765882552,124.68233333333293,124.31675,124.0335000000002,124.98000000000054,125.40399999999993,29175,31055.5,67.60398940687878
2020-08-25T14:30:00Z,125.92,125.93,124.83,124.87,27400.827012706042,124.6519999999996,124.31700000000001,124.0960000000002,125.14800000000055,125.36799999999994,13568,30242.5,53.05676358374495
2020-08-25T15:30:00Z,124.95,124.99,124.53,124.65,24009.061610164834,124.61533333333293,124.316,124.16200000000022,125.29300000000055,125.29999999999993,10442,27883.4,51.00909749302208
2020-08-25T16:30:00Z,124.58,124.86,124.53,124.86,20291.24928813187,124.58466666666625,124.325,124.22850000000021,125.26700000000055,125.24799999999993,5420,25185.8,52.87856610705678
2020-08-25T17:30:00Z,124.87,124.87,124.56,124.77,17764.799430505496,124.57333333333294,124.3335,124.30050000000021,125.15400000000054,125.05799999999992,7659,21714.3,51.96338287852873
2020-08-25T18:30:00Z,124.78,125.04,124.66,125.04,16292.639544404397,124.57016666666627,124.34725,124.39550000000023,125.12100000000055,124.83799999999992,10404,20105.5,54.507150644168824
2020-08-25T19:30:00Z,125.03,125.03,124.62,124.64,18323.51163552352,124.56366666666628,124.33525000000002,124.48400000000022,125.08000000000057,124.79199999999992,26447,20959.9,50.26080452315932
2020-08-26T13:30:00Z,124.86,125.05,124.08,124.51,19570.009308418816,124.55066666666629,124.32525000000003,124.58600000000024,125.03200000000056,124.76399999999992,24556,21843.9,48.92674179518508
2020-08-26T14:30:00Z,124.51,124.54,124,124.12,19259.207446735054,124.53333333333295,124.30100000000002,124.66100000000024,124.93200000000056,124.61599999999991,18016,20579.2,45.0624693397077
2020-08-26T15:30:00Z,124.06,124.3,123.99,124.21,17443.365957388043,124.51849999999962,124.27925000000002,124.72850000000024,124.78100000000056,124.50399999999993,10180,15586.7,46.12004453853572
2020-08-26T16:30:00Z,124.09,124.32,124.06,124.12,16035.892765910434,124.5041666666663,124.25575,124.77950000000024,124.57900000000056,124.31999999999994,10406,13709.8,45.18333468993089
2020-08-26T17:30:00Z,124.12,124.49,124.05,124.44,14758.514212728347,124.4889999999996,124.2435,124.84200000000024,124.53600000000056,124.27999999999994,9649,13317.9,49.138770787776124
2020-08-26T18:30:00Z,124.4,124.43,123.96,124.41,16584.41137018268,124.47783333333294,124.21999999999998,124.90250000000023,124.51200000000055,124.25999999999995,23888,14662.5,48.783377204139676
2020-08-26T19:30:00Z,124.44,124.44,124.08,124.19,17858.329096146143,124.46083333333293,124.20349999999996,124.85600000000025,124.44500000000058,124.27399999999996,22954,16415.9,46.147532105232706
2020-08-27T13:30:00Z,124.5,124.91,124.05,124.87,19439.463276916915,124.4539999999996,124.20199999999996,124.80450000000023,124.45500000000057,124.40599999999995,25764,18226.4,54.35664929963021
2020-08-27T14:30:00Z,124.86,125.07,124.05,124.1,20670.370621533533,124.4339999999996,124.19299999999996,124.74100000000024,124.36100000000056,124.40199999999996,25594,19745.4,45.83614291896249
2020-08-27T15:30:00Z,124.1,124.5,123.98,124.23,19823.896497226826,124.41983333333293,124.19549999999995,124.70000000000023,124.32000000000055,124.35999999999994,16438,18744.5,47.3370547560682
2020-08-27T16:30:00Z,124.24,124.74,124.06,124.64,21775.51719778146,124.40933333333292,124.21249999999995,124.68250000000023,124.33300000000057,124.40599999999995,29582,19247.1,51.86719796899008
2020-08-27T17:30:00Z,124.65,124.725,124.33,124.58,23916.213758225167,124.4029999999996,124.23074999999994,124.65550000000023,124.37900000000054,124.48399999999997,32479,20693.4,51.17344710439209
2020-08-27T18:30:00Z,124.58,125.08,124.51,125.01,23397.171006580134,124.39683333333294,124.26224999999995,124.62000000000026,124.45900000000054,124.51199999999997,21321,21807.5,55.742245691142315
2020-08-27T19:30:00Z,125.08,125.09,124.64,124.67,25781.736805264107,124.39333333333293,124.28999999999994,124.54650000000026,124.51400000000054,124.62599999999995,35320,24298.9,51.62856000848583
2020-08-28T13:30:00Z,124.66,124.95,124.23,124.415,25266.189444211286,124.38591666666626,124.30987499999995,124.52375000000026,124.51150000000052,124.66299999999994,23204,25654.4,48.724282930809565
2020-08-28T14:30:00Z,124.415,124.59,124.28,124.42,23282.15155536903,124.38141666666628,124.33712499999994,124.51225000000026,124.51250000000053,124.61899999999994,15346,24800.2,48.78511865931908
2020-08-28T15:30:00Z,124.41,124.87,124.28,124.71,22306.721244295222,124.38491666666627,124.36662499999996,124.50475000000026,124.56450000000052,124.64499999999994,18405,24345.3,52.318644265478746
2020-08-28T16:30:00Z,124.74,125.14,124.68,124.87,22019.376995436178,124.3922499999996,124.40512499999996,124.50975000000025,124.56450000000055,124.61699999999993,20870,23855.9,54.19631384548716
2020-08-28T17:30:00Z,124.83,125.02,124.82,124.95,20672.10159634894,124.39991666666627,124.45037499999994,124.50525000000025,124.64950000000056,124.67299999999996,15283,22824.8,55.14738504545342
2020-08-28T18:30:00Z,124.95,125.28,124.78,125.24,20853.481277079154,124.40191666666627,124.50962499999994,124.53525000000025,124.75050000000056,124.83799999999997,21579,23338.9,58.51051277666542
2020-08-28T19:30:00Z,125.17,125.28,125.02,125.08,25473.585021663323,124.40474999999961,124.57487499999993,124.56375000000023,124.79450000000054,124.96999999999998,43954,24776.1,56.014962565913216
2020-08-31T13:30:00Z,124.87,124.92,123.52,123.72,29861.068017330657,124.38191666666627,124.60237499999994,124.54375000000023,124.70850000000056,124.77199999999998,47411,26269.3,40.28625821331108
2020-08-31T14:30:00Z,123.74,124.2,123.49,123.53,30830.254413864524,124.35608333333293,124.61912499999994,124.50975000000024,124.56050000000054,124.50399999999998,34707,27607.9,38.65330078983232
2020-08-31T15:30:00Z,123.54,123.89,123.36,123.44,27147.80353109162,124.32908333333292,124.62762499999992,124.47575000000025,124.43750000000054,124.20199999999996,12418,25317.7,37.87025042142758
2020-08-31T16:30:00Z,123.56,123.58,123.05,123.28,25554.442824873295,124.30158333333291,124.62987499999993,124.41775000000025,124.32400000000055,123.80999999999995,19181,24915.4,36.456288478002946
2020-08-31T17:30:00Z,123.27,123.33,123.07,123.09,25569.754259898637,124.26391666666625,124.62712499999994,124.35175000000027,124.19100000000053,123.41199999999995,25631,25943.9,34.794891807516564
2020-08-31T18:30:00Z,123.1,123.47,123.08,123.47,24479.80340791891,124.24091666666624,124.58587499999994,124.31575000000025,124.06700000000053,123.36199999999994,20120,26115.4,40.6230758703654
2020-08-31T19:30:00Z,123.48,123.77,123.3,123.3,27927.242726335127,124.21374999999958,124.52087499999996,124.23725000000027,123.91000000000054,123.31599999999995,41717,28200.1,38.94595632700429
2020-09-01T13:30:00Z,122.835,123.73,122.27,123.54,30901.194181068102,124.19841666666623,124.47512499999996,124.20925000000027,123.76900000000053,123.33599999999993,42797,30951.5,42.55186055240743
2020-09-01T14:30:00Z,123.51,123.76,123.36,123.58,29621.35534485448,124.18924999999957,124.43837499999995,124.17675000000027,123.60300000000052,123.39599999999993,24502,31243.8,43.154461173368425
2020-09-01T15:30:00Z,123.55,123.92,123.55,123.6,27184.484275883584,124.18324999999957,124.40362499999996,124.12475000000026,123.45500000000052,123.49799999999993,17437,28592.1,43.473731540337766
2020-09-01T16:30:00Z,123.52,123.52,122.98,123.09,24031.587420706866,124.1705833333329,124.35287499999997,124.05025000000028,123.39200000000051,123.42199999999994,11420,24993,37.66449295758497
2020-09-01T17:30:00Z,123.06,123.07,122.86,123.02,21622.069936565495,124.15841666666624,124.28537499999997,123.95075000000027,123.3410000000005,123.36599999999994,11984,22720.7,36.93496402302665
2020-09-01T18:30:00Z,122.99,123.28,122.96,123.14,19327.855949252396,124.15141666666624,124.21037499999997,123.87425000000026,123.31100000000052,123.28599999999994,10151,22494,39.11221484006516
2020-09-01T19:30:00Z,123.14,123.445,123.14,123.41,20169.884759401917,124.14791666666625,124.17387499999998,123.82400000000025,123.32400000000052,123.25199999999992,23538,22929.7,43.812525149588694
2020-09-02T13:30:00Z,123.65,126.63,123.63,126.63,27571.507807521535,124.20291666666624,124.22337499999999,123.93450000000026,123.67800000000054,123.85799999999992,57178,26084.4,71.78572150159803
2020-09-02T14:30:00Z,126.71,127.57,126.56,127.12,43666.40624601723,124.26274999999958,124.27987499999999,124.05500000000025,124.04300000000055,124.66399999999992,108046,34877,73.91402946579802
2020-09-02T15:30:00Z,127.12,127.53,127.02,127.27,43323.32499681378,124.32841666666626,124.34237499999999,124.17500000000025,124.44000000000055,125.51399999999992,41951,34900.4,74.54700123414169
2020-09-02T16:30:00Z,127.28,127.65,127.11,127.62,39588.45999745103,124.40308333333292,124.40687499999999,124.30850000000025,124.84800000000055,126.40999999999993,24649,33085.6,76.00976219919794
2020-09-02T17:30:00Z,127.6,127.76,127.41,127.62,40115.16799796082,124.48224999999958,124.48137499999999,124.42750000000026,125.25200000000055,127.25199999999992,42222,34857.6,76.00976219919792
2020-09-02T18:30:00Z,127.605,128.39,127.55,128.24,39326.934398368656,124.57841666666624,124.57462499999997,124.58550000000028,125.71600000000055,127.57399999999993,36174,36731.3,78.54310673817436
2020-09-02T19:30:00Z,128.24,128.68,128.17,128.23,43609.34751869492,124.67191666666623,124.67737499999996,124.81100000000029,126.23000000000056,127.79599999999994,60739,41663.2,78.39930474327383
2020-09-03T13:30:00Z,128.32,129.93,126.81,127.16,44540.87801495594,124.74358333333291,124.75112499999996,124.99250000000026,126.64400000000057,127.77399999999993,48267,45291.5,64.74079480165919
2020-09-03T14:30:00Z,127.06,127.65,125.08,125.51,44080.50241196475,124.78374999999957,124.78587499999996,125.09600000000027,126.88100000000057,127.35199999999993,42239,48500.3,50.21319629980699
2020-09-03T15:30:00Z,125.46,126.25,125.39,125.73,42397.8019295718,124.8260833333329,124.81812499999997,125.21850000000026,127.11300000000055,126.97399999999993,35667,49713.2,51.76730277795178
2020-09-03T16:30:00Z,125.71,125.82,124.68,125.01,41700.64154365744,124.85624999999958,124.83312499999997,125.31450000000027,126.95100000000056,126.32799999999993,38912,47886.6,46.636482409152855
2020-09-03T17:30:00Z,124.96,124.96,124.06,124.4,37443.11323492595,124.84424999999958,124.83837499999997,125.36100000000029,126.67900000000058,125.56199999999993,20413,39123.3,42.76888530972349
2020-09-03T18:30:00Z,124.41,124.95,123.76,123.84,37040.89058794076,124.80991666666624,124.81262499999998,125.38800000000029,126.33600000000058,124.89799999999994,35432,38471.4,39.52800349089196
2020-09-03T19:30:00Z,123.84,124.71,123.66,124.45,40955.91247035261,124.79458333333291,124.82137499999996,125.43350000000028,126.0190000000006,124.68599999999995,56616,41668.1,44.464642037870846