Datetime,Open,High,Low,Close,Volume
2017-11-21,10050.0,10080.0,10020.0,10045.0,1065113.0
2017-11-22,10090.0,10145.0,10080.0,10105.0,1085828.0
2017-11-23,10120.0,10120.0,10060.0,10075.0,844473.0
2017-11-24,10075.0,10100.0,10050.0,10100.0,1187356.0
2017-11-27,10100.0,10105.0,9915.0,9925.0,1580152.0
2017-11-28,9920.0,9970.0,9895.0,9940.0,2813229.0
2017-11-29,9975.0,10000.0,9940.0,9960.0,1235645.0
2017-11-30,9885.0,9915.0,9790.0,9800.0,1141143.0
2017-12-01,9820.0,9830.0,9770.0,9790.0,878667.0
2017-12-04,9820.0,9870.0,9785.0,9865.0,1826078.0
2017-12-05,9865.0,9935.0,9865.0,9910.0,405507.0
2017-12-06,9910.0,9910.0,9780.0,9780.0,841054.0
2017-12-07,9785.0,9795.0,9710.0,9750.0,1263169.0
2017-12-08,9780.0,9805.0,9745.0,9785.0,868271.0
2017-12-11,9795.0,9800.0,9745.0,9790.0,970536.0
2017-12-12,9770.0,9775.0,9735.0,9750.0,967740.0
2017-12-13,9750.0,9835.0,9735.0,9820.0,1360808.0
2017-12-14,9855.0,9970.0,9835.0,9890.0,1665512.0
2017-12-15,9880.0,9890.0,9800.0,9820.0,2614309.0
2017-12-18,9825.0,9850.0,9810.0,9830.0,1762448.0
2017-12-19,9885.0,9910.0,9810.0,9835.0,1496604.0
2017-12-20,9820.0,9855.0,9810.0,9815.0,1511012.0
2017-12-21,9800.0,9800.0,9635.0,9635.0,2482439.0
2017-12-22,9645.0,9695.0,9625.0,9685.0,1881811.0
2017-12-26,9705.0,9735.0,9630.0,9630.0,2860460.0
2017-12-27,9665.0,9740.0,9650.0,9735.0,2555817.0
2017-12-28,9745.0,9895.0,9745.0,9895.0,717868.0
2018-01-02,9910.0,9930.0,9870.0,9915.0,869954.0
2018-01-03,9945.0,9980.0,9930.0,9960.0,915997.0
2018-01-04,10005.0,10005.0,9875.0,9875.0,299462.0
2018-01-05,9915.0,10005.0,9910.0,10005.0,806660.0
2018-01-08,10070.0,10095.0,9990.0,10075.0,1138374.0
2018-01-09,10075.0,10120.0,10000.0,10045.0,1890614.0
2018-01-10,10065.0,10065.0,9965.0,9975.0,643199.0
2018-01-11,9965.0,9980.0,9900.0,9925.0,1057044.0
2018-01-12,9975.0,9975.0,9875.0,9945.0,1090017.0
2018-01-15,9990.0,10005.0,9930.0,9965.0,280985.0
2018-01-16,9970.0,10050.0,9945.0,10035.0,300835.0
2018-01-17,10025.0,10045.0,9990.0,10020.0,441754.0
2018-01-18,10065.0,10095.0,10005.0,10020.0,1339283.0
2018-01-19,10025.0,10050.0,10005.0,10020.0,1051781.0
2018-01-22,10000.0,10000.0,9885.0,9930.0,320481.0
2018-01-23,9975.0,10060.0,9955.0,10060.0,372266.0
2018-01-24,10055.0,10120.0,10055.0,10075.0,472164.0
2018-01-25,10050.0,10185.0,10050.0,10160.0,422962.0
2018-01-26,10160.0,10200.0,10135.0,10200.0,515614.0
2018-01-29,10260.0,10325.0,10260.0,10290.0,362439.0
2018-01-30,10275.0,10290.0,10150.0,10160.0,748217.0
2018-01-31,10115.0,10300.0,10110.0,10165.0,954046.0
2018-02-01,10175.0,10220.0,10135.0,10160.0,468425.0
2018-02-02,10130.0,10130.0,9940.0,9960.0,799522.0
2018-02-05,9835.0,9875.0,9775.0,9850.0,1946400.0
2018-02-06,9655.0,9710.0,9525.0,9700.0,1984241.0
2018-02-07,9810.0,9810.0,9455.0,9455.0,398247.0
2018-02-08,9470.0,9565.0,9430.0,9515.0,157839.0
2018-02-09,9275.0,9315.0,9240.0,9280.0,5072335.0
2018-02-12,9330.0,9425.0,9290.0,9385.0,7250751.0
2018-02-13,9450.0,9560.0,9405.0,9460.0,439506.0
2018-02-14,9535.0,9590.0,9525.0,9575.0,208757.0
2018-02-19,9705.0,9705.0,9575.0,9640.0,269469.0
2018-02-20,9605.0,9605.0,9500.0,9530.0,519916.0
2018-02-21,9475.0,9580.0,9465.0,9565.0,5127653.0
2018-02-22,9510.0,9530.0,9470.0,9515.0,145998.0
2018-02-23,9550.0,9655.0,9550.0,9650.0,370416.0
2018-02-26,9670.0,9685.0,9625.0,9670.0,339018.0
2018-02-27,9730.0,9760.0,9650.0,9650.0,275790.0
2018-02-28,9615.0,9655.0,9515.0,9530.0,181691.0
2018-03-02,9435.0,9435.0,9340.0,9390.0,304306.0
2018-03-05,9390.0,9390.0,9265.0,9265.0,5257054.0
2018-03-06,9365.0,9455.0,9365.0,9455.0,331037.0
2018-03-07,9495.0,9565.0,9400.0,9470.0,416604.0
2018-03-08,9530.0,9560.0,9470.0,9560.0,2469817.0
2018-03-09,9615.0,9755.0,9585.0,9625.0,1060530.0
2018-03-12,9765.0,9795.0,9725.0,9760.0,1604395.0
2018-03-13,9765.0,9810.0,9750.0,9810.0,363193.0
2018-03-14,9750.0,9805.0,9745.0,9805.0,114319.0
2018-03-15,9810.0,9840.0,9735.0,9820.0,143886.0
2018-03-16,9820.0,9825.0,9750.0,9820.0,88437.0
2018-03-19,9800.0,9815.0,9725.0,9750.0,179834.0
2018-03-20,9690.0,9785.0,9670.0,9785.0,2053458.0
2018-03-21,9795.0,9820.0,9780.0,9805.0,1145493.0
2018-03-22,9810.0,9890.0,9800.0,9840.0,2473622.0
2018-03-23,9635.0,9655.0,9495.0,9510.0,8150524.0
2018-03-26,9490.0,9590.0,9445.0,9590.0,11928607.0
2018-03-27,9655.0,9665.0,9615.0,9640.0,3997069.0
2018-03-28,9525.0,9535.0,9455.0,9505.0,1741951.0
2018-03-29,9520.0,9605.0,9490.0,9590.0,2959377.0
2018-03-30,9665.0,9680.0,9625.0,9625.0,3119363.0
2018-04-02,9620.0,9690.0,9585.0,9590.0,211748.0
2018-04-03,9500.0,9575.0,9475.0,9575.0,25372897.0
2018-04-04,9580.0,9580.0,9415.0,9420.0,153686.0
2018-04-05,9490.0,9595.0,9480.0,9565.0,72865.0
2018-04-06,9485.0,9530.0,9460.0,9515.0,147423.0
2018-04-09,9495.0,9590.0,9490.0,9580.0,892084.0
2018-04-10,9540.0,9620.0,9465.0,9590.0,857200.0
2018-04-11,9590.0,9620.0,9550.0,9555.0,3323067.0
2018-04-12,9585.0,9610.0,9560.0,9560.0,2415401.0
2018-04-13,9590.0,9630.0,9580.0,9620.0,914755.0
2018-04-16,9655.0,9660.0,9600.0,9630.0,3152567.0
2018-04-17,9635.0,9650.0,9595.0,9610.0,508887.0
2018-04-18,9670.0,9750.0,9670.0,9725.0,122290.0
2018-04-19,9760.0,9785.0,9725.0,9760.0,103119.0
2018-04-20,9715.0,9745.0,9695.0,9700.0,155639.0
2018-04-23,9670.0,9715.0,9670.0,9705.0,3771680.0
2018-04-24,9705.0,9705.0,9605.0,9655.0,147532.0
2018-04-25,9575.0,9595.0,9535.0,9590.0,95715.0
2018-04-26,9615.0,9740.0,9610.0,9710.0,415745.0
2018-04-27,9810.0,9860.0,9760.0,9800.0,732304.0
2018-04-30,9835.0,9865.0,9805.0,9855.0,575487.0
2018-05-02,9840.0,9840.0,9770.0,9770.0,733319.0
2018-05-03,9765.0,9780.0,9730.0,9750.0,250547.0
2018-05-04,9755.0,9755.0,9680.0,9680.0,1411367.0
2018-05-08,9715.0,9750.0,9625.0,9640.0,1247410.0
2018-05-09,9625.0,9650.0,9550.0,9605.0,722250.0
2018-05-10,9650.0,9680.0,9630.0,9665.0,658614.0
2018-05-11,9710.0,9765.0,9710.0,9735.0,325466.0
2018-05-14,9755.0,9755.0,9690.0,9710.0,500216.0
2018-05-15,9710.0,9720.0,9605.0,9625.0,686014.0
2018-05-16,9580.0,9670.0,9580.0,9650.0,713642.0
2018-05-17,9705.0,9705.0,9610.0,9615.0,13562.0
2018-05-18,9630.0,9645.0,9615.0,9645.0,1047.0
2018-05-21,9630.0,9680.0,9580.0,9665.0,103321.0
2018-05-23,9655.0,9730.0,9655.0,9730.0,249144.0
2018-05-24,9730.0,9730.0,9670.0,9700.0,796.0
2018-05-25,9660.0,9735.0,9660.0,9715.0,124201.0
2018-05-28,9750.0,9760.0,9730.0,9755.0,264314.0
2018-05-29,9740.0,9740.0,9660.0,9665.0,379341.0
2018-05-30,9610.0,9610.0,9395.0,9455.0,641387.0
2018-05-31,9470.0,9510.0,9460.0,9505.0,184036.0
2018-06-01,9485.0,9585.0,9465.0,9545.0,130941.0
2018-06-04,9565.0,9615.0,9560.0,9605.0,20871.0
2018-06-05,9605.0,9635.0,9545.0,9635.0,1199.0
2018-06-07,9720.0,9740.0,9690.0,9715.0,195482.0
2018-06-08,9680.0,9680.0,9605.0,9625.0,42416.0
2018-06-11,9625.0,9700.0,9610.0,9700.0,266456.0
2018-06-12,9700.0,9730.0,9670.0,9690.0,245488.0
2018-06-14,9595.0,9620.0,9495.0,9520.0,1870850.0
2018-06-15,9545.0,9545.0,9450.0,9450.0,144044.0
2018-06-18,9455.0,9455.0,9305.0,9350.0,270070.0
2018-06-19,9325.0,9340.0,9200.0,9230.0,459912.0
2018-06-20,9265.0,9345.0,9230.0,9295.0,341947.0
2018-06-21,9285.0,9300.0,9210.0,9215.0,1043610.0
2018-06-22,9125.0,9285.0,9125.0,9285.0,417817.0
2018-06-25,9270.0,9295.0,9190.0,9285.0,192246.0
2018-06-26,9195.0,9285.0,9160.0,9265.0,252284.0
2018-06-27,9255.0,9290.0,9230.0,9235.0,97936.0
2018-06-28,9195.0,9200.0,9130.0,9155.0,436126.0
2018-06-29,9155.0,9190.0,9065.0,9170.0,264058.0
2018-07-02,9150.0,9180.0,8970.0,8975.0,285670.0
2018-07-03,9030.0,9030.0,8915.0,8990.0,393901.0
2018-07-04,8965.0,9020.0,8945.0,8960.0,256972.0
2018-07-05,8975.0,8985.0,8880.0,8935.0,358424.0
2018-07-06,8920.0,9035.0,8905.0,9010.0,190547.0
2018-07-09,9000.0,9080.0,8980.0,9055.0,354576.0
2018-07-10,9095.0,9120.0,9065.0,9075.0,283086.0
2018-07-11,9010.0,9035.0,8940.0,9025.0,82220.0
2018-07-12,9040.0,9090.0,9005.0,9040.0,17986.0
2018-07-13,9110.0,9165.0,9105.0,9135.0,153761.0
2018-07-16,9125.0,9170.0,9105.0,9115.0,132366.0
2018-07-17,9105.0,9125.0,9075.0,9095.0,274480.0
2018-07-18,9150.0,9185.0,9075.0,9075.0,100526.0
2018-07-19,9120.0,9120.0,9060.0,9095.0,80122.0
2018-07-20,9075.0,9100.0,9010.0,9100.0,317140.0
2018-07-23,9090.0,9090.0,9010.0,9025.0,150887.0
2018-07-24,9030.0,9060.0,8995.0,9050.0,33335.0
2018-07-25,9105.0,9105.0,9030.0,9070.0,298761.0
2018-07-26,9070.0,9125.0,9055.0,9095.0,193732.0
2018-07-27,9115.0,9130.0,9080.0,9130.0,312165.0
2018-07-30,9100.0,9125.0,9070.0,9105.0,73840.0
2018-07-31,9110.0,9125.0,9080.0,9120.0,561188.0
2018-08-01,9130.0,9190.0,9130.0,9160.0,843396.0
2018-08-02,9135.0,9150.0,8975.0,8990.0,853051.0
2018-08-03,8995.0,9060.0,8990.0,9060.0,428565.0
2018-08-06,9060.0,9110.0,9040.0,9050.0,113194.0
2018-08-07,9045.0,9110.0,9020.0,9110.0,389282.0
2018-08-08,9120.0,9140.0,9100.0,9105.0,13774.0
2018-08-09,9095.0,9115.0,9065.0,9110.0,245846.0
2018-08-10,9075.0,9075.0,8985.0,9010.0,185333.0
2018-08-13,8940.0,8955.0,8840.0,8895.0,74806.0
2018-08-14,8895.0,8940.0,8885.0,8935.0,237176.0
2018-08-16,8810.0,8850.0,8760.0,8845.0,200567.0
2018-08-17,8840.0,8865.0,8820.0,8835.0,246669.0
2018-08-20,8880.0,8905.0,8835.0,8840.0,282570.0
2018-08-21,8840.0,8950.0,8830.0,8945.0,183161.0
2018-08-22,8945.0,8995.0,8940.0,8975.0,127050.0
2018-08-23,9000.0,9015.0,8960.0,9015.0,98502.0
2018-08-24,8985.0,9065.0,8960.0,9045.0,477534.0
2018-08-27,9090.0,9105.0,9055.0,9090.0,166949.0
2018-08-28,9145.0,9145.0,9095.0,9095.0,315939.0
2018-08-29,9110.0,9135.0,9095.0,9120.0,40903.0
2018-08-30,9130.0,9180.0,9110.0,9135.0,58659.0
2018-08-31,9090.0,9170.0,9075.0,9150.0,124478.0
2018-09-03,9150.0,9150.0,9105.0,9110.0,117335.0
2018-09-04,9115.0,9165.0,9095.0,9165.0,99487.0
2018-09-05,9125.0,9130.0,9035.0,9040.0,33708.0
2018-09-06,9015.0,9050.0,9000.0,9010.0,4611678.0
2018-09-07,8950.0,9005.0,8915.0,8985.0,270116.0
2018-09-10,8965.0,9010.0,8960.0,8990.0,178716.0
2018-09-11,8990.0,9010.0,8935.0,8970.0,36427.0
2018-09-12,8975.0,8975.0,8910.0,8950.0,133617.0
2018-09-13,8970.0,8980.0,8945.0,8960.0,954757.0
2018-09-14,9035.0,9115.0,9035.0,9105.0,78374.0
2018-09-17,9085.0,9085.0,9005.0,9030.0,155490.0
2018-09-18,8980.0,9080.0,8975.0,9070.0,228816.0
2018-09-19,9115.0,9115.0,9050.0,9090.0,305268.0
2018-09-20,9105.0,9205.0,9105.0,9170.0,7244737.0
2018-09-21,9180.0,9200.0,9165.0,9200.0,7358388.0
2018-09-27,9200.0,9295.0,9200.0,9260.0,7813983.0
2018-09-28,9295.0,9305.0,9220.0,9225.0,360913.0
2018-10-01,9245.0,9255.0,9190.0,9220.0,446307.0
2018-10-02,9225.0,9230.0,9100.0,9100.0,476501.0
2018-10-04,9100.0,9100.0,8955.0,8965.0,566976.0
2018-10-05,8955.0,8975.0,8895.0,8945.0,595759.0
2018-10-08,8920.0,8970.0,8910.0,8915.0,415487.0
2018-10-10,8925.0,8925.0,8825.0,8855.0,384171.0
2018-10-11,8650.0,8690.0,8480.0,8500.0,880361.0
2018-10-12,8500.0,8630.0,8480.0,8580.0,675804.0
2018-10-15,8545.0,8560.0,8495.0,8500.0,684839.0
2018-10-16,8555.0,8585.0,8485.0,8505.0,384203.0
2018-10-17,8610.0,8655.0,8570.0,8610.0,492519.0
2018-10-18,8575.0,8600.0,8525.0,8530.0,504426.0
2018-10-19,8470.0,8575.0,8420.0,8555.0,396248.0
2018-10-22,8500.0,8600.0,8485.0,8580.0,283051.0
2018-10-23,8515.0,8525.0,8330.0,8370.0,1280475.0
2018-10-24,8435.0,8435.0,8320.0,8330.0,404238.0
2018-10-25,8160.0,8220.0,8090.0,8220.0,1251219.0
2018-10-26,8215.0,8215.0,8010.0,8080.0,821567.0
2018-10-29,8125.0,8165.0,8000.0,8005.0,497651.0
2018-10-30,7980.0,8130.0,7975.0,8080.0,412471.0
2018-10-31,8090.0,8110.0,8025.0,8095.0,332771.0
2018-11-01,8125.0,8200.0,8070.0,8070.0,503397.0
2018-11-02,8165.0,8365.0,8165.0,8350.0,548207.0
2018-11-05,8320.0,8320.0,8190.0,8265.0,164635.0
2018-11-06,8330.0,8345.0,8245.0,8325.0,378608.0
2018-11-07,8325.0,8400.0,8270.0,8285.0,380054.0
2018-11-08,8430.0,8475.0,8365.0,8365.0,219245.0
2018-11-09,8370.0,8370.0,8305.0,8320.0,370137.0
2018-11-12,8250.0,8355.0,8240.0,8330.0,97547.0
2018-11-13,8215.0,8290.0,8140.0,8290.0,192952.0
2018-11-14,8275.0,8285.0,8235.0,8245.0,319803.0
2018-11-15,8240.0,8320.0,8220.0,8310.0,416947.0
2018-11-16,8365.0,8390.0,8320.0,8345.0,1841243.0
2018-11-19,8345.0,8390.0,8325.0,8370.0,468827.0
2018-11-20,8265.0,8310.0,8250.0,8290.0,408894.0
2018-11-21,8175.0,8255.0,8150.0,8250.0,535083.0
2018-11-22,8240.0,8265.0,8215.0,8235.0,259038.0
2018-11-23,8225.0,8245.0,8140.0,8185.0,25028.0
2018-11-26,8205.0,8300.0,8205.0,8300.0,439118.0
2018-11-27,8310.0,8360.0,8270.0,8360.0,561264.0
2018-11-28,8370.0,8400.0,8340.0,8395.0,8445628.0
2018-11-29,8515.0,8525.0,8395.0,8415.0,155297.0
2018-11-30,8430.0,8435.0,8320.0,8345.0,610281.0
2018-12-03,8460.0,8510.0,8410.0,8475.0,226818.0
2018-12-04,8445.0,8460.0,8360.0,8400.0,1611030.0
2018-12-05,8290.0,8375.0,8290.0,8345.0,1050998.0
2018-12-06,8280.0,8295.0,8205.0,8205.0,1468222.0
2018-12-07,8250.0,8275.0,8210.0,8255.0,3253678.0
2018-12-10,8140.0,8180.0,8110.0,8175.0,757844.0
2018-12-11,8190.0,8190.0,8125.0,8140.0,341598.0
2018-12-12,8195.0,8275.0,8190.0,8270.0,2195618.0
2018-12-13,8280.0,8340.0,8250.0,8320.0,6281432.0
2018-12-14,8290.0,8290.0,8135.0,8165.0,2232311.0
2018-12-17,8185.0,8220.0,8180.0,8200.0,120497.0
2018-12-18,8140.0,8205.0,8135.0,8165.0,737150.0
2018-12-19,8175.0,8225.0,8170.0,8220.0,467961.0
2018-12-20,8165.0,8175.0,8095.0,8140.0,631861.0
2018-12-21,8120.0,8145.0,8110.0,8130.0,122569.0
2018-12-24,8115.0,8140.0,8090.0,8130.0,25870.0
2018-12-26,8040.0,8080.0,7980.0,8030.0,207019.0
2018-12-27,8135.0,8170.0,8100.0,8110.0,761300.0
2018-12-28,8145.0,8200.0,8145.0,8195.0,1538372.0
2019-01-02,8215.0,8230.0,8035.0,8070.0,972873.0
2019-01-03,8070.0,8070.0,7980.0,7985.0,207327.0
2019-01-04,7985.0,8060.0,7965.0,8055.0,2304835.0
2019-01-07,8140.0,8220.0,8140.0,8165.0,325645.0
2019-01-08,8165.0,8190.0,8110.0,8110.0,81017.0
2019-01-09,8180.0,8300.0,8180.0,8275.0,399481.0
2019-01-10,8280.0,8320.0,8265.0,8280.0,40860.0
2019-01-11,8310.0,8350.0,8295.0,8340.0,109211.0
2019-01-14,8315.0,8315.0,8240.0,8265.0,731982.0
2019-01-15,8290.0,8430.0,8285.0,8425.0,327003.0
2019-01-16,8420.0,8465.0,8400.0,8460.0,219903.0
2019-01-17,8475.0,8510.0,8450.0,8480.0,65854.0
2019-01-18,8515.0,8555.0,8515.0,8555.0,371698.0
2019-01-21,8560.0,8565.0,8535.0,8550.0,91833.0
2019-01-22,8550.0,8550.0,8480.0,8505.0,50416.0
2019-01-23,8480.0,8565.0,8470.0,8550.0,93512.0
2019-01-24,8555.0,8630.0,8545.0,8625.0,818504.0
2019-01-25,8665.0,8795.0,8665.0,8795.0,370102.0
2019-01-28,8810.0,8850.0,8750.0,8780.0,318962.0
2019-01-29,8780.0,8835.0,8735.0,8835.0,68847.0
2019-01-30,8835.0,8945.0,8815.0,8945.0,251574.0
2019-01-31,9005.0,9015.0,8920.0,8930.0,284039.0
2019-02-01,8965.0,8995.0,8905.0,8905.0,7556.0
2019-02-07,8970.0,8970.0,8890.0,8915.0,3471.0
2019-02-08,8875.0,8875.0,8770.0,8800.0,599152.0
2019-02-11,8795.0,8805.0,8745.0,8805.0,440529.0
2019-02-12,8810.0,8875.0,8800.0,8850.0,288230.0
2019-02-13,8900.0,8905.0,8875.0,8895.0,261417.0
2019-02-14,8870.0,8975.0,8840.0,8975.0,112198.0
2019-02-15,8950.0,8950.0,8835.0,8865.0,8307.0
2019-02-18,8915.0,8955.0,8890.0,8920.0,194442.0
2019-02-19,8920.0,8930.0,8850.0,8900.0,5918.0
2019-02-20,8955.0,9035.0,8940.0,9005.0,167206.0
2019-02-21,8965.0,9020.0,8925.0,8990.0,201574.0
2019-02-22,8980.0,9010.0,8950.0,9010.0,26382.0
2019-02-25,9055.0,9060.0,8980.0,9015.0,233728.0
2019-02-26,9020.0,9020.0,8965.0,8980.0,12943093.0
2019-02-27,9005.0,9035.0,8995.0,9020.0,188045.0
2019-02-28,9000.0,9010.0,8860.0,8860.0,152836.0
2019-03-04,8930.0,8950.0,8810.0,8820.0,4564462.0
2019-03-05,8785.0,8785.0,8730.0,8760.0,3007522.0
2019-03-06,8740.0,8745.0,8715.0,8735.0,775560.0
2019-03-07,8730.0,8770.0,8670.0,8700.0,325537.0
2019-03-08,8670.0,8670.0,8585.0,8590.0,66854.0
2019-03-11,8595.0,8615.0,8565.0,8595.0,35785563.0
2019-03-12,8650.0,8695.0,8650.0,8680.0,14387158.0
2019-03-13,8655.0,8655.0,8550.0,8605.0,13130741.0
2019-03-14,8640.0,8655.0,8585.0,8635.0,446110.0
2019-03-15,8630.0,8760.0,8630.0,8740.0,83644.0
2019-03-18,8755.0,8770.0,8720.0,8745.0,15932035.0
2019-03-19,8755.0,8765.0,8705.0,8740.0,3498283.0
2019-03-20,8725.0,8760.0,8640.0,8760.0,13167396.0
2019-03-21,8780.0,8885.0,8770.0,8815.0,16789601.0
2019-03-22,8865.0,8875.0,8810.0,8840.0,8405342.0
2019-03-25,8710.0,8720.0,8655.0,8665.0,80657.0
2019-03-26,8690.0,8690.0,8655.0,8670.0,1699868.0
2019-03-27,8655.0,8685.0,8590.0,8665.0,83893.0
2019-03-28,8610.0,8645.0,8575.0,8615.0,254733.0
2019-03-29,8650.0,8670.0,8595.0,8655.0,74050.0
2019-04-01,8710.0,8790.0,8710.0,8775.0,282436.0
2019-04-02,8800.0,8835.0,8795.0,8810.0,30751.0
2019-04-03,8815.0,8945.0,8805.0,8945.0,286064.0
2019-04-04,8945.0,9015.0,8930.0,8960.0,157881.0
2019-04-05,8965.0,9000.0,8955.0,8980.0,153538.0
2019-04-08,9010.0,9015.0,8925.0,8950.0,2295760.0
2019-04-09,8975.0,9010.0,8930.0,8975.0,3323396.0
2019-04-10,8945.0,9020.0,8930.0,9020.0,4369261.0
2019-04-11,9025.0,9035.0,8960.0,8990.0,409896.0
2019-04-12,8975.0,9035.0,8945.0,9020.0,3368782.0
2019-04-15,9040.0,9095.0,9040.0,9050.0,4881947.0
2019-04-16,9050.0,9095.0,9035.0,9095.0,8096.0
2019-04-17,9095.0,9110.0,9075.0,9085.0,2506286.0
2019-04-18,9095.0,9095.0,8925.0,8935.0,830666.0
2019-04-19,8980.0,8990.0,8940.0,8945.0,82643.0
2019-04-22,8945.0,8995.0,8900.0,8945.0,3419035.0
2019-04-23,8965.0,8975.0,8925.0,8960.0,8445674.0
2019-04-24,8990.0,8995.0,8820.0,8865.0,309000.0
2019-04-25,8850.0,8885.0,8820.0,8850.0,62236.0
2019-04-26,8800.0,8830.0,8750.0,8795.0,145756.0
2019-04-29,8820.0,8970.0,8820.0,8970.0,201804.0
2019-04-30,8960.0,8960.0,8845.0,8915.0,309301.0
2019-05-02,8875.0,8970.0,8860.0,8950.0,69203.0
2019-05-03,8930.0,8935.0,8855.0,8870.0,129037.0
2019-05-07,8800.0,8805.0,8720.0,8805.0,77380.0
2019-05-08,8690.0,8810.0,8690.0,8760.0,89442.0
2019-05-09,8725.0,8740.0,8500.0,8505.0,451790.0
2019-05-10,8550.0,8580.0,8440.0,8525.0,1870692.0
2019-05-13,8455.0,8485.0,8405.0,8410.0,290468.0
2019-05-14,8325.0,8460.0,8320.0,8410.0,217130.0
2019-05-15,8400.0,8470.0,8370.0,8440.0,154447.0
2019-05-16,8435.0,8435.0,8310.0,8330.0,899100.0
2019-05-17,8380.0,8390.0,8260.0,8275.0,444690.0
2019-05-20,8325.0,8360.0,8280.0,8295.0,182737.0
2019-05-21,8295.0,8405.0,8295.0,8335.0,436509.0
2019-05-22,8355.0,8375.0,8260.0,8350.0,199319.0
2019-05-23,8350.0,8360.0,8280.0,8360.0,332881.0
2019-05-24,8305.0,8320.0,8240.0,8285.0,371769.0
2019-05-27,8275.0,8315.0,8240.0,8290.0,74569.0
2019-05-28,8285.0,8320.0,8245.0,8290.0,392558.0
2019-05-29,8270.0,8270.0,8145.0,8185.0,455790.0
2019-05-30,8195.0,8270.0,8195.0,8265.0,287169.0
2019-05-31,8245.0,8290.0,8195.0,8285.0,125766.0
2019-06-03,8220.0,8385.0,8200.0,8380.0,631611.0
2019-06-04,8380.0,8395.0,8345.0,8370.0,39687.0
2019-06-05,8430.0,8450.0,8360.0,8375.0,459110.0
2019-06-07,8375.0,8445.0,8325.0,8380.0,430340.0
2019-06-10,8445.0,8520.0,8400.0,8510.0,300252.0
2019-06-11,8490.0,8565.0,8480.0,8555.0,68807.0
2019-06-12,8545.0,8575.0,8510.0,8525.0,132043.0
2019-06-13,8500.0,8515.0,8390.0,8455.0,405068.0
2019-06-14,8455.0,8495.0,8410.0,8455.0,228091.0
2019-06-17,8440.0,8490.0,8425.0,8445.0,47813.0
2019-06-18,8445.0,8510.0,8445.0,8495.0,79960.0
2019-06-19,8580.0,8620.0,8575.0,8595.0,231077.0
2019-06-20,8605.0,8635.0,8590.0,8625.0,85056.0
2019-06-21,8640.0,8640.0,8595.0,8615.0,95037.0
2019-06-24,8635.0,8655.0,8610.0,8630.0,445466.0
2019-06-25,8620.0,8665.0,8575.0,8620.0,164220.0
2019-06-26,8600.0,8640.0,8600.0,8620.0,848153.0
2019-06-27,8650.0,8740.0,8630.0,8725.0,786084.0
2019-06-28,8725.0,8735.0,8680.0,8730.0,70910.0
2019-07-01,8780.0,8795.0,8695.0,8710.0,394068.0
2019-07-02,8660.0,8705.0,8620.0,8650.0,682124.0
2019-07-03,8645.0,8670.0,8535.0,8545.0,312713.0
2019-07-04,8555.0,8625.0,8540.0,8625.0,697503.0
2019-07-05,8625.0,8630.0,8550.0,8605.0,766014.0
2019-07-08,8530.0,8530.0,8420.0,8435.0,590509.0
2019-07-09,8455.0,8480.0,8410.0,8410.0,168407.0
2019-07-10,8460.0,8480.0,8435.0,8455.0,163477.0
2019-07-11,8495.0,8570.0,8490.0,8545.0,260847.0
2019-07-12,8540.0,8575.0,8510.0,8565.0,91095.0
2019-07-15,8535.0,8575.0,8505.0,8555.0,20104.0
2019-07-16,8555.0,8610.0,8540.0,8590.0,89178.0
2019-07-17,8545.0,8545.0,8485.0,8515.0,120619.0
2019-07-18,8505.0,8525.0,8460.0,8495.0,176392.0
2019-07-19,8550.0,8640.0,8550.0,8625.0,1118059.0
2019-07-22,8595.0,8640.0,8585.0,8615.0,435305.0
2019-07-23,8625.0,8680.0,8615.0,8660.0,243209.0
2019-07-24,8645.0,8675.0,8565.0,8575.0,92034.0
2019-07-25,8610.0,8610.0,8515.0,8555.0,1037418.0
2019-07-26,8515.0,8545.0,8495.0,8545.0,155620.0
2019-07-29,8520.0,8520.0,8390.0,8420.0,234192.0
2019-07-30,8440.0,8470.0,8430.0,8450.0,23687.0
2019-07-31,8445.0,8455.0,8330.0,8370.0,203362.0
2019-08-01,8320.0,8395.0,8305.0,8345.0,132863.0
2019-08-02,8265.0,8280.0,8220.0,8260.0,2030809.0
2019-08-05,8210.0,8210.0,8070.0,8090.0,1349593.0
2019-08-06,7890.0,8065.0,7880.0,7975.0,1029542.0
2019-08-07,7975.0,8000.0,7890.0,7925.0,271340.0
2019-08-08,7985.0,8015.0,7925.0,7955.0,1213904.0
2019-08-09,8000.0,8040.0,7990.0,8015.0,611115.0
2019-08-12,8030.0,8050.0,7990.0,8025.0,33483.0
2019-08-13,7970.0,7990.0,7935.0,7945.0,324079.0
2019-08-14,8020.0,8060.0,7990.0,8000.0,118762.0
2019-08-16,7935.0,7965.0,7895.0,7960.0,547970.0
2019-08-19,8015.0,8030.0,7985.0,8020.0,179095.0
2019-08-20,8020.0,8110.0,8005.0,8100.0,425953.0
2019-08-21,8085.0,8140.0,8075.0,8120.0,85940.0
2019-08-22,8115.0,8115.0,8045.0,8045.0,115347.0
2019-08-23,8010.0,8055.0,8005.0,8045.0,936654.0
2019-08-26,7905.0,7945.0,7880.0,7920.0,96507.0
2019-08-27,7950.0,7990.0,7935.0,7950.0,68444.0
2019-08-28,7980.0,8030.0,7960.0,8025.0,623683.0
2019-08-29,8030.0,8030.0,7965.0,7990.0,248158.0
2019-08-30,8040.0,8145.0,8040.0,8140.0,284665.0
2019-09-02,8105.0,8140.0,8090.0,8135.0,119220.0
2019-09-03,8110.0,8145.0,8075.0,8090.0,1502659.0
2019-09-04,8090.0,8210.0,8085.0,8210.0,34533.0
2019-09-05,8235.0,8340.0,8230.0,8290.0,59892.0
2019-09-06,8330.0,8345.0,8305.0,8325.0,158010.0
2019-09-09,8345.0,8425.0,8345.0,8400.0,70090.0
2019-09-10,8400.0,8440.0,8390.0,8435.0,68086.0
2019-09-11,8480.0,8505.0,8450.0,8490.0,2007016.0
2019-09-16,8520.0,8530.0,8460.0,8520.0,27632.0
2019-09-17,8530.0,8540.0,8495.0,8525.0,183377.0
2019-09-18,8525.0,8575.0,8505.0,8560.0,241653.0
2019-09-19,8555.0,8655.0,8555.0,8615.0,141284.0
2019-09-20,8610.0,8675.0,8600.0,8675.0,6847757.0
2019-09-23,8645.0,8685.0,8640.0,8680.0,18548736.0
2019-09-24,8670.0,8730.0,8650.0,8730.0,10743.0
2019-09-25,8675.0,8685.0,8600.0,8600.0,11616240.0
2019-09-26,8630.0,8665.0,8580.0,8625.0,44566.0
2019-09-27,8600.0,8600.0,8505.0,8535.0,7514093.0
2019-09-30,8510.0,8610.0,8495.0,8610.0,189924.0
2019-10-01,8585.0,8665.0,8580.0,8630.0,730020.0
2019-10-02,8545.0,8550.0,8435.0,8435.0,11635.0
2019-10-04,8405.0,8495.0,8405.0,8410.0,99790.0
2019-10-07,8450.0,8475.0,8395.0,8425.0,121446.0
2019-10-08,8450.0,8545.0,8450.0,8545.0,72350.0
2019-10-10,8435.0,8520.0,8370.0,8485.0,51573.0
2019-10-11,8555.0,8580.0,8515.0,8540.0,7808489.0
2019-10-14,8650.0,8670.0,8620.0,8630.0,677829.0
2019-10-15,8620.0,8655.0,8615.0,8645.0,241698.0
2019-10-16,8690.0,8725.0,8660.0,8685.0,192974.0
2019-10-17,8695.0,8700.0,8645.0,8670.0,123490.0
2019-10-18,8685.0,8710.0,8570.0,8580.0,1334298.0
2019-10-21,8605.0,8620.0,8585.0,8610.0,178128.0
2019-10-22,8665.0,8750.0,8655.0,8735.0,100103.0
2019-10-23,8720.0,8725.0,8665.0,8695.0,691889.0
2019-10-24,8720.0,8720.0,8655.0,8715.0,116160.0
2019-10-25,8735.0,8735.0,8680.0,8720.0,27332.0
2019-10-28,8755.0,8790.0,8735.0,8755.0,43289.0
2019-10-29,8790.0,8790.0,8715.0,8735.0,247353.0
2019-10-30,8745.0,8745.0,8660.0,8665.0,702124.0
2019-10-31,8710.0,8780.0,8685.0,8700.0,167762.0
2019-11-01,8680.0,8760.0,8675.0,8760.0,16970.0
2019-11-04,8810.0,8890.0,8810.0,8885.0,223675.0
2019-11-05,8895.0,8950.0,8885.0,8950.0,267117.0
2019-11-06,8940.0,9010.0,8930.0,8960.0,274135.0
2019-11-07,8930.0,8965.0,8915.0,8940.0,6305.0
2019-11-08,8990.0,9000.0,8900.0,8920.0,93899.0
2019-11-11,8910.0,8910.0,8825.0,8835.0,46292.0
2019-11-12,8875.0,8920.0,8835.0,8920.0,171634.0
2019-11-13,8890.0,8890.0,8830.0,8850.0,373484.0
2019-11-14,8870.0,8920.0,8845.0,8920.0,20928.0
2019-11-15,8930.0,9050.0,8920.0,9050.0,214919.0
2019-11-18,9050.0,9050.0,9005.0,9035.0,140413.0
2019-11-19,8990.0,9010.0,8935.0,9005.0,47325.0
2019-11-20,8960.0,8965.0,8880.0,8890.0,28610.0
2019-11-21,8875.0,8880.0,8725.0,8755.0,63925.0
2019-11-22,8760.0,8805.0,8760.0,8800.0,22383.0
2019-11-25,8845.0,8920.0,8845.0,8895.0,16582.0
2019-11-26,8895.0,8960.0,8895.0,8895.0,34110.0
2019-11-27,8910.0,8925.0,8860.0,8905.0,422090.0
2019-11-28,8860.0,8895.0,8850.0,8870.0,441570.0
2019-11-29,8890.0,8890.0,8705.0,8725.0,49216.0
2019-12-02,8755.0,8790.0,8730.0,8735.0,87103.0
2019-12-03,8680.0,8710.0,8620.0,8700.0,56399.0
2019-12-04,8645.0,8650.0,8585.0,8640.0,25895.0
2019-12-05,8675.0,8705.0,8580.0,8620.0,99841.0
2019-12-06,8655.0,8720.0,8655.0,8715.0,82788.0
2019-12-09,8750.0,8780.0,8730.0,8765.0,4106908.0
2019-12-10,8745.0,8805.0,8720.0,8805.0,22831.0
2019-12-11,8800.0,8850.0,8775.0,8830.0,643576.0
2019-12-12,8895.0,9000.0,8895.0,9000.0,1169740.0
2019-12-13,9090.0,9140.0,9090.0,9135.0,709861.0
2019-12-16,9135.0,9165.0,9130.0,9140.0,100572.0
2019-12-17,9165.0,9270.0,9155.0,9260.0,121762.0
2019-12-18,9280.0,9310.0,9230.0,9255.0,275350.0
2019-12-19,9295.0,9310.0,9220.0,9260.0,147072.0
2019-12-20,9295.0,9305.0,9255.0,9275.0,21965939.0
2019-12-23,9335.0,9335.0,9260.0,9290.0,11505822.0
2019-12-24,9295.0,9295.0,9215.0,9230.0,12021733.0
2019-12-26,9235.0,9260.0,9190.0,9260.0,145481.0
2019-12-27,9325.0,9480.0,9285.0,9405.0,884573.0
2019-12-30,9400.0,9425.0,9370.0,9390.0,565919.0
2020-01-02,9390.0,9390.0,9240.0,9265.0,2274677.0
2020-01-03,9350.0,9390.0,9205.0,9255.0,1050235.0
2020-01-06,9195.0,9220.0,9165.0,9200.0,816068.0
2020-01-07,9230.0,9310.0,9230.0,9280.0,2908004.0
2020-01-08,9220.0,9270.0,9160.0,9230.0,1042215.0
2020-01-09,9350.0,9375.0,9315.0,9375.0,164548.0
2020-01-10,9380.0,9470.0,9375.0,9465.0,12784262.0
2020-01-13,9465.0,9565.0,9455.0,9565.0,269351.0
2020-01-14,9620.0,9670.0,9590.0,9600.0,338410.0
2020-01-15,9585.0,9595.0,9530.0,9550.0,26600.0
2020-01-16,9545.0,9655.0,9535.0,9655.0,49729.0
2020-01-17,9700.0,9750.0,9645.0,9675.0,16213830.0
2020-01-20,9715.0,9790.0,9715.0,9745.0,11102267.0
2020-01-21,9740.0,9750.0,9625.0,9630.0,10852092.0
2020-01-22,9595.0,9765.0,9595.0,9765.0,116768.0
2020-01-23,9700.0,9710.0,9615.0,9630.0,10982642.0
2020-01-28,9435.0,9445.0,9295.0,9345.0,842152.0
2020-01-29,9385.0,9415.0,9320.0,9375.0,5463093.0
2020-01-30,9360.0,9370.0,9165.0,9190.0,485880.0
2020-01-31,9260.0,9285.0,9090.0,9095.0,494553.0
2020-02-03,8975.0,9145.0,8940.0,9100.0,2053649.0
2020-02-04,9110.0,9285.0,9100.0,9260.0,10701334.0
2020-02-05,9355.0,9370.0,9250.0,9310.0,854826.0
2020-02-06,9395.0,9590.0,9395.0,9580.0,702011.0
2020-02-07,9555.0,9560.0,9445.0,9510.0,1618479.0
2020-02-10,9380.0,9465.0,9355.0,9455.0,2701129.0
2020-02-11,9470.0,9600.0,9470.0,9550.0,6717183.0
2020-02-12,9545.0,9640.0,9510.0,9630.0,591041.0
2020-02-13,9655.0,9700.0,9580.0,9610.0,1499761.0
2020-02-14,9590.0,9695.0,9540.0,9660.0,6569728.0
2020-02-17,9655.0,9690.0,9605.0,9660.0,383134.0
2020-02-18,9590.0,9595.0,9485.0,9500.0,8038613.0
2020-02-19,9560.0,9565.0,9420.0,9510.0,478841.0
2020-02-20,9585.0,9595.0,9405.0,9470.0,170620.0
2020-02-21,9335.0,9410.0,9300.0,9325.0,6550528.0
2020-02-24,9130.0,9140.0,8965.0,8970.0,1088101.0
2020-02-25,8925.0,9070.0,8925.0,9070.0,171318.0
2020-02-26,8875.0,8995.0,8865.0,8945.0,908280.0
2020-02-27,8910.0,8960.0,8815.0,8845.0,782171.0
2020-02-28,8845.0,8845.0,8540.0,8585.0,908793.0
2020-03-02,8600.0,8690.0,8495.0,8645.0,631358.0
2020-03-03,8800.0,8855.0,8630.0,8680.0,164338.0
2020-03-04,8630.0,8890.0,8615.0,8870.0,94900.0
2020-03-05,8905.0,9000.0,8860.0,8960.0,297121.0
2020-03-06,8875.0,8875.0,8730.0,8775.0,927248.0
2020-03-09,8495.0,8525.0,8345.0,8405.0,527736.0
2020-03-10,8390.0,8475.0,8335.0,8455.0,527057.0
2020-03-11,8440.0,8455.0,8155.0,8195.0,255038.0
2020-03-12,8190.0,8190.0,7775.0,7875.0,1585470.0
2020-03-13,7280.0,7865.0,7200.0,7720.0,510464.0
2020-03-16,7775.0,7835.0,7405.0,7435.0,312512.0
2020-03-17,7140.0,7470.0,7090.0,7255.0,330388.0
2020-03-18,7530.0,7530.0,6885.0,6885.0,1002904.0
2020-03-19,6970.0,7015.0,6260.0,6365.0,2282123.0
2020-03-20,6560.0,6840.0,6390.0,6840.0,626680.0
2020-03-23,6440.0,6575.0,6320.0,6490.0,306679.0
2020-03-24,6645.0,7045.0,6515.0,7045.0,1349958.0
2020-03-25,7200.0,7455.0,7150.0,7445.0,3021485.0
2020-03-26,7490.0,7550.0,7300.0,7310.0,2328115.0
2020-03-27,7615.0,7650.0,7225.0,7465.0,1567169.0
2020-03-30,7290.0,7510.0,7195.0,7430.0,1181902.0
2020-03-31,7530.0,7585.0,7430.0,7580.0,839397.0
2020-04-01,7490.0,7580.0,7220.0,7240.0,430499.0
2020-04-02,7240.0,7430.0,7145.0,7420.0,411490.0
2020-04-03,7440.0,7485.0,7320.0,7410.0,1100299.0
2020-04-06,7500.0,7725.0,7475.0,7705.0,12267896.0
2020-04-07,7885.0,7920.0,7700.0,7850.0,339599.0
2020-04-08,7850.0,7895.0,7730.0,7750.0,12002571.0
2020-04-09,7880.0,7880.0,7765.0,7850.0,325053.0
2020-04-10,7820.0,7920.0,7800.0,7915.0,7193410.0
2020-04-13,7915.0,7915.0,7770.0,7790.0,158505.0
2020-04-14,7840.0,7950.0,7810.0,7925.0,784041.0
2020-04-16,7925.0,7925.0,7780.0,7915.0,159107.0
2020-04-17,8060.0,8215.0,8060.0,8160.0,1064161.0
2020-04-20,8160.0,8170.0,8035.0,8055.0,1029654.0
2020-04-21,8000.0,8040.0,7825.0,7980.0,2781083.0
2020-04-22,7875.0,8060.0,7810.0,8060.0,2344242.0
2020-04-23,8100.0,8160.0,8035.0,8145.0,325634.0
2020-04-24,8090.0,8090.0,7955.0,8000.0,276971.0
2020-04-27,8005.0,8185.0,8005.0,8150.0,176643.0
2020-04-28,8170.0,8230.0,8105.0,8200.0,228314.0
2020-04-29,8200.0,8310.0,8190.0,8260.0,571043.0
2020-05-04,8100.0,8110.0,7990.0,8005.0,658257.0
2020-05-06,8125.0,8150.0,8035.0,8150.0,928421.0
2020-05-07,8130.0,8190.0,8100.0,8140.0,451354.0
2020-05-08,8205.0,8265.0,8195.0,8210.0,338435.0
2020-05-11,8220.0,8270.0,8135.0,8150.0,472500.0
2020-05-12,8150.0,8165.0,8020.0,8100.0,417434.0
2020-05-13,7990.0,8170.0,7990.0,8170.0,175426.0
2020-05-14,8095.0,8130.0,8050.0,8100.0,875146.0
2020-05-15,8160.0,8160.0,8055.0,8135.0,581580.0
2020-05-18,8150.0,8190.0,8085.0,8170.0,179927.0
2020-05-19,8340.0,8400.0,8325.0,8385.0,180281.0
2020-05-20,8350.0,8425.0,8345.0,8400.0,410833.0
2020-05-21,8450.0,8460.0,8410.0,8435.0,275362.0
2020-05-22,8435.0,8440.0,8255.0,8300.0,329812.0
2020-05-25,8335.0,8395.0,8280.0,8395.0,83493.0
2020-05-26,8405.0,8545.0,8400.0,8545.0,172935.0
2020-05-27,8505.0,8595.0,8495.0,8570.0,110569.0
2020-05-28,8615.0,8670.0,8480.0,8575.0,457243.0
2020-05-29,8535.0,8615.0,8475.0,8610.0,514345.0
2020-06-01,8630.0,8730.0,8600.0,8730.0,368147.0
2020-06-02,8730.0,8840.0,8710.0,8835.0,179482.0
2020-06-03,8895.0,9200.0,8895.0,9140.0,611048.0
2020-06-04,9250.0,9365.0,9130.0,9160.0,1390225.0
2020-06-05,9145.0,9320.0,9110.0,9315.0,1038277.0
2020-06-08,9475.0,9480.0,9265.0,9300.0,547552.0
2020-06-09,9360.0,9430.0,9205.0,9310.0,242897.0
2020-06-10,9280.0,9370.0,9270.0,9325.0,307204.0
2020-06-11,9265.0,9330.0,9085.0,9175.0,367791.0
2020-06-12,8900.0,9010.0,8825.0,9005.0,192335.0
2020-06-15,8850.0,9000.0,8585.0,8585.0,451938.0
2020-06-16,8785.0,9050.0,8750.0,9050.0,461987.0
2020-06-17,9030.0,9100.0,8890.0,9040.0,194128.0
2020-06-18,8995.0,9045.0,8940.0,9015.0,215971.0
2020-06-19,9085.0,9090.0,8890.0,9035.0,323560.0
2020-06-22,8960.0,9055.0,8950.0,8995.0,166760.0
2020-06-23,9060.0,9130.0,8920.0,9030.0,287454.0
2020-06-24,9045.0,9205.0,9045.0,9155.0,103719.0
2020-06-25,9020.0,9075.0,8925.0,8925.0,332344.0
2020-06-26,9025.0,9085.0,8960.0,9050.0,75253.0
2020-06-29,8955.0,9015.0,8870.0,8890.0,139011.0
2020-06-30,9035.0,9095.0,8980.0,9000.0,385169.0
2020-07-01,9070.0,9090.0,8965.0,8985.0,244767.0
2020-07-02,9010.0,9095.0,9000.0,9095.0,21149.0
2020-07-03,9115.0,9175.0,9085.0,9170.0,204231.0
2020-07-06,9180.0,9330.0,9175.0,9300.0,361925.0
2020-07-07,9370.0,9390.0,9195.0,9200.0,285533.0
2020-07-08,9235.0,9240.0,9150.0,9180.0,36929.0
2020-07-09,9215.0,9280.0,9210.0,9225.0,31782.0
2020-07-10,9225.0,9225.0,9080.0,9125.0,77319.0
2020-07-13,9210.0,9310.0,9185.0,9295.0,74759.0
2020-07-14,9250.0,9285.0,9200.0,9285.0,90332.0
2020-07-15,9380.0,9440.0,9330.0,9380.0,146926.0
2020-07-16,9375.0,9380.0,9255.0,9285.0,190666.0
2020-07-17,9300.0,9360.0,9300.0,9340.0,101922.0
2020-07-20,9380.0,9380.0,9265.0,9315.0,66680.0
2020-07-21,9390.0,9495.0,9390.0,9455.0,42102.0
2020-07-22,9465.0,9495.0,9410.0,9415.0,784867.0
2020-07-23,9435.0,9435.0,9305.0,9365.0,181273.0
2020-07-24,9285.0,9380.0,9275.0,9335.0,150881.0
2020-07-27,9310.0,9460.0,9310.0,9415.0,80090.0
2020-07-28,9475.0,9655.0,9475.0,9605.0,76302.0
2020-07-29,9610.0,9715.0,9600.0,9650.0,197351.0
2020-07-30,9685.0,9745.0,9660.0,9660.0,273548.0
2020-07-31,9695.0,9745.0,9580.0,9595.0,81120.0
2020-08-03,9595.0,9610.0,9530.0,9595.0,87768.0
2020-08-04,9640.0,9740.0,9640.0,9710.0,466065.0
2020-08-05,9735.0,9815.0,9700.0,9815.0,278426.0
2020-08-06,9835.0,10020.0,9830.0,9970.0,449399.0
2020-08-07,9985.0,10060.0,9920.0,10020.0,356156.0
2020-08-10,10020.0,10175.0,9990.0,10155.0,144770.0
2020-08-11,10180.0,10345.0,10165.0,10295.0,488817.0
2020-08-12,10245.0,10340.0,10165.0,10340.0,156392.0
2020-08-13,10415.0,10450.0,10230.0,10335.0,529727.0
2020-08-14,10325.0,10335.0,10140.0,10220.0,1935578.0
2020-08-18,10265.0,10315.0,9990.0,10030.0,471797.0
2020-08-19,10090.0,10165.0,10040.0,10050.0,131069.0
2020-08-20,9975.0,10005.0,9645.0,9675.0,344970.0
2020-08-21,9770.0,9930.0,9715.0,9815.0,109157.0
2020-08-24,9820.0,9930.0,9730.0,9910.0,265708.0
2020-08-25,9955.0,10060.0,9950.0,10040.0,95256.0
2020-08-26,10045.0,10090.0,9920.0,10060.0,89391.0
2020-08-27,10080.0,10080.0,9965.0,9965.0,130601.0
2020-08-28,10015.0,10120.0,9955.0,10010.0,78260.0
2020-08-31,10085.0,10125.0,9855.0,9860.0,28619.0
2020-09-01,9865.0,9965.0,9855.0,9935.0,451162.0
2020-09-02,9980.0,10025.0,9885.0,9995.0,1242206.0
2020-09-03,10055.0,10165.0,10055.0,10130.0,376216.0
2020-09-04,9875.0,10000.0,9865.0,9985.0,473440.0
2020-09-07,10020.0,10060.0,9950.0,10020.0,206665.0
2020-09-08,10100.0,10160.0,10085.0,10160.0,343722.0
2020-09-09,10060.0,10110.0,10025.0,10050.0,56613.0
2020-09-10,10155.0,10170.0,10110.0,10120.0,162398.0
2020-09-11,10125.0,10140.0,10020.0,10140.0,83878.0
2020-09-14,10215.0,10285.0,10195.0,10260.0,251935.0
2020-09-15,10295.0,10360.0,10260.0,10350.0,254086.0
2020-09-16,10335.0,10375.0,10290.0,10315.0,90800.0
2020-09-17,10315.0,10315.0,10140.0,10165.0,254629.0
2020-09-18,10175.0,10225.0,10130.0,10205.0,84477.0
2020-09-21,10195.0,10275.0,10080.0,10095.0,182232.0
2020-09-22,10100.0,10105.0,9830.0,9865.0,178629.0
2020-09-23,9925.0,9955.0,9720.0,9915.0,414875.0
2020-09-24,9795.0,9815.0,9675.0,9685.0,228985.0
2020-09-25,9750.0,9770.0,9685.0,9745.0,252561.0
2020-09-28,9780.0,9905.0,9780.0,9875.0,196965.0
2020-09-29,9960.0,10000.0,9915.0,9950.0,164179.0
2020-10-05,9945.0,10110.0,9940.0,10065.0,257611.0
2020-10-06,10090.0,10160.0,10065.0,10085.0,96552.0
2020-10-07,10040.0,10195.0,10010.0,10190.0,197152.0
2020-10-08,10260.0,10280.0,10165.0,10200.0,217584.0
2020-10-12,10235.0,10280.0,10210.0,10235.0,146156.0
2020-10-13,10285.0,10310.0,10170.0,10240.0,58467.0
2020-10-14,10245.0,10265.0,10120.0,10155.0,232171.0
2020-10-15,10145.0,10145.0,10020.0,10075.0,140152.0
2020-10-16,10095.0,10110.0,9940.0,10010.0,142186.0
2020-10-19,10025.0,10115.0,10025.0,10035.0,48123.0
2020-10-20,10010.0,10100.0,9950.0,10100.0,104364.0
2020-10-21,10105.0,10160.0,10090.0,10145.0,347261.0
2020-10-22,10080.0,10090.0,10005.0,10070.0,47285.0
2020-10-23,10105.0,10135.0,10025.0,10110.0,103998.0
2020-10-26,10145.0,10170.0,10075.0,10075.0,94015.0
2020-10-27,10010.0,10075.0,9975.0,10010.0,1000022.0
2020-10-28,9940.0,10060.0,9935.0,10060.0,226256.0
2020-10-29,9925.0,9955.0,9830.0,9940.0,126358.0
2020-10-30,9910.0,9910.0,9670.0,9670.0,239521.0
2020-11-02,9705.0,9835.0,9690.0,9830.0,181200.0
2020-11-03,9865.0,10030.0,9865.0,10015.0,641619.0
2020-11-04,10095.0,10135.0,9995.0,10090.0,155470.0
2020-11-05,10125.0,10310.0,10115.0,10310.0,968971.0
2020-11-06,10330.0,10405.0,10300.0,10330.0,387099.0
2020-11-09,10435.0,10540.0,10420.0,10470.0,320426.0
2020-11-10,10505.0,10505.0,10385.0,10465.0,128742.0
2020-11-11,10490.0,10640.0,10485.0,10630.0,103647.0
2020-11-12,10600.0,10635.0,10540.0,10565.0,748083.0
2020-11-13,10580.0,10690.0,10535.0,10675.0,1048185.0
2020-11-16,10730.0,10945.0,10730.0,10925.0,281229.0
2020-11-17,10940.0,10985.0,10885.0,10920.0,486722.0
2020-11-18,10940.0,10960.0,10875.0,10915.0,424543.0
2020-11-19,10890.0,10910.0,10825.0,10880.0,157172.0
2020-11-20,10900.0,10965.0,10865.0,10945.0,626846.0
2020-11-23,10950.0,11190.0,10930.0,11180.0,296063.0
2020-11-24,11220.0,11305.0,11180.0,11235.0,300917.0
2020-11-25,11295.0,11350.0,11100.0,11170.0,332922.0
2020-11-26,11165.0,11285.0,11130.0,11285.0,122697.0
2020-11-27,11285.0,11325.0,11245.0,11315.0,210233.0
2020-11-30,11315.0,11380.0,11135.0,11135.0,144192.0
2020-12-01,11180.0,11340.0,11180.0,11315.0,167598.0
2020-12-02,11355.0,11525.0,11350.0,11520.0,305699.0
2020-12-03,11545.0,11605.0,11500.0,11595.0,262681.0
2020-12-04,11625.0,11870.0,11625.0,11805.0,444868.0
2020-12-07,11880.0,11930.0,11720.0,11870.0,3909807.0
2020-12-08,11850.0,11855.0,11670.0,11670.0,142090.0
2020-12-09,11705.0,11930.0,11705.0,11915.0,154432.0
2020-12-10,11790.0,11950.0,11745.0,11830.0,464914.0
2020-12-11,11885.0,12005.0,11885.0,11955.0,15223567.0
2020-12-14,12010.0,12015.0,11890.0,11910.0,257860.0
2020-12-15,11945.0,11945.0,11790.0,11915.0,2586571.0
2020-12-16,11995.0,12020.0,11915.0,11950.0,8611223.0
2020-12-17,11955.0,11965.0,11810.0,11950.0,8497631.0
2020-12-18,11985.0,11985.0,11900.0,11915.0,143515.0
2020-12-21,11945.0,11960.0,11800.0,11940.0,169373.0
2020-12-22,11930.0,11930.0,11725.0,11770.0,2905161.0
2020-12-23,11805.0,11950.0,11710.0,11950.0,174367.0
2020-12-24,11935.0,12200.0,11935.0,12160.0,257262.0
2020-12-28,12230.0,12320.0,12145.0,12170.0,1237394.0
2020-12-29,12170.0,12425.0,12170.0,12405.0,1066512.0
2020-12-30,12395.0,12715.0,12335.0,12690.0,494795.0
2021-01-04,12725.0,13075.0,12660.0,13050.0,1078636.0
2021-01-05,13055.0,13220.0,12925.0,13220.0,2023188.0
2021-01-06,13260.0,13400.0,13045.0,13150.0,308630.0
2021-01-07,13260.0,13510.0,13235.0,13400.0,295472.0
2021-01-08,13460.0,14080.0,13460.0,14015.0,661826.0
2021-01-11,14015.0,14600.0,13800.0,14035.0,521797.0
2021-01-12,13990.0,14055.0,13530.0,13945.0,327869.0
2021-01-13,13900.0,14110.0,13835.0,14015.0,142720.0
2021-01-14,13960.0,14040.0,13900.0,14000.0,107763.0
2021-01-15,14035.0,14205.0,13670.0,13690.0,289678.0
2021-01-18,13570.0,13680.0,13315.0,13370.0,214321.0
2021-01-19,13350.0,13810.0,13350.0,13720.0,106043.0
2021-01-20,13895.0,13960.0,13650.0,13810.0,304394.0
2021-01-21,13850.0,14020.0,13825.0,14010.0,384594.0
2021-01-22,14050.0,14130.0,13900.0,13900.0,270560.0
2021-01-25,13900.0,14250.0,13900.0,14250.0,422847.0
2021-01-26,14135.0,14250.0,13810.0,13865.0,986965.0
2021-01-27,13900.0,14085.0,13750.0,13795.0,758546.0
2021-01-28,13740.0,13740.0,13320.0,13575.0,135908.0
2021-01-29,13620.0,13835.0,13175.0,13220.0,341754.0
2021-02-01,13220.0,13600.0,13060.0,13560.0,872797.0
2021-02-02,13700.0,13970.0,13420.0,13775.0,532350.0
2021-02-03,13830.0,13970.0,13710.0,13900.0,482508.0
2021-02-04,13875.0,13875.0,13545.0,13665.0,66101.0
2021-02-05,13720.0,13850.0,13640.0,13820.0,84132.0
2021-02-08,13820.0,13865.0,13670.0,13695.0,94558.0
2021-02-09,13705.0,13885.0,13650.0,13650.0,126614.0
2021-02-10,13730.0,13775.0,13550.0,13745.0,44444.0
2021-02-15,13915.0,14005.0,13885.0,13955.0,327218.0
2021-02-16,13975.0,14125.0,13925.0,13985.0,747075.0
2021-02-17,13945.0,13945.0,13760.0,13865.0,78254.0
2021-02-18,13860.0,13880.0,13630.0,13655.0,124427.0
2021-02-19,13690.0,13765.0,13420.0,13765.0,258994.0
2021-02-22,13765.0,13915.0,13600.0,13635.0,155563.0
2021-02-23,13550.0,13710.0,13440.0,13615.0,296109.0
2021-02-24,13615.0,13730.0,13310.0,13330.0,4303415.0
2021-02-25,13470.0,13820.0,13470.0,13805.0,247688.0
2021-02-26,13525.0,13525.0,13310.0,13425.0,4873410.0
2021-03-02,13660.0,13820.0,13455.0,13590.0,4033321.0
2021-03-03,13595.0,13740.0,13490.0,13740.0,64411.0
2021-03-04,13675.0,13675.0,13450.0,13555.0,84648.0
2021-03-05,13415.0,13520.0,13270.0,13470.0,246840.0
2021-03-08,13540.0,13595.0,13310.0,13350.0,137359.0
2021-03-09,13350.0,13365.0,13045.0,13265.0,261779.0
2021-03-10,13395.0,13440.0,13145.0,13195.0,54425.0
2021-03-11,13245.0,13495.0,13245.0,13485.0,128765.0
2021-03-12,13525.0,13655.0,13510.0,13580.0,98622.0
2021-03-15,13595.0,13610.0,13490.0,13515.0,219998.0
2021-03-16,13560.0,13650.0,13535.0,13630.0,59676.0
2021-03-17,13670.0,13670.0,13420.0,13525.0,47542.0
2021-03-18,13600.0,13745.0,13600.0,13620.0,151859.0
2021-03-19,13480.0,13550.0,13395.0,13485.0,167827.0
2021-03-22,13525.0,13555.0,13395.0,13505.0,45148.0
2021-03-23,13550.0,13610.0,13345.0,13380.0,46615.0
2021-03-24,13315.0,13360.0,13200.0,13315.0,5424447.0
2021-03-25,13330.0,13450.0,13270.0,13355.0,67122.0
2021-03-26,13375.0,13500.0,13375.0,13480.0,40343.0
2021-03-29,13525.0,13535.0,13405.0,13465.0,142695.0
2021-03-30,13470.0,13660.0,13470.0,13635.0,189341.0
2021-03-31,13660.0,13735.0,13565.0,13575.0,116076.0
2021-04-01,13675.0,13730.0,13625.0,13710.0,1251136.0
2021-04-02,13750.0,13895.0,13745.0,13860.0,422367.0
2021-04-05,13890.0,13900.0,13795.0,13895.0,81424.0
2021-04-06,13905.0,13970.0,13825.0,13890.0,165425.0
2021-04-07,13945.0,13985.0,13880.0,13940.0,62295.0
2021-04-08,13945.0,13960.0,13860.0,13935.0,30514.0
2021-04-09,13935.0,13990.0,13830.0,13875.0,61432.0
2021-04-12,13910.0,13925.0,13820.0,13875.0,33426.0
2021-04-13,13895.0,14065.0,13870.0,14005.0,145632.0
2021-04-14,14015.0,14130.0,14005.0,14120.0,87134.0
2021-04-15,14120.0,14210.0,14060.0,14150.0,238428.0
2021-04-16,14210.0,14210.0,14080.0,14135.0,76793.0
2021-04-19,14215.0,14215.0,14075.0,14140.0,46484.0
2021-04-20,14040.0,14225.0,14040.0,14190.0,1931297.0
2021-04-21,14220.0,14220.0,13910.0,13970.0,237229.0
2021-04-22,14005.0,14065.0,13960.0,13990.0,63993.0
2021-04-23,13985.0,14020.0,13810.0,13995.0,29163.0
2021-04-26,14015.0,14110.0,13995.0,14100.0,51650.0
2021-04-27,14150.0,14150.0,14065.0,14135.0,31831.0
2021-04-28,14135.0,14145.0,13950.0,13990.0,22211.0
2021-04-29,14000.0,14065.0,13900.0,13910.0,50070.0
2021-04-30,13975.0,13975.0,13780.0,13835.0,316726.0
2021-05-03,13835.0,13950.0,13725.0,13760.0,96296.0
2021-05-04,13775.0,13870.0,13715.0,13870.0,42162.0
2021-05-06,13815.0,13950.0,13795.0,13950.0,20598.0
2021-05-07,14000.0,14075.0,13810.0,14045.0,42194.0
2021-05-10,14125.0,14300.0,14070.0,14255.0,182508.0
2021-05-11,14280.0,14280.0,13970.0,14030.0,306677.0
2021-05-12,14055.0,14055.0,13690.0,13795.0,51970.0
2021-05-13,13610.0,13770.0,13560.0,13630.0,52238.0
2021-05-14,13695.0,13810.0,13665.0,13760.0,86097.0
2021-05-17,13780.0,13845.0,13620.0,13710.0,53685.0
2021-05-18,13710.0,13875.0,13710.0,13870.0,38554.0
2021-05-20,13795.0,13850.0,13720.0,13825.0,24144.0
2021-05-21,13950.0,14010.0,13785.0,13820.0,83033.0
2021-05-24,13835.0,13860.0,13740.0,13785.0,21793.0
2021-05-25,13880.0,13910.0,13810.0,13885.0,420965.0
2021-05-26,13950.0,13955.0,13840.0,13885.0,28651.0
2021-05-27,13925.0,13955.0,13750.0,13855.0,41051.0
2021-05-28,13895.0,13980.0,13730.0,13930.0,38199.0
2021-05-31,13930.0,14000.0,13880.0,14000.0,351196.0
2021-06-01,14010.0,14130.0,13935.0,14055.0,178163.0
2021-06-02,14100.0,14145.0,14030.0,14055.0,83740.0
2021-06-03,14055.0,14235.0,14055.0,14170.0,92462.0
2021-06-04,14150.0,14155.0,14035.0,14120.0,42979.0
2021-06-07,14150.0,14250.0,14085.0,14190.0,125247.0
2021-06-08,14250.0,14250.0,14120.0,14165.0,185771.0
2021-06-09,14245.0,14245.0,14000.0,14005.0,325947.0
2021-06-10,14040.0,14050.0,13900.0,14040.0,290949.0
2021-06-11,14060.0,14165.0,14050.0,14145.0,85531.0
2021-06-14,14200.0,14200.0,14075.0,14120.0,24745.0
2021-06-15,14165.0,14185.0,14115.0,14160.0,237926.0
2021-06-16,14205.0,14280.0,14120.0,14265.0,557674.0
2021-06-17,14225.0,14260.0,14115.0,14155.0,772420.0
2021-06-18,14200.0,14250.0,14000.0,14220.0,71106.0
2021-06-21,14060.0,14125.0,14005.0,14060.0,68250.0
2021-06-22,14110.0,14195.0,14110.0,14180.0,31361.0
2021-06-23,14240.0,14265.0,14175.0,14245.0,77819.0
2021-06-24,14245.0,14335.0,14245.0,14310.0,334567.0
2021-06-25,14320.0,14435.0,14320.0,14390.0,214703.0
