,Datetime,Open,High,Low,Close
0,2018-12-19,13500.0,,,13650.0
1,2018-12-19,13850.0,,,13650.0
2,2018-12-19,13650.0,,,14850.0
3,2018-12-19,14850.0,,,13850.0
4,2018-12-20,17150.0,,,17700.0
5,2018-12-20,14100.0,,,16850.0
6,2018-12-20,16900.0,,,17250.0
7,2018-12-20,17200.0,,,17100.0
8,2018-12-21,17850.0,,,17800.0
9,2018-12-21,18900.0,,,17850.0
10,2018-12-21,18750.0,,,17800.0
11,2018-12-21,17800.0,,,18900.0
12,2018-12-24,17350.0,,,16800.0
13,2018-12-24,16800.0,,,16600.0
14,2018-12-24,16600.0,,,16350.0
15,2018-12-24,16400.0,,,16150.0
16,2018-12-26,15300.0,,,16950.0
17,2018-12-26,16900.0,,,16250.0
18,2018-12-26,16250.0,,,17150.0
19,2018-12-26,17150.0,,,17100.0
20,2018-12-27,17450.0,,,18200.0
21,2018-12-27,18150.0,,,18850.0
22,2018-12-27,18850.0,,,19300.0
23,2018-12-27,19300.0,,,19850.0
24,2018-12-28,20200.0,,,20000.0
25,2018-12-28,20450.0,,,20650.0
26,2018-12-28,20650.0,,,20200.0
27,2018-12-28,20200.0,,,20450.0
28,2019-01-02,21150.0,,,22500.0
29,2019-01-02,22450.0,,,21900.0
30,2019-01-02,21850.0,,,22450.0
31,2019-01-03,22150.0,,,21600.0
32,2019-01-03,21600.0,,,21000.0
33,2019-01-03,21000.0,,,21100.0
34,2019-01-03,21100.0,,,21050.0
35,2019-01-04,21750.0,,,21500.0
36,2019-01-04,20950.0,,,21450.0
37,2019-01-04,21450.0,,,21800.0
38,2019-01-04,21800.0,,,21750.0
39,2019-01-07,20250.0,,,20350.0
40,2019-01-07,20250.0,,,20250.0
41,2019-01-07,21200.0,,,20300.0
42,2019-01-07,20300.0,,,20300.0
43,2019-01-08,20500.0,,,19100.0
44,2019-01-08,19050.0,,,18500.0
45,2019-01-08,18450.0,,,19000.0
46,2019-01-08,18950.0,,,19100.0
47,2019-01-09,19050.0,,,18300.0
48,2019-01-09,18300.0,,,18700.0
49,2019-01-09,18650.0,,,18850.0
50,2019-01-09,18800.0,,,18750.0
51,2019-01-10,18950.0,,,19750.0
52,2019-01-10,19700.0,,,19100.0
53,2019-01-10,19100.0,,,18750.0
54,2019-01-10,18800.0,,,18550.0
55,2019-01-11,18600.0,,,18000.0
56,2019-01-11,18050.0,,,18000.0
57,2019-01-11,18700.0,,,17950.0
58,2019-01-11,17950.0,,,18600.0
59,2019-01-14,17600.0,,,17700.0
60,2019-01-14,17650.0,,,17500.0
61,2019-01-14,17450.0,,,17450.0
62,2019-01-14,17400.0,,,17400.0
63,2019-01-15,17950.0,,,17900.0
64,2019-01-15,17900.0,,,17900.0
65,2019-01-15,17900.0,,,17700.0
66,2019-01-15,17650.0,,,17500.0
67,2019-01-16,18600.0,,,18700.0
68,2019-01-16,17700.0,,,16900.0
69,2019-01-16,16950.0,,,17500.0
70,2019-01-16,17500.0,,,18600.0
71,2019-01-17,18900.0,,,18500.0
72,2019-01-17,18450.0,,,18250.0
73,2019-01-17,18250.0,,,18100.0
74,2019-01-17,18050.0,,,17600.0
75,2019-01-18,16850.0,,,16850.0
76,2019-01-18,17100.0,,,16850.0
77,2019-01-18,17500.0,,,17100.0
78,2019-01-18,17100.0,,,17150.0
79,2019-01-21,16100.0,,,16000.0
80,2019-01-21,15800.0,,,15950.0
81,2019-01-21,16850.0,,,16100.0
82,2019-01-21,16000.0,,,15850.0
83,2019-01-22,16200.0,,,16800.0
84,2019-01-22,16800.0,,,16900.0
85,2019-01-22,16900.0,,,18300.0
86,2019-01-22,18250.0,,,17800.0
87,2019-01-23,17450.0,,,18750.0
88,2019-01-23,18100.0,,,17950.0
89,2019-01-23,17900.0,,,18000.0
90,2019-01-23,18750.0,,,18150.0
91,2019-01-24,18200.0,,,18150.0
92,2019-01-24,18150.0,,,18100.0
93,2019-01-24,18150.0,,,18050.0
94,2019-01-24,18000.0,,,17750.0
95,2019-01-25,18050.0,,,18000.0
96,2019-01-25,17950.0,,,18150.0
97,2019-01-25,18150.0,,,18050.0
98,2019-01-25,18150.0,,,18000.0
99,2019-01-28,17800.0,,,18300.0
100,2019-01-28,18300.0,,,18250.0
101,2019-01-28,18250.0,,,18350.0
102,2019-01-28,18350.0,,,18500.0
103,2019-01-29,18600.0,,,18600.0
104,2019-01-29,18550.0,,,18350.0
105,2019-01-29,18400.0,,,17900.0
106,2019-01-29,17900.0,,,17750.0
107,2019-01-30,17900.0,,,17600.0
108,2019-01-30,17600.0,,,17150.0
109,2019-01-30,17150.0,,,17000.0
110,2019-01-30,16950.0,,,16900.0
111,2019-01-31,17000.0,,,16900.0
112,2019-01-31,16950.0,,,17000.0
113,2019-01-31,17050.0,,,17050.0
114,2019-01-31,17050.0,,,16900.0
115,2019-02-01,17000.0,,,16550.0
116,2019-02-01,16550.0,,,16600.0
117,2019-02-01,16600.0,,,16900.0
118,2019-02-01,16900.0,,,16850.0
119,2019-02-07,16850.0,,,17350.0
120,2019-02-07,17300.0,,,17700.0
121,2019-02-07,17700.0,,,17850.0
122,2019-02-07,17850.0,,,17900.0
123,2019-02-08,18300.0,,,18150.0
124,2019-02-08,17700.0,,,18200.0
125,2019-02-08,18200.0,,,18250.0
126,2019-02-08,18250.0,,,18350.0
127,2019-02-11,18600.0,,,19050.0
128,2019-02-11,19000.0,,,19100.0
129,2019-02-11,19100.0,,,19300.0
130,2019-02-11,19300.0,,,19250.0
131,2019-02-12,18600.0,,,18700.0
132,2019-02-12,18850.0,,,18950.0
133,2019-02-12,18950.0,,,19200.0
134,2019-02-12,19200.0,,,18600.0
135,2019-02-13,18700.0,,,18500.0
136,2019-02-13,18450.0,,,18500.0
137,2019-02-13,18550.0,,,18100.0
138,2019-02-13,18150.0,,,18250.0
139,2019-02-14,18550.0,,,18400.0
140,2019-02-14,18350.0,,,18200.0
141,2019-02-14,18200.0,,,18250.0
142,2019-02-14,18200.0,,,18200.0
143,2019-02-15,18150.0,,,18100.0
144,2019-02-15,18100.0,,,18050.0
145,2019-02-15,18100.0,,,18000.0
146,2019-02-15,17950.0,,,17900.0
147,2019-02-18,18200.0,,,18250.0
148,2019-02-18,18250.0,,,18450.0
149,2019-02-18,18300.0,,,18250.0
150,2019-02-18,18100.0,,,18300.0
151,2019-02-19,18300.0,,,18250.0
152,2019-02-19,18500.0,,,18200.0
153,2019-02-19,18200.0,,,18100.0
154,2019-02-19,18100.0,,,18300.0
155,2019-02-20,18200.0,,,18000.0
156,2019-02-20,18000.0,,,17900.0
157,2019-02-20,17850.0,,,17750.0
158,2019-02-20,17700.0,,,17700.0
159,2019-02-21,17050.0,,,17300.0
160,2019-02-21,17300.0,,,17150.0
161,2019-02-21,17150.0,,,17250.0
162,2019-02-21,17700.0,,,17050.0
163,2019-02-22,17250.0,,,17350.0
164,2019-02-22,17350.0,,,17400.0
165,2019-02-22,17450.0,,,17300.0
166,2019-02-22,17250.0,,,17600.0
167,2019-02-25,18050.0,,,18000.0
168,2019-02-25,17850.0,,,18050.0
169,2019-02-25,18050.0,,,18150.0
170,2019-02-25,18150.0,,,17850.0
171,2019-02-26,18150.0,,,17850.0
172,2019-02-26,17850.0,,,17800.0
173,2019-02-26,17800.0,,,17550.0
174,2019-02-26,17550.0,,,17650.0
175,2019-02-27,17950.0,,,18800.0
176,2019-02-27,18800.0,,,18400.0
177,2019-02-27,18400.0,,,18750.0
178,2019-02-27,18700.0,,,18750.0
179,2019-02-28,19450.0,,,19450.0
180,2019-02-28,18900.0,,,19200.0
181,2019-02-28,19200.0,,,19800.0
182,2019-02-28,19800.0,,,19450.0
183,2019-03-04,20300.0,,,20800.0
184,2019-03-04,20800.0,,,20800.0
185,2019-03-04,20850.0,,,20350.0
186,2019-03-04,20350.0,,,20200.0
187,2019-03-05,20500.0,,,20750.0
188,2019-03-05,20200.0,,,20450.0
189,2019-03-05,20450.0,,,20650.0
190,2019-03-05,20650.0,,,20450.0
191,2019-03-06,20600.0,,,20600.0
192,2019-03-06,20600.0,,,20800.0
193,2019-03-06,20800.0,,,21350.0
194,2019-03-06,21350.0,,,21950.0
195,2019-03-07,21900.0,,,22250.0
196,2019-03-07,22200.0,,,21600.0
197,2019-03-07,21600.0,,,21000.0
198,2019-03-07,21000.0,,,20900.0
199,2019-03-08,21050.0,,,21100.0
200,2019-03-08,20550.0,,,20950.0
201,2019-03-08,20900.0,,,21000.0
202,2019-03-08,21000.0,,,21100.0
203,2019-03-11,21050.0,,,20500.0
204,2019-03-11,20500.0,,,20750.0
205,2019-03-11,20700.0,,,21150.0
206,2019-03-11,21100.0,,,21150.0
207,2019-03-12,26700.0,,,27450.0
208,2019-03-12,21450.0,,,22700.0
209,2019-03-12,22700.0,,,22800.0
210,2019-03-12,22800.0,,,26650.0
211,2019-03-13,26650.0,,,26600.0
212,2019-03-13,26550.0,,,26450.0
213,2019-03-13,26450.0,,,26700.0
214,2019-03-13,26700.0,,,27500.0
215,2019-03-14,27150.0,,,26650.0
216,2019-03-14,26700.0,,,26500.0
217,2019-03-14,26500.0,,,28200.0
218,2019-03-14,28200.0,,,28800.0
219,2019-03-15,28600.0,,,32650.0
220,2019-03-15,32600.0,,,31050.0
221,2019-03-15,31050.0,,,29400.0
222,2019-03-15,29400.0,,,29050.0
223,2019-03-18,30700.0,,,30850.0
224,2019-03-18,29700.0,,,31150.0
225,2019-03-18,31150.0,,,30600.0
226,2019-03-18,30600.0,,,30700.0
227,2019-03-19,30350.0,,,30300.0
228,2019-03-19,28600.0,,,28850.0
229,2019-03-19,31250.0,,,30350.0
230,2019-03-19,30250.0,,,28600.0
231,2019-03-20,28400.0,,,29250.0
232,2019-03-20,29250.0,,,28800.0
233,2019-03-20,28800.0,,,30500.0
234,2019-03-20,30550.0,,,31700.0
235,2019-03-21,32250.0,,,32000.0
236,2019-03-21,31850.0,,,32550.0
237,2019-03-21,32550.0,,,31950.0
238,2019-03-21,32000.0,,,31800.0
239,2019-03-22,31200.0,,,30500.0
240,2019-03-22,30500.0,,,31350.0
241,2019-03-22,31250.0,,,31500.0
242,2019-03-22,31550.0,,,31500.0
243,2019-03-25,31750.0,,,31600.0
244,2019-03-25,31700.0,,,32100.0
245,2019-03-25,32050.0,,,31800.0
246,2019-03-25,31100.0,,,31700.0
247,2019-03-26,32500.0,,,31950.0
248,2019-03-26,31950.0,,,32550.0
249,2019-03-26,32500.0,,,32000.0
250,2019-03-26,32000.0,,,31500.0
251,2019-03-27,31550.0,,,30750.0
252,2019-03-27,30750.0,,,30650.0
253,2019-03-27,30650.0,,,30600.0
254,2019-03-27,30600.0,,,29850.0
255,2019-03-28,29650.0,,,29350.0
256,2019-03-28,29400.0,,,29700.0
257,2019-03-28,29700.0,,,28550.0
258,2019-03-28,28550.0,,,28000.0
259,2019-03-29,30350.0,,,30150.0
260,2019-03-29,29900.0,,,30350.0
261,2019-03-29,28400.0,,,28050.0
262,2019-03-29,28050.0,,,29900.0
263,2019-04-01,29850.0,,,31500.0
264,2019-04-01,31550.0,,,32100.0
265,2019-04-01,32150.0,,,32600.0
266,2019-04-01,32650.0,,,32800.0
267,2019-04-02,33550.0,,,33100.0
268,2019-04-02,33100.0,,,33450.0
269,2019-04-02,33400.0,,,33100.0
270,2019-04-02,33100.0,,,32900.0
271,2019-04-03,35100.0,,,35450.0
272,2019-04-03,32800.0,,,33200.0
273,2019-04-03,33250.0,,,33750.0
274,2019-04-03,33750.0,,,35150.0
275,2019-04-04,35600.0,,,35450.0
276,2019-04-04,35450.0,,,35500.0
277,2019-04-04,35500.0,,,35800.0
278,2019-04-04,35750.0,,,35850.0
279,2019-04-05,34900.0,,,34600.0
280,2019-04-05,35750.0,,,34750.0
281,2019-04-05,34750.0,,,34900.0
282,2019-04-05,34850.0,,,34900.0
283,2019-04-08,34900.0,,,33950.0
284,2019-04-08,33950.0,,,33750.0
285,2019-04-08,33750.0,,,33700.0
286,2019-04-08,33700.0,,,33350.0
287,2019-04-09,34050.0,,,32650.0
288,2019-04-09,32650.0,,,33100.0
289,2019-04-09,33100.0,,,36150.0
290,2019-04-09,36150.0,,,37650.0
291,2019-04-10,37550.0,,,36050.0
292,2019-04-10,36050.0,,,36150.0
293,2019-04-10,36150.0,,,35650.0
294,2019-04-10,35650.0,,,35150.0
295,2019-04-11,35150.0,,,34600.0
296,2019-04-11,34700.0,,,35050.0
297,2019-04-11,35400.0,,,34750.0
298,2019-04-11,35050.0,,,35150.0
299,2019-04-12,35150.0,,,34700.0
300,2019-04-12,34750.0,,,34100.0
301,2019-04-12,34100.0,,,34450.0
302,2019-04-12,34400.0,,,35150.0
303,2019-04-15,34850.0,,,33400.0
304,2019-04-15,33400.0,,,33800.0
305,2019-04-15,33800.0,,,33300.0
306,2019-04-15,33250.0,,,32800.0
307,2019-04-16,33600.0,,,33700.0
308,2019-04-16,32450.0,,,32200.0
309,2019-04-16,32200.0,,,33700.0
310,2019-04-16,32850.0,,,32450.0
311,2019-04-17,33550.0,,,33150.0
312,2019-04-17,33150.0,,,32950.0
313,2019-04-17,32950.0,,,32350.0
314,2019-04-17,32350.0,,,31550.0
315,2019-04-18,30550.0,,,30300.0
316,2019-04-18,30400.0,,,30550.0
317,2019-04-18,31650.0,,,30550.0
318,2019-04-18,30600.0,,,30400.0
319,2019-04-19,30400.0,,,30750.0
320,2019-04-19,30800.0,,,31000.0
321,2019-04-19,31000.0,,,30200.0
322,2019-04-19,30150.0,,,30200.0
323,2019-04-22,30300.0,,,30100.0
324,2019-04-22,30100.0,,,30100.0
325,2019-04-22,30150.0,,,29100.0
326,2019-04-22,29100.0,,,29150.0
327,2019-04-23,30600.0,,,30300.0
328,2019-04-23,29300.0,,,30300.0
329,2019-04-23,30250.0,,,30100.0
330,2019-04-23,30100.0,,,30600.0
331,2019-04-24,30700.0,,,31100.0
332,2019-04-24,31050.0,,,31150.0
333,2019-04-24,31150.0,,,30850.0
334,2019-04-24,30800.0,,,30800.0
335,2019-04-25,30700.0,,,30650.0
336,2019-04-25,30850.0,,,31100.0
337,2019-04-25,31100.0,,,31300.0
338,2019-04-25,31350.0,,,30650.0
339,2019-04-26,30400.0,,,30100.0
340,2019-04-26,30100.0,,,30050.0
341,2019-04-26,30100.0,,,29750.0
342,2019-04-26,29800.0,,,29550.0
343,2019-04-29,29700.0,,,30750.0
344,2019-04-29,30750.0,,,31050.0
345,2019-04-29,31100.0,,,31150.0
346,2019-04-29,31150.0,,,31200.0
347,2019-04-30,34050.0,,,33800.0
348,2019-04-30,31150.0,,,30950.0
349,2019-04-30,30950.0,,,32850.0
350,2019-04-30,32850.0,,,34050.0
351,2019-05-02,33900.0,,,34250.0
352,2019-05-02,34250.0,,,33900.0
353,2019-05-02,33900.0,,,34000.0
354,2019-05-02,34000.0,,,33950.0
355,2019-05-03,33750.0,,,33600.0
356,2019-05-03,34350.0,,,33750.0
357,2019-05-03,33750.0,,,33550.0
358,2019-05-03,33500.0,,,33750.0
359,2019-05-07,32750.0,,,32700.0
360,2019-05-07,32750.0,,,32850.0
361,2019-05-07,32850.0,,,32650.0
362,2019-05-07,32700.0,,,32550.0
363,2019-05-08,32000.0,,,32650.0
364,2019-05-08,32650.0,,,32750.0
365,2019-05-08,32750.0,,,32400.0
366,2019-05-08,32400.0,,,32250.0
367,2019-05-09,32550.0,,,31750.0
368,2019-05-09,31750.0,,,31000.0
369,2019-05-09,31000.0,,,30100.0
370,2019-05-09,30100.0,,,30150.0
371,2019-05-10,31000.0,,,31000.0
372,2019-05-10,30200.0,,,30950.0
373,2019-05-10,30900.0,,,30500.0
374,2019-05-10,30550.0,,,31050.0
375,2019-05-13,31000.0,,,31000.0
376,2019-05-13,31050.0,,,30650.0
377,2019-05-13,31000.0,,,31000.0
378,2019-05-13,31000.0,,,31100.0
379,2019-05-14,30200.0,,,31450.0
380,2019-05-14,31450.0,,,31850.0
381,2019-05-14,31850.0,,,31850.0
382,2019-05-14,31850.0,,,31700.0
383,2019-05-15,32150.0,,,31850.0
384,2019-05-15,32000.0,,,32600.0
385,2019-05-15,32650.0,,,32750.0
386,2019-05-15,31800.0,,,32000.0
387,2019-05-16,33100.0,,,32800.0
388,2019-05-16,32750.0,,,32650.0
389,2019-05-16,32650.0,,,32300.0
390,2019-05-16,32250.0,,,32000.0
391,2019-05-17,31550.0,,,31700.0
392,2019-05-17,32800.0,,,32250.0
393,2019-05-17,32300.0,,,31550.0
394,2019-05-17,32500.0,,,32800.0
395,2019-05-20,31800.0,,,30450.0
396,2019-05-20,30500.0,,,30400.0
397,2019-05-20,30450.0,,,30100.0
398,2019-05-20,30150.0,,,30350.0
399,2019-05-21,30050.0,,,30650.0
400,2019-05-21,30600.0,,,31000.0
401,2019-05-21,31000.0,,,30800.0
402,2019-05-21,30800.0,,,30900.0
403,2019-05-22,31900.0,,,33350.0
404,2019-05-22,33300.0,,,33050.0
405,2019-05-22,33100.0,,,33200.0
406,2019-05-22,33150.0,,,33250.0
407,2019-05-23,33750.0,,,33550.0
408,2019-05-23,34000.0,,,33750.0
409,2019-05-23,33650.0,,,33650.0
410,2019-05-23,33650.0,,,34000.0
411,2019-05-24,33800.0,,,33600.0
412,2019-05-24,33600.0,,,33200.0
413,2019-05-24,33250.0,,,33700.0
414,2019-05-24,33700.0,,,34250.0
415,2019-05-27,34750.0,,,35500.0
416,2019-05-27,35500.0,,,35150.0
417,2019-05-27,35150.0,,,35600.0
418,2019-05-27,35600.0,,,36000.0
419,2019-05-28,36500.0,,,37000.0
420,2019-05-28,35700.0,,,35300.0
421,2019-05-28,35300.0,,,36000.0
422,2019-05-28,36000.0,,,36500.0
423,2019-05-29,36400.0,,,36050.0
424,2019-05-29,36050.0,,,36900.0
425,2019-05-29,36900.0,,,36650.0
426,2019-05-29,36650.0,,,36300.0
427,2019-05-30,33200.0,,,32800.0
428,2019-05-30,37200.0,,,33600.0
429,2019-05-30,33550.0,,,33200.0
430,2019-05-30,33250.0,,,33150.0
431,2019-05-31,32550.0,,,32900.0
432,2019-05-31,32900.0,,,33300.0
433,2019-05-31,33300.0,,,32450.0
434,2019-05-31,32450.0,,,32450.0
435,2019-06-03,32150.0,,,33300.0
436,2019-06-03,33300.0,,,33100.0
437,2019-06-03,33100.0,,,32800.0
438,2019-06-03,32750.0,,,32900.0
439,2019-06-04,33100.0,,,33500.0
440,2019-06-04,33550.0,,,33600.0
441,2019-06-04,33600.0,,,33450.0
442,2019-06-04,33400.0,,,33700.0
443,2019-06-05,34200.0,,,34050.0
444,2019-06-05,34250.0,,,34800.0
445,2019-06-05,34800.0,,,34300.0
446,2019-06-05,34300.0,,,34200.0
447,2019-06-07,33600.0,,,33600.0
448,2019-06-07,34000.0,,,34000.0
449,2019-06-07,34000.0,,,33600.0
450,2019-06-07,33550.0,,,34000.0
451,2019-06-10,34450.0,,,34200.0
452,2019-06-10,34150.0,,,34050.0
453,2019-06-10,34100.0,,,34100.0
454,2019-06-10,34100.0,,,34250.0
455,2019-06-11,34500.0,,,35200.0
456,2019-06-11,35150.0,,,35050.0
457,2019-06-11,35050.0,,,35600.0
458,2019-06-11,35650.0,,,35500.0
459,2019-06-12,35800.0,,,35600.0
460,2019-06-12,35600.0,,,35800.0
461,2019-06-12,35800.0,,,35550.0
462,2019-06-12,35500.0,,,35700.0
463,2019-06-13,34350.0,,,34650.0
464,2019-06-13,35050.0,,,34350.0
465,2019-06-13,34200.0,,,35100.0
466,2019-06-13,35850.0,,,34250.0
467,2019-06-14,34400.0,,,33050.0
468,2019-06-14,33000.0,,,32850.0
469,2019-06-14,32850.0,,,32550.0
470,2019-06-14,32550.0,,,32150.0
471,2019-06-17,31700.0,,,30750.0
472,2019-06-17,30750.0,,,30200.0
473,2019-06-17,30150.0,,,30000.0
474,2019-06-17,30000.0,,,29900.0
475,2019-06-18,28800.0,,,28800.0
476,2019-06-18,29850.0,,,30350.0
477,2019-06-18,30350.0,,,30300.0
478,2019-06-18,30250.0,,,28800.0
479,2019-06-19,28850.0,,,28800.0
480,2019-06-19,28700.0,,,28900.0
481,2019-06-19,29200.0,,,28700.0
482,2019-06-19,28700.0,,,28700.0
483,2019-06-20,28800.0,,,29400.0
484,2019-06-20,29350.0,,,29550.0
485,2019-06-20,29550.0,,,30400.0
486,2019-06-20,30400.0,,,30250.0
487,2019-06-21,30400.0,,,30300.0
488,2019-06-21,30250.0,,,30200.0
489,2019-06-21,30200.0,,,29950.0
490,2019-06-21,30000.0,,,30000.0
491,2019-06-24,30000.0,,,29700.0
492,2019-06-24,29650.0,,,29650.0
493,2019-06-24,29600.0,,,29450.0
494,2019-06-24,29500.0,,,29500.0
495,2019-06-25,28050.0,,,27150.0
496,2019-06-25,27200.0,,,27150.0
497,2019-06-25,29050.0,,,28800.0
498,2019-06-25,28850.0,,,28050.0
499,2019-06-26,27050.0,,,27450.0
500,2019-06-26,27350.0,,,27550.0
501,2019-06-26,27500.0,,,27100.0
502,2019-06-26,27100.0,,,27150.0
503,2019-06-27,27100.0,,,27150.0
504,2019-06-27,27200.0,,,26700.0
505,2019-06-27,26750.0,,,24450.0
506,2019-06-27,24450.0,,,24600.0
507,2019-06-28,24200.0,,,24200.0
508,2019-06-28,24500.0,,,24150.0
509,2019-06-28,24150.0,,,24700.0
510,2019-06-28,24700.0,,,24200.0
511,2019-07-01,24250.0,,,25500.0
512,2019-07-01,25500.0,,,25400.0
513,2019-07-01,25400.0,,,25150.0
514,2019-07-01,25200.0,,,25250.0
515,2019-07-02,24100.0,,,23950.0
516,2019-07-02,24300.0,,,24100.0
517,2019-07-02,25150.0,,,24900.0
518,2019-07-02,24900.0,,,24250.0
519,2019-07-03,23850.0,,,23850.0
520,2019-07-03,23900.0,,,24100.0
521,2019-07-03,24000.0,,,23850.0
522,2019-07-03,23800.0,,,23850.0
523,2019-07-04,23700.0,,,23250.0
524,2019-07-04,23250.0,,,23000.0
525,2019-07-04,23050.0,,,23250.0
526,2019-07-04,23250.0,,,23100.0
527,2019-07-05,23200.0,,,23150.0
528,2019-07-05,23350.0,,,23800.0
529,2019-07-05,23800.0,,,23950.0
530,2019-07-05,23100.0,,,23350.0
531,2019-07-08,23850.0,,,23350.0
532,2019-07-08,23350.0,,,23350.0
533,2019-07-08,23400.0,,,23050.0
534,2019-07-08,23050.0,,,22700.0
535,2019-07-09,22500.0,,,22650.0
536,2019-07-09,23200.0,,,23150.0
537,2019-07-09,23150.0,,,22500.0
538,2019-07-09,22800.0,,,23200.0
539,2019-07-10,22800.0,,,23750.0
540,2019-07-10,23750.0,,,24050.0
541,2019-07-10,24050.0,,,23650.0
542,2019-07-10,23650.0,,,23650.0
543,2019-07-11,23950.0,,,23700.0
544,2019-07-11,23700.0,,,24000.0
545,2019-07-11,23950.0,,,24100.0
546,2019-07-11,24100.0,,,24150.0
547,2019-07-12,24050.0,,,23450.0
548,2019-07-12,23400.0,,,23250.0
549,2019-07-12,23250.0,,,23050.0
550,2019-07-12,23050.0,,,23150.0
551,2019-07-15,23000.0,,,23150.0
552,2019-07-15,23100.0,,,23000.0
553,2019-07-15,23050.0,,,23250.0
554,2019-07-15,23250.0,,,23100.0
555,2019-07-16,23200.0,,,23100.0
556,2019-07-16,23100.0,,,23250.0
557,2019-07-16,23250.0,,,22850.0
558,2019-07-16,22850.0,,,22800.0
559,2019-07-17,22800.0,,,22550.0
560,2019-07-17,22500.0,,,22750.0
561,2019-07-17,22800.0,,,22750.0
562,2019-07-17,22750.0,,,22950.0
563,2019-07-18,22200.0,,,22050.0
564,2019-07-18,22700.0,,,22800.0
565,2019-07-18,22800.0,,,22350.0
566,2019-07-18,22350.0,,,22200.0
567,2019-07-19,22250.0,,,22550.0
568,2019-07-19,22550.0,,,22350.0
569,2019-07-19,22350.0,,,22400.0
570,2019-07-19,22300.0,,,22400.0
571,2019-07-22,23150.0,,,23150.0
572,2019-07-22,22550.0,,,23000.0
573,2019-07-22,23000.0,,,23050.0
574,2019-07-22,23050.0,,,23150.0
575,2019-07-23,23300.0,,,22950.0
576,2019-07-23,22900.0,,,22850.0
577,2019-07-23,22850.0,,,22400.0
578,2019-07-23,22400.0,,,22300.0
579,2019-07-24,22450.0,,,22450.0
580,2019-07-24,22500.0,,,22000.0
581,2019-07-24,21950.0,,,21350.0
582,2019-07-24,21300.0,,,21400.0
583,2019-07-25,21350.0,,,21100.0
584,2019-07-25,21050.0,,,21000.0
585,2019-07-25,20950.0,,,20950.0
586,2019-07-25,20950.0,,,21000.0
587,2019-07-26,20400.0,,,20650.0
588,2019-07-26,20600.0,,,20500.0
589,2019-07-26,20400.0,,,20400.0
590,2019-07-26,20800.0,,,20500.0
591,2019-07-29,20750.0,,,20500.0
592,2019-07-29,20700.0,,,20900.0
593,2019-07-29,20350.0,,,20700.0
594,2019-07-29,20900.0,,,20750.0
595,2019-07-30,20650.0,,,20900.0
596,2019-07-30,20700.0,,,20450.0
597,2019-07-30,20700.0,,,20650.0
598,2019-07-30,20800.0,,,20700.0
599,2019-07-31,20450.0,,,19250.0
600,2019-07-31,19250.0,,,19700.0
601,2019-07-31,19750.0,,,20500.0
602,2019-07-31,20450.0,,,20450.0
603,2019-08-01,20600.0,,,21250.0
604,2019-08-01,21250.0,,,21250.0
605,2019-08-01,21250.0,,,21100.0
606,2019-08-01,21100.0,,,21100.0
607,2019-08-02,20000.0,,,20200.0
608,2019-08-02,20200.0,,,20050.0
609,2019-08-02,20100.0,,,19550.0
610,2019-08-02,19550.0,,,19250.0
611,2019-08-05,17050.0,,,17250.0
612,2019-08-05,17450.0,,,17050.0
613,2019-08-05,17750.0,,,17500.0
614,2019-08-05,18850.0,,,17700.0
615,2019-08-06,16800.0,,,17400.0
616,2019-08-06,17450.0,,,18100.0
617,2019-08-06,18100.0,,,17450.0
618,2019-08-06,17450.0,,,17250.0
619,2019-08-07,17550.0,,,16700.0
620,2019-08-07,16650.0,,,16750.0
621,2019-08-07,16750.0,,,16900.0
622,2019-08-07,16900.0,,,16850.0
623,2019-08-08,17150.0,,,17150.0
624,2019-08-08,17050.0,,,17250.0
625,2019-08-08,17250.0,,,17250.0
626,2019-08-08,17200.0,,,17150.0
627,2019-08-09,17250.0,,,17250.0
628,2019-08-09,17500.0,,,17300.0
629,2019-08-09,17450.0,,,17150.0
630,2019-08-09,17150.0,,,17500.0
631,2019-08-12,17000.0,,,17450.0
632,2019-08-12,17450.0,,,17350.0
633,2019-08-12,17350.0,,,17550.0
634,2019-08-12,17550.0,,,17550.0
635,2019-08-13,17300.0,,,16700.0
636,2019-08-13,16700.0,,,16700.0
637,2019-08-13,16700.0,,,16650.0
638,2019-08-13,16650.0,,,16550.0
639,2019-08-14,16950.0,,,16950.0
640,2019-08-14,16950.0,,,17100.0
641,2019-08-14,17100.0,,,17100.0
642,2019-08-14,17100.0,,,17100.0
643,2019-08-16,17350.0,,,17400.0
644,2019-08-16,17450.0,,,17400.0
645,2019-08-16,16700.0,,,17150.0
646,2019-08-16,17200.0,,,17300.0
647,2019-08-19,17900.0,,,17450.0
648,2019-08-19,17450.0,,,17350.0
649,2019-08-19,17300.0,,,17150.0
650,2019-08-19,17150.0,,,17200.0
651,2019-08-20,17350.0,,,17300.0
652,2019-08-20,17300.0,,,17750.0
653,2019-08-20,17750.0,,,18150.0
654,2019-08-20,18150.0,,,18100.0
655,2019-08-21,18400.0,,,18550.0
656,2019-08-21,18000.0,,,18250.0
657,2019-08-21,18250.0,,,18450.0
658,2019-08-21,18450.0,,,18400.0
659,2019-08-22,18850.0,,,18750.0
660,2019-08-22,18800.0,,,18750.0
661,2019-08-22,18750.0,,,18300.0
662,2019-08-22,18300.0,,,18700.0
663,2019-08-23,17700.0,,,17550.0
664,2019-08-23,18000.0,,,17700.0
665,2019-08-23,18500.0,,,18000.0
666,2019-08-23,18000.0,,,18000.0
667,2019-08-26,16650.0,,,16250.0
668,2019-08-26,15750.0,,,15700.0
669,2019-08-26,16850.0,,,16650.0
670,2019-08-26,16250.0,,,15750.0
671,2019-08-27,16000.0,,,16000.0
672,2019-08-27,16000.0,,,16000.0
673,2019-08-27,16000.0,,,15800.0
674,2019-08-27,15750.0,,,15800.0
675,2019-08-28,15900.0,,,16050.0
676,2019-08-28,16250.0,,,17800.0
677,2019-08-28,17800.0,,,17800.0
678,2019-08-28,16000.0,,,16250.0
679,2019-08-29,17950.0,,,18100.0
680,2019-08-29,18100.0,,,18300.0
681,2019-08-29,18300.0,,,18050.0
682,2019-08-29,18050.0,,,18400.0
683,2019-08-30,18650.0,,,18450.0
684,2019-08-30,18550.0,,,18550.0
685,2019-08-30,18550.0,,,18650.0
686,2019-08-30,19000.0,,,18550.0
687,2019-09-02,18250.0,,,18900.0
688,2019-09-02,18900.0,,,18950.0
689,2019-09-02,18950.0,,,19300.0
690,2019-09-02,19300.0,,,19350.0
691,2019-09-03,19250.0,,,18850.0
692,2019-09-03,18850.0,,,18850.0
693,2019-09-03,18850.0,,,18700.0
694,2019-09-03,18650.0,,,18650.0
695,2019-09-04,18300.0,,,18650.0
696,2019-09-04,18650.0,,,18450.0
697,2019-09-04,18450.0,,,18650.0
698,2019-09-04,18650.0,,,18700.0
699,2019-09-05,18050.0,,,18000.0
700,2019-09-05,18400.0,,,18000.0
701,2019-09-05,18950.0,,,18450.0
702,2019-09-05,18450.0,,,18400.0
703,2019-09-06,18300.0,,,19000.0
704,2019-09-06,19000.0,,,18800.0
705,2019-09-06,18750.0,,,19150.0
706,2019-09-06,19150.0,,,18950.0
707,2019-09-09,19250.0,,,19100.0
708,2019-09-09,19100.0,,,18550.0
709,2019-09-09,18550.0,,,18700.0
710,2019-09-09,18700.0,,,18800.0
711,2019-09-10,17650.0,,,17700.0
712,2019-09-10,18950.0,,,18000.0
713,2019-09-10,18000.0,,,17900.0
714,2019-09-10,17900.0,,,17700.0
715,2019-09-11,17900.0,,,18350.0
716,2019-09-11,18350.0,,,18550.0
717,2019-09-11,18500.0,,,18450.0
718,2019-09-11,18500.0,,,18400.0
719,2019-09-16,19000.0,,,19000.0
720,2019-09-16,18550.0,,,18600.0
721,2019-09-16,18600.0,,,18750.0
722,2019-09-16,18750.0,,,18950.0
723,2019-09-17,18850.0,,,19500.0
724,2019-09-17,19550.0,,,20150.0
725,2019-09-17,20150.0,,,20300.0
726,2019-09-17,20300.0,,,20100.0
727,2019-09-18,20200.0,,,19950.0
728,2019-09-18,20000.0,,,19650.0
729,2019-09-18,19650.0,,,19650.0
730,2019-09-18,19700.0,,,19600.0
731,2019-09-19,19750.0,,,19550.0
732,2019-09-19,19550.0,,,19150.0
733,2019-09-19,19150.0,,,19250.0
734,2019-09-19,19250.0,,,19200.0
735,2019-09-20,19000.0,,,19000.0
736,2019-09-20,18950.0,,,19000.0
737,2019-09-20,19100.0,,,18950.0
738,2019-09-20,19250.0,,,19100.0
739,2019-09-23,18400.0,,,18500.0
740,2019-09-23,18850.0,,,18750.0
741,2019-09-23,18800.0,,,18600.0
742,2019-09-23,18600.0,,,18450.0
743,2019-09-24,18400.0,,,18300.0
744,2019-09-24,17650.0,,,17700.0
745,2019-09-24,17500.0,,,18400.0
746,2019-09-24,18350.0,,,17650.0
747,2019-09-25,17850.0,,,17800.0
748,2019-09-25,17800.0,,,17500.0
749,2019-09-25,17500.0,,,16950.0
750,2019-09-25,16950.0,,,17050.0
751,2019-09-26,17300.0,,,17400.0
752,2019-09-26,17400.0,,,17200.0
753,2019-09-26,17200.0,,,17150.0
754,2019-09-26,17100.0,,,17250.0
755,2019-09-27,17250.0,,,16850.0
756,2019-09-27,16850.0,,,16750.0
757,2019-09-27,16800.0,,,16700.0
758,2019-09-27,16650.0,,,16800.0
759,2019-09-30,16950.0,,,16900.0
760,2019-09-30,17450.0,,,16950.0
761,2019-09-30,17200.0,,,17450.0
762,2019-09-30,17550.0,,,17200.0
763,2019-10-01,16900.0,,,17600.0
764,2019-10-01,17600.0,,,17550.0
765,2019-10-01,17550.0,,,17900.0
766,2019-10-01,17900.0,,,17850.0
767,2019-10-02,17500.0,,,17750.0
768,2019-10-02,17750.0,,,17750.0
769,2019-10-02,17700.0,,,17400.0
770,2019-10-02,17350.0,,,17250.0
771,2019-10-04,17550.0,,,17150.0
772,2019-10-04,17150.0,,,17400.0
773,2019-10-04,17400.0,,,17150.0
774,2019-10-04,17150.0,,,17500.0
775,2019-10-07,20350.0,,,20450.0
776,2019-10-07,19300.0,,,20350.0
777,2019-10-07,17800.0,,,18250.0
778,2019-10-07,18250.0,,,19300.0
779,2019-10-08,20700.0,,,19750.0
780,2019-10-08,19700.0,,,19700.0
781,2019-10-08,19700.0,,,19700.0
782,2019-10-08,19650.0,,,19400.0
783,2019-10-10,19250.0,,,19550.0
784,2019-10-10,19550.0,,,19200.0
785,2019-10-10,19200.0,,,19100.0
786,2019-10-10,19100.0,,,19100.0
787,2019-10-11,19000.0,,,20200.0
788,2019-10-11,20200.0,,,19850.0
789,2019-10-11,19800.0,,,19150.0
790,2019-10-11,19150.0,,,18900.0
791,2019-10-14,19300.0,,,19050.0
792,2019-10-14,19050.0,,,19200.0
793,2019-10-14,19900.0,,,19350.0
794,2019-10-14,19350.0,,,19300.0
795,2019-10-15,19200.0,,,19250.0
796,2019-10-15,19250.0,,,19100.0
797,2019-10-15,19100.0,,,19250.0
798,2019-10-15,19300.0,,,19500.0
799,2019-10-16,19800.0,,,19500.0
800,2019-10-16,19550.0,,,19350.0
801,2019-10-16,19350.0,,,19300.0
802,2019-10-16,19300.0,,,19250.0
803,2019-10-17,19200.0,,,19050.0
804,2019-10-17,19600.0,,,19100.0
805,2019-10-17,19150.0,,,19100.0
806,2019-10-17,19100.0,,,19200.0
807,2019-10-18,19100.0,,,18600.0
808,2019-10-18,18600.0,,,18450.0
809,2019-10-18,18450.0,,,18250.0
810,2019-10-18,18250.0,,,18200.0
811,2019-10-21,18300.0,,,18350.0
812,2019-10-21,18450.0,,,18300.0
813,2019-10-21,18250.0,,,18450.0
814,2019-10-21,18400.0,,,18400.0
815,2019-10-22,19300.0,,,19600.0
816,2019-10-22,18950.0,,,19600.0
817,2019-10-22,18450.0,,,19350.0
818,2019-10-22,19650.0,,,18950.0
819,2019-10-23,20150.0,,,20650.0
820,2019-10-23,20650.0,,,19950.0
821,2019-10-23,19950.0,,,21150.0
822,2019-10-23,21200.0,,,21150.0
823,2019-10-24,21500.0,,,19950.0
824,2019-10-24,20000.0,,,20000.0
825,2019-10-24,20000.0,,,20000.0
826,2019-10-24,19950.0,,,20050.0
827,2019-10-25,19700.0,,,19150.0
828,2019-10-25,19150.0,,,19150.0
829,2019-10-25,19200.0,,,19400.0
830,2019-10-25,19450.0,,,19250.0
831,2019-10-28,19600.0,,,19650.0
832,2019-10-28,19300.0,,,19200.0
833,2019-10-28,19200.0,,,19600.0
834,2019-10-28,19300.0,,,19300.0
835,2019-10-29,19850.0,,,19650.0
836,2019-10-29,19650.0,,,19600.0
837,2019-10-29,19650.0,,,19550.0
838,2019-10-29,19550.0,,,19400.0
839,2019-10-30,19750.0,,,19250.0
840,2019-10-30,19250.0,,,19200.0
841,2019-10-30,19150.0,,,19150.0
842,2019-10-30,19150.0,,,19100.0
843,2019-10-31,19350.0,,,19100.0
844,2019-10-31,19100.0,,,19350.0
845,2019-10-31,19350.0,,,19250.0
846,2019-10-31,19250.0,,,19200.0
847,2019-11-01,19800.0,,,19800.0
848,2019-11-01,19400.0,,,19750.0
849,2019-11-01,19200.0,,,19250.0
850,2019-11-01,19300.0,,,19400.0
851,2019-11-04,20200.0,,,20250.0
852,2019-11-04,20250.0,,,20300.0
853,2019-11-04,20250.0,,,19950.0
854,2019-11-04,19950.0,,,19800.0
855,2019-11-05,20000.0,,,20950.0
856,2019-11-05,20900.0,,,21650.0
857,2019-11-05,21650.0,,,23100.0
858,2019-11-05,23100.0,,,23200.0
859,2019-11-06,21800.0,,,21700.0
860,2019-11-06,22900.0,,,22150.0
861,2019-11-06,22200.0,,,21900.0
862,2019-11-06,21900.0,,,21800.0
863,2019-11-07,21850.0,,,21650.0
864,2019-11-07,21650.0,,,21650.0
865,2019-11-07,21650.0,,,21400.0
866,2019-11-07,21400.0,,,21500.0
867,2019-11-08,21050.0,,,21100.0
868,2019-11-08,21900.0,,,21700.0
869,2019-11-08,21700.0,,,21500.0
870,2019-11-08,21500.0,,,21000.0
871,2019-11-11,21100.0,,,21500.0
872,2019-11-11,21450.0,,,21150.0
873,2019-11-11,21200.0,,,21200.0
874,2019-11-11,21200.0,,,21350.0
875,2019-11-12,21350.0,,,21150.0
876,2019-11-12,21150.0,,,20950.0
877,2019-11-12,20950.0,,,20850.0
878,2019-11-12,20850.0,,,20900.0
879,2019-11-13,20900.0,,,20300.0
880,2019-11-13,20350.0,,,20350.0
881,2019-11-13,20350.0,,,20350.0
882,2019-11-13,20350.0,,,20250.0
883,2019-11-14,20850.0,,,20950.0
884,2019-11-14,20700.0,,,20850.0
885,2019-11-14,20450.0,,,20600.0
886,2019-11-14,20600.0,,,20700.0
887,2019-11-15,21050.0,,,21200.0
888,2019-11-15,21200.0,,,21350.0
889,2019-11-15,20950.0,,,21050.0
890,2019-11-15,21200.0,,,21200.0
891,2019-11-18,21300.0,,,20950.0
892,2019-11-18,20950.0,,,20850.0
893,2019-11-18,20850.0,,,20700.0
894,2019-11-18,20750.0,,,20850.0
895,2019-11-19,20950.0,,,21250.0
896,2019-11-19,21100.0,,,20750.0
897,2019-11-19,20750.0,,,20700.0
898,2019-11-19,21250.0,,,21100.0
899,2019-11-20,20550.0,,,20100.0
900,2019-11-20,20050.0,,,19500.0
901,2019-11-20,19500.0,,,19300.0
902,2019-11-20,19300.0,,,19300.0
903,2019-11-21,18150.0,,,18000.0
904,2019-11-21,18350.0,,,18600.0
905,2019-11-21,18600.0,,,18200.0
906,2019-11-21,19400.0,,,18400.0
907,2019-11-22,18050.0,,,18100.0
908,2019-11-22,18050.0,,,17850.0
909,2019-11-22,17850.0,,,17950.0
910,2019-11-22,18000.0,,,17900.0
911,2019-11-25,18200.0,,,18400.0
912,2019-11-25,18400.0,,,18500.0
913,2019-11-25,18500.0,,,18600.0
914,2019-11-25,18500.0,,,18750.0
915,2019-11-26,18950.0,,,19550.0
916,2019-11-26,19550.0,,,19500.0
917,2019-11-26,19500.0,,,19350.0
918,2019-11-26,19350.0,,,19400.0
919,2019-11-27,18950.0,,,18800.0
920,2019-11-27,19000.0,,,18950.0
921,2019-11-27,19300.0,,,18850.0
922,2019-11-27,18850.0,,,19050.0
923,2019-11-28,18900.0,,,18750.0
924,2019-11-28,18750.0,,,19000.0
925,2019-11-28,18950.0,,,18700.0
926,2019-11-28,18700.0,,,18700.0
927,2019-11-29,18600.0,,,18000.0
928,2019-11-29,18000.0,,,18050.0
929,2019-11-29,18000.0,,,18000.0
930,2019-11-29,17950.0,,,17950.0
931,2019-12-02,18650.0,,,18800.0
932,2019-12-02,18050.0,,,18150.0
933,2019-12-02,18150.0,,,18150.0
934,2019-12-02,18200.0,,,18650.0
935,2019-12-03,18450.0,,,18350.0
936,2019-12-03,18350.0,,,18400.0
937,2019-12-03,18400.0,,,18250.0
938,2019-12-03,18250.0,,,18100.0
939,2019-12-04,18050.0,,,17950.0
940,2019-12-04,17850.0,,,18200.0
941,2019-12-04,18250.0,,,18200.0
942,2019-12-04,18200.0,,,18050.0
943,2019-12-05,18100.0,,,17850.0
944,2019-12-05,17850.0,,,17450.0
945,2019-12-05,17450.0,,,17500.0
946,2019-12-05,17500.0,,,17550.0
947,2019-12-06,17600.0,,,17750.0
948,2019-12-06,17750.0,,,18050.0
949,2019-12-06,18100.0,,,18050.0
950,2019-12-06,18050.0,,,18100.0
951,2019-12-09,18200.0,,,18400.0
952,2019-12-09,18400.0,,,18300.0
953,2019-12-09,18250.0,,,18600.0
954,2019-12-09,18600.0,,,18550.0
955,2019-12-10,19300.0,,,19800.0
956,2019-12-10,19800.0,,,19700.0
957,2019-12-10,18550.0,,,19150.0
958,2019-12-10,19200.0,,,19300.0
959,2019-12-11,19500.0,,,19750.0
960,2019-12-11,19750.0,,,19650.0
961,2019-12-11,19600.0,,,19600.0
962,2019-12-11,19650.0,,,19500.0
963,2019-12-12,19700.0,,,19950.0
964,2019-12-12,20000.0,,,19850.0
965,2019-12-12,19850.0,,,19950.0
966,2019-12-12,19900.0,,,19800.0
967,2019-12-13,19950.0,,,19850.0
968,2019-12-13,20250.0,,,20300.0
969,2019-12-13,20300.0,,,20400.0
970,2019-12-13,20400.0,,,19950.0
971,2019-12-16,20200.0,,,20300.0
972,2019-12-16,20300.0,,,20350.0
973,2019-12-16,20350.0,,,20350.0
974,2019-12-16,20400.0,,,20400.0
975,2019-12-17,20850.0,,,20900.0
976,2019-12-17,20450.0,,,20350.0
977,2019-12-17,20350.0,,,20700.0
978,2019-12-17,20650.0,,,20850.0
979,2019-12-18,21100.0,,,20700.0
980,2019-12-18,20700.0,,,20800.0
981,2019-12-18,20750.0,,,20950.0
982,2019-12-18,20950.0,,,20850.0
983,2019-12-19,21050.0,,,20650.0
984,2019-12-19,20700.0,,,20250.0
985,2019-12-19,20250.0,,,19950.0
986,2019-12-19,19900.0,,,19850.0
987,2019-12-20,19800.0,,,19500.0
988,2019-12-20,19500.0,,,19400.0
989,2019-12-20,19400.0,,,19500.0
990,2019-12-20,19500.0,,,19500.0
991,2019-12-23,20050.0,,,20400.0
992,2019-12-23,20350.0,,,20600.0
993,2019-12-23,19750.0,,,20000.0
994,2019-12-23,19950.0,,,20050.0
995,2019-12-24,20550.0,,,20700.0
996,2019-12-24,20700.0,,,20500.0
997,2019-12-24,20500.0,,,20400.0
998,2019-12-24,20500.0,,,20500.0
999,2019-12-26,20500.0,,,21000.0
1000,2019-12-26,20950.0,,,21350.0
1001,2019-12-26,21350.0,,,21550.0
1002,2019-12-26,21600.0,,,21650.0
1003,2019-12-27,22200.0,,,22150.0
1004,2019-12-27,21900.0,,,22050.0
1005,2019-12-27,22050.0,,,22150.0
1006,2019-12-27,21750.0,,,21850.0
1007,2019-12-30,22750.0,,,23250.0
1008,2019-12-30,23250.0,,,24100.0
1009,2019-12-30,24100.0,,,24050.0
1010,2019-12-30,24050.0,,,24150.0
1011,2020-01-02,24300.0,,,24400.0
1012,2020-01-02,23950.0,,,24300.0
1013,2020-01-02,24550.0,,,23900.0
1014,2020-01-03,24350.0,,,23550.0
1015,2020-01-03,23500.0,,,23800.0
1016,2020-01-03,23750.0,,,23750.0
1017,2020-01-03,23700.0,,,23750.0
1018,2020-01-06,22900.0,,,22800.0
1019,2020-01-06,22750.0,,,22400.0
1020,2020-01-06,22400.0,,,22350.0
1021,2020-01-06,22350.0,,,22150.0
1022,2020-01-07,22300.0,,,22300.0
1023,2020-01-07,22600.0,,,22050.0
1024,2020-01-07,22050.0,,,22250.0
1025,2020-01-07,22200.0,,,22350.0
1026,2020-01-08,21800.0,,,21550.0
1027,2020-01-08,21500.0,,,22050.0
1028,2020-01-08,22050.0,,,21750.0
1029,2020-01-08,21750.0,,,21800.0
1030,2020-01-09,22050.0,,,21800.0
1031,2020-01-09,21750.0,,,21900.0
1032,2020-01-09,22650.0,,,22300.0
1033,2020-01-09,22250.0,,,22050.0
1034,2020-01-10,22250.0,,,22150.0
1035,2020-01-10,22150.0,,,22100.0
1036,2020-01-10,22100.0,,,22200.0
1037,2020-01-10,22300.0,,,22250.0
1038,2020-01-13,22450.0,,,21900.0
1039,2020-01-13,21900.0,,,21800.0
1040,2020-01-13,21800.0,,,21800.0
1041,2020-01-13,21750.0,,,22000.0
1042,2020-01-14,21800.0,,,21800.0
1043,2020-01-14,22350.0,,,22000.0
1044,2020-01-14,22000.0,,,21800.0
1045,2020-01-14,22300.0,,,22400.0
1046,2020-01-15,21850.0,,,20850.0
1047,2020-01-15,20850.0,,,20750.0
1048,2020-01-15,20750.0,,,20750.0
1049,2020-01-15,20700.0,,,20600.0
1050,2020-01-16,20650.0,,,20850.0
1051,2020-01-16,20550.0,,,20700.0
1052,2020-01-16,20450.0,,,20900.0
1053,2020-01-16,20850.0,,,20600.0
1054,2020-01-17,20700.0,,,20300.0
1055,2020-01-17,20300.0,,,20350.0
1056,2020-01-17,20350.0,,,20200.0
1057,2020-01-17,20250.0,,,20250.0
1058,2020-01-20,20200.0,,,20350.0
1059,2020-01-20,20350.0,,,20350.0
1060,2020-01-20,20300.0,,,21150.0
1061,2020-01-20,21200.0,,,21200.0
1062,2020-01-21,20050.0,,,20000.0
1063,2020-01-21,20950.0,,,20550.0
1064,2020-01-21,20550.0,,,20400.0
1065,2020-01-21,20400.0,,,20050.0
1066,2020-01-22,20050.0,,,20450.0
1067,2020-01-22,20500.0,,,20300.0
1068,2020-01-22,20250.0,,,20150.0
1069,2020-01-22,20200.0,,,20250.0
1070,2020-01-23,19750.0,,,19650.0
1071,2020-01-23,20250.0,,,19950.0
1072,2020-01-23,19950.0,,,19800.0
1073,2020-01-23,19800.0,,,19750.0
1074,2020-01-28,18400.0,,,20150.0
1075,2020-01-28,20150.0,,,19800.0
1076,2020-01-28,19750.0,,,19650.0
1077,2020-01-28,19600.0,,,19250.0
1078,2020-01-29,19500.0,,,19150.0
1079,2020-01-29,19150.0,,,19300.0
1080,2020-01-29,19300.0,,,19300.0
1081,2020-01-29,19300.0,,,19250.0
1082,2020-01-30,18200.0,,,18250.0
1083,2020-01-30,19100.0,,,18550.0
1084,2020-01-30,18500.0,,,18450.0
1085,2020-01-30,18450.0,,,18250.0
1086,2020-01-31,18300.0,,,18250.0
1087,2020-01-31,18250.0,,,17950.0
1088,2020-01-31,18000.0,,,17800.0
1089,2020-01-31,17800.0,,,17650.0
1090,2020-02-03,18350.0,,,18400.0
1091,2020-02-03,17050.0,,,18150.0
1092,2020-02-03,18150.0,,,18300.0
1093,2020-02-03,18250.0,,,18350.0
1094,2020-02-04,18250.0,,,18900.0
1095,2020-02-04,18900.0,,,18700.0
1096,2020-02-04,18700.0,,,18750.0
1097,2020-02-04,18800.0,,,18900.0
1098,2020-02-05,19100.0,,,18850.0
1099,2020-02-05,18800.0,,,18800.0
1100,2020-02-05,18750.0,,,18550.0
1101,2020-02-05,18550.0,,,18550.0
1102,2020-02-06,18950.0,,,19050.0
1103,2020-02-06,19050.0,,,19200.0
1104,2020-02-06,19200.0,,,19300.0
1105,2020-02-06,19300.0,,,19350.0
1106,2020-02-07,19100.0,,,19200.0
1107,2020-02-07,19350.0,,,19050.0
1108,2020-02-07,19100.0,,,19100.0
1109,2020-02-07,19150.0,,,19050.0
1110,2020-02-10,19150.0,,,19150.0
1111,2020-02-10,19050.0,,,19150.0
1112,2020-02-10,18900.0,,,19150.0
1113,2020-02-10,19100.0,,,19100.0
1114,2020-02-11,19300.0,,,19350.0
1115,2020-02-11,19350.0,,,19250.0
1116,2020-02-11,19250.0,,,19200.0
1117,2020-02-11,19200.0,,,19250.0
1118,2020-02-12,19300.0,,,19000.0
1119,2020-02-12,19100.0,,,18950.0
1120,2020-02-12,18950.0,,,19000.0
1121,2020-02-12,18950.0,,,19050.0
1122,2020-02-13,19450.0,,,19100.0
1123,2020-02-13,19100.0,,,18900.0
1124,2020-02-13,18950.0,,,18950.0
1125,2020-02-13,18950.0,,,18950.0
1126,2020-02-14,19100.0,,,18950.0
1127,2020-02-14,19050.0,,,18850.0
1128,2020-02-14,18850.0,,,19100.0
1129,2020-02-14,18900.0,,,19050.0
1130,2020-02-17,19000.0,,,18600.0
1131,2020-02-17,18600.0,,,18500.0
1132,2020-02-17,18500.0,,,18350.0
1133,2020-02-17,18350.0,,,18350.0
1134,2020-02-18,18300.0,,,18400.0
1135,2020-02-18,18400.0,,,18400.0
1136,2020-02-18,18350.0,,,18200.0
1137,2020-02-18,18150.0,,,18250.0
1138,2020-02-19,18250.0,,,18050.0
1139,2020-02-19,18000.0,,,18350.0
1140,2020-02-19,18350.0,,,18400.0
1141,2020-02-19,18400.0,,,18450.0
1142,2020-02-20,19150.0,,,19150.0
1143,2020-02-20,19050.0,,,19150.0
1144,2020-02-20,18600.0,,,19000.0
1145,2020-02-20,19000.0,,,19050.0
1146,2020-02-21,18800.0,,,18450.0
1147,2020-02-21,18450.0,,,18300.0
1148,2020-02-21,18350.0,,,17950.0
1149,2020-02-21,17950.0,,,17900.0
1150,2020-02-24,17200.0,,,16800.0
1151,2020-02-24,16850.0,,,16900.0
1152,2020-02-24,16900.0,,,16500.0
1153,2020-02-24,16450.0,,,16400.0
1154,2020-02-25,17100.0,,,17200.0
1155,2020-02-25,16200.0,,,16700.0
1156,2020-02-25,16700.0,,,16850.0
1157,2020-02-25,16850.0,,,17100.0
1158,2020-02-26,16650.0,,,17100.0
1159,2020-02-26,17100.0,,,17600.0
1160,2020-02-26,17600.0,,,17750.0
1161,2020-02-26,17750.0,,,17800.0
1162,2020-02-27,18150.0,,,17950.0
1163,2020-02-27,18250.0,,,18200.0
1164,2020-02-27,18200.0,,,18400.0
1165,2020-02-27,18400.0,,,18150.0
1166,2020-02-28,17550.0,,,18150.0
1167,2020-02-28,18150.0,,,17700.0
1168,2020-02-28,17800.0,,,17400.0
1169,2020-02-28,17450.0,,,17350.0
1170,2020-03-02,17550.0,,,17900.0
1171,2020-03-02,17850.0,,,18150.0
1172,2020-03-02,18200.0,,,18300.0
1173,2020-03-02,18300.0,,,18400.0
1174,2020-03-03,18750.0,,,18650.0
1175,2020-03-03,18650.0,,,18750.0
1176,2020-03-03,18750.0,,,18650.0
1177,2020-03-03,18650.0,,,18600.0
1178,2020-03-04,18650.0,,,18950.0
1179,2020-03-04,18900.0,,,18900.0
1180,2020-03-04,18900.0,,,19000.0
1181,2020-03-04,19000.0,,,19050.0
1182,2020-03-05,20350.0,,,20100.0
1183,2020-03-05,19600.0,,,20150.0
1184,2020-03-05,20150.0,,,20000.0
1185,2020-03-05,20000.0,,,20350.0
1186,2020-03-06,20250.0,,,20100.0
1187,2020-03-06,20100.0,,,20200.0
1188,2020-03-06,20150.0,,,20500.0
1189,2020-03-06,19950.0,,,20200.0
1190,2020-03-09,20050.0,,,19700.0
1191,2020-03-09,19750.0,,,19600.0
1192,2020-03-09,19600.0,,,19400.0
1193,2020-03-09,19350.0,,,19250.0
1194,2020-03-10,20350.0,,,20350.0
1195,2020-03-10,19350.0,,,19450.0
1196,2020-03-10,19400.0,,,20350.0
1197,2020-03-10,18900.0,,,19300.0
1198,2020-03-11,20150.0,,,17650.0
1199,2020-03-11,17650.0,,,17550.0
1200,2020-03-11,17550.0,,,17250.0
1201,2020-03-11,17250.0,,,17050.0
1202,2020-03-12,16050.0,,,16200.0
1203,2020-03-12,15700.0,,,16050.0
1204,2020-03-12,16850.0,,,16400.0
1205,2020-03-12,16350.0,,,15750.0
1206,2020-03-13,14700.0,,,13500.0
1207,2020-03-13,13400.0,,,13300.0
1208,2020-03-13,13300.0,,,14950.0
1209,2020-03-13,14950.0,,,14600.0
1210,2020-03-16,15100.0,,,15150.0
1211,2020-03-16,15100.0,,,14950.0
1212,2020-03-16,15000.0,,,14300.0
1213,2020-03-16,14350.0,,,13750.0
1214,2020-03-17,14500.0,,,14750.0
1215,2020-03-17,12600.0,,,14250.0
1216,2020-03-17,14250.0,,,14450.0
1217,2020-03-17,14400.0,,,14500.0
1218,2020-03-18,15700.0,,,15350.0
1219,2020-03-18,15350.0,,,15500.0
1220,2020-03-18,15500.0,,,14300.0
1221,2020-03-18,14250.0,,,14000.0
1222,2020-03-19,12450.0,,,13000.0
1223,2020-03-19,14700.0,,,13950.0
1224,2020-03-19,13950.0,,,13350.0
1225,2020-03-19,13400.0,,,12500.0
1226,2020-03-20,13500.0,,,13500.0
1227,2020-03-20,13450.0,,,13650.0
1228,2020-03-20,13650.0,,,14200.0
1229,2020-03-20,14250.0,,,14200.0
1230,2020-03-23,13300.0,,,13850.0
1231,2020-03-23,13850.0,,,13700.0
1232,2020-03-23,13700.0,,,13050.0
1233,2020-03-23,13100.0,,,13050.0
1234,2020-03-24,14300.0,,,14350.0
1235,2020-03-24,13500.0,,,13950.0
1236,2020-03-24,13950.0,,,13650.0
1237,2020-03-24,13650.0,,,14300.0
1238,2020-03-25,14850.0,,,14550.0
1239,2020-03-25,14550.0,,,14500.0
1240,2020-03-25,14500.0,,,14450.0
1241,2020-03-25,14450.0,,,14600.0
1242,2020-03-26,15150.0,,,14800.0
1243,2020-03-26,14800.0,,,14850.0
1244,2020-03-26,14850.0,,,15800.0
1245,2020-03-26,15800.0,,,15150.0
1246,2020-03-27,15500.0,,,15100.0
1247,2020-03-27,15150.0,,,15300.0
1248,2020-03-27,15300.0,,,14900.0
1249,2020-03-27,14950.0,,,15000.0
1250,2020-03-30,14750.0,,,15250.0
1251,2020-03-30,15300.0,,,15250.0
1252,2020-03-30,15250.0,,,15600.0
1253,2020-03-30,15600.0,,,15700.0
1254,2020-03-31,16200.0,,,16500.0
1255,2020-03-31,16500.0,,,16500.0
1256,2020-03-31,16500.0,,,16450.0
1257,2020-03-31,16450.0,,,16900.0
1258,2020-04-01,16750.0,,,16050.0
1259,2020-04-01,17250.0,,,17000.0
1260,2020-04-01,17000.0,,,16650.0
1261,2020-04-01,16650.0,,,16750.0
1262,2020-04-02,16700.0,,,16600.0
1263,2020-04-02,16700.0,,,16900.0
1264,2020-04-02,16200.0,,,16700.0
1265,2020-04-02,16600.0,,,16700.0
1266,2020-04-03,17200.0,,,17100.0
1267,2020-04-03,17100.0,,,16850.0
1268,2020-04-03,16850.0,,,16800.0
1269,2020-04-03,16850.0,,,16800.0
1270,2020-04-06,17050.0,,,17900.0
1271,2020-04-06,17850.0,,,17950.0
1272,2020-04-06,17950.0,,,17950.0
1273,2020-04-06,17900.0,,,17850.0
1274,2020-04-07,18150.0,,,17600.0
1275,2020-04-07,17600.0,,,17550.0
1276,2020-04-07,17600.0,,,17950.0
1277,2020-04-07,17900.0,,,17950.0
1278,2020-04-08,17850.0,,,17550.0
1279,2020-04-08,17700.0,,,17650.0
1280,2020-04-08,17650.0,,,17850.0
1281,2020-04-08,17950.0,,,17700.0
1282,2020-04-09,17800.0,,,17300.0
1283,2020-04-09,17300.0,,,17400.0
1284,2020-04-09,17400.0,,,17300.0
1285,2020-04-09,17300.0,,,17400.0
1286,2020-04-10,17650.0,,,17900.0
1287,2020-04-10,17850.0,,,17750.0
1288,2020-04-10,17700.0,,,17800.0
1289,2020-04-10,17850.0,,,17900.0
1290,2020-04-13,18100.0,,,18000.0
1291,2020-04-13,18000.0,,,17850.0
1292,2020-04-13,17800.0,,,18150.0
1293,2020-04-13,18100.0,,,17650.0
1294,2020-04-14,17950.0,,,18000.0
1295,2020-04-14,17850.0,,,17900.0
1296,2020-04-14,18100.0,,,18050.0
1297,2020-04-14,18050.0,,,17900.0
1298,2020-04-16,17950.0,,,18100.0
1299,2020-04-16,18100.0,,,18000.0
1300,2020-04-16,18000.0,,,18400.0
1301,2020-04-16,18350.0,,,18400.0
1302,2020-04-17,18500.0,,,18300.0
1303,2020-04-17,18300.0,,,18200.0
1304,2020-04-17,18200.0,,,18200.0
1305,2020-04-17,18200.0,,,18150.0
1306,2020-04-20,18050.0,,,18100.0
1307,2020-04-20,18250.0,,,18100.0
1308,2020-04-20,18150.0,,,18100.0
1309,2020-04-20,18150.0,,,18050.0
1310,2020-04-21,18000.0,,,17400.0
1311,2020-04-21,17400.0,,,17300.0
1312,2020-04-21,17300.0,,,17350.0
1313,2020-04-21,17350.0,,,17400.0
1314,2020-04-22,18050.0,,,18150.0
1315,2020-04-22,17150.0,,,17450.0
1316,2020-04-22,17450.0,,,17500.0
1317,2020-04-22,17450.0,,,18050.0
1318,2020-04-23,18250.0,,,18050.0
1319,2020-04-23,18050.0,,,17950.0
1320,2020-04-23,17900.0,,,18000.0
1321,2020-04-23,18000.0,,,18000.0
1322,2020-04-24,17900.0,,,18150.0
1323,2020-04-24,18150.0,,,18200.0
1324,2020-04-24,18200.0,,,17950.0
1325,2020-04-24,17950.0,,,18000.0
1326,2020-04-27,18300.0,,,18350.0
1327,2020-04-27,18350.0,,,18500.0
1328,2020-04-27,18500.0,,,18500.0
1329,2020-04-27,18450.0,,,18750.0
1330,2020-04-28,18750.0,,,18850.0
1331,2020-04-28,19300.0,,,18550.0
1332,2020-04-28,18550.0,,,19050.0
1333,2020-04-28,19100.0,,,18800.0
1334,2020-04-29,18350.0,,,18250.0
1335,2020-04-29,18300.0,,,18200.0
1336,2020-04-29,18700.0,,,18350.0
1337,2020-04-29,18250.0,,,18300.0
1338,2020-05-04,18000.0,,,18400.0
1339,2020-05-04,18400.0,,,18950.0
1340,2020-05-04,18950.0,,,19250.0
1341,2020-05-04,19200.0,,,19200.0
1342,2020-05-06,19350.0,,,20500.0
1343,2020-05-06,20500.0,,,20350.0
1344,2020-05-06,20350.0,,,20550.0
1345,2020-05-06,20550.0,,,20700.0
1346,2020-05-07,20650.0,,,19950.0
1347,2020-05-07,20000.0,,,20050.0
1348,2020-05-07,20050.0,,,20000.0
1349,2020-05-07,20000.0,,,20100.0
1350,2020-05-08,20050.0,,,20100.0
1351,2020-05-08,19750.0,,,20050.0
1352,2020-05-08,19900.0,,,19800.0
1353,2020-05-08,20000.0,,,19900.0
1354,2020-05-11,20150.0,,,19800.0
1355,2020-05-11,19800.0,,,19850.0
1356,2020-05-11,19850.0,,,19600.0
1357,2020-05-11,19550.0,,,19450.0
1358,2020-05-12,19600.0,,,19800.0
1359,2020-05-12,19750.0,,,19800.0
1360,2020-05-12,19800.0,,,20150.0
1361,2020-05-12,20150.0,,,20200.0
1362,2020-05-13,20100.0,,,20100.0
1363,2020-05-13,20150.0,,,20050.0
1364,2020-05-13,20050.0,,,20100.0
1365,2020-05-13,20100.0,,,20100.0
1366,2020-05-14,19250.0,,,19300.0
1367,2020-05-14,19300.0,,,19300.0
1368,2020-05-14,19900.0,,,19400.0
1369,2020-05-14,19350.0,,,19300.0
1370,2020-05-15,19650.0,,,19550.0
1371,2020-05-15,19550.0,,,19350.0
1372,2020-05-15,19350.0,,,19150.0
1373,2020-05-15,19150.0,,,19300.0
1374,2020-05-18,19300.0,,,18750.0
1375,2020-05-18,18800.0,,,18550.0
1376,2020-05-18,18500.0,,,18450.0
1377,2020-05-18,18450.0,,,18250.0
1378,2020-05-19,18450.0,,,18250.0
1379,2020-05-19,18250.0,,,18350.0
1380,2020-05-19,18300.0,,,18400.0
1381,2020-05-19,18400.0,,,18300.0
1382,2020-05-20,18350.0,,,18900.0
1383,2020-05-20,18950.0,,,18950.0
1384,2020-05-20,18400.0,,,18300.0
1385,2020-05-20,18300.0,,,18350.0
1386,2020-05-21,19000.0,,,18650.0
1387,2020-05-21,18650.0,,,18650.0
1388,2020-05-21,18650.0,,,18550.0
1389,2020-05-21,18550.0,,,18550.0
1390,2020-05-22,18550.0,,,19150.0
1391,2020-05-22,19150.0,,,18550.0
1392,2020-05-22,18550.0,,,18400.0
1393,2020-05-22,18400.0,,,18550.0
1394,2020-05-25,18350.0,,,18400.0
1395,2020-05-25,18700.0,,,18500.0
1396,2020-05-25,18500.0,,,18450.0
1397,2020-05-25,18450.0,,,18350.0
1398,2020-05-26,18400.0,,,18250.0
1399,2020-05-26,18250.0,,,18350.0
1400,2020-05-26,18350.0,,,18500.0
1401,2020-05-26,18550.0,,,18500.0
1402,2020-05-27,18200.0,,,18200.0
1403,2020-05-27,18450.0,,,18200.0
1404,2020-05-27,18550.0,,,18550.0
1405,2020-05-27,18500.0,,,18450.0
1406,2020-05-28,18300.0,,,18500.0
1407,2020-05-28,18200.0,,,18200.0
1408,2020-05-28,18250.0,,,18350.0
1409,2020-05-28,18500.0,,,18200.0
1410,2020-05-29,18250.0,,,18000.0
1411,2020-05-29,18000.0,,,17900.0
1412,2020-05-29,17900.0,,,18200.0
1413,2020-05-29,18200.0,,,18300.0
1414,2020-06-01,18550.0,,,19550.0
1415,2020-06-01,19850.0,,,20450.0
1416,2020-06-01,20500.0,,,20650.0
1417,2020-06-01,19550.0,,,19850.0
1418,2020-06-02,20650.0,,,20300.0
1419,2020-06-02,20300.0,,,20600.0
1420,2020-06-02,20600.0,,,21050.0
1421,2020-06-02,21050.0,,,21050.0
1422,2020-06-03,20850.0,,,20700.0
1423,2020-06-03,20450.0,,,20850.0
1424,2020-06-03,20800.0,,,20850.0
1425,2020-06-03,21400.0,,,20450.0
1426,2020-06-04,21650.0,,,21600.0
1427,2020-06-04,21650.0,,,21350.0
1428,2020-06-04,21350.0,,,20850.0
1429,2020-06-04,20850.0,,,20800.0
1430,2020-06-05,20950.0,,,20550.0
1431,2020-06-05,20500.0,,,20950.0
1432,2020-06-05,20950.0,,,21600.0
1433,2020-06-05,21600.0,,,21750.0
1434,2020-06-08,22000.0,,,21400.0
1435,2020-06-08,21400.0,,,21600.0
1436,2020-06-08,21600.0,,,21750.0
1437,2020-06-08,21750.0,,,22150.0
1438,2020-06-09,22250.0,,,22350.0
1439,2020-06-09,22150.0,,,22250.0
1440,2020-06-09,22300.0,,,22500.0
1441,2020-06-09,22450.0,,,22150.0
1442,2020-06-10,23900.0,,,27900.0
1443,2020-06-10,27950.0,,,27150.0
1444,2020-06-10,27150.0,,,28900.0
1445,2020-06-10,28950.0,,,29050.0
1446,2020-06-11,29150.0,,,29100.0
1447,2020-06-11,29150.0,,,29100.0
1448,2020-06-11,29100.0,,,29100.0
1449,2020-06-11,29200.0,,,29750.0
1450,2020-06-12,29300.0,,,29450.0
1451,2020-06-12,28150.0,,,29200.0
1452,2020-06-12,29200.0,,,29050.0
1453,2020-06-12,29050.0,,,29350.0
1454,2020-06-15,31300.0,,,29900.0
1455,2020-06-15,29950.0,,,29500.0
1456,2020-06-15,29550.0,,,27350.0
1457,2020-06-15,27350.0,,,26050.0
1458,2020-06-16,33500.0,,,33200.0
1459,2020-06-16,28950.0,,,29950.0
1460,2020-06-16,29950.0,,,32400.0
1461,2020-06-16,32400.0,,,33450.0
1462,2020-06-17,32700.0,,,31300.0
1463,2020-06-17,31300.0,,,31100.0
1464,2020-06-17,31100.0,,,31300.0
1465,2020-06-17,31300.0,,,32200.0
1466,2020-06-18,31850.0,,,37700.0
1467,2020-06-18,37700.0,,,37200.0
1468,2020-06-18,37200.0,,,35150.0
1469,2020-06-18,35100.0,,,35000.0
1470,2020-06-19,36300.0,,,35250.0
1471,2020-06-19,35250.0,,,35100.0
1472,2020-06-19,35100.0,,,34900.0
1473,2020-06-19,34900.0,,,34750.0
1474,2020-06-22,36600.0,,,36750.0
1475,2020-06-22,36150.0,,,36650.0
1476,2020-06-22,35850.0,,,36150.0
1477,2020-06-22,35150.0,,,35850.0
1478,2020-06-23,36700.0,,,36650.0
1479,2020-06-23,37400.0,,,36150.0
1480,2020-06-23,36150.0,,,36950.0
1481,2020-06-23,36950.0,,,36750.0
1482,2020-06-24,34850.0,,,34350.0
1483,2020-06-24,33900.0,,,33100.0
1484,2020-06-24,35850.0,,,34850.0
1485,2020-06-24,34350.0,,,33900.0
1486,2020-06-25,32800.0,,,33150.0
1487,2020-06-25,33150.0,,,34850.0
1488,2020-06-25,34850.0,,,33900.0
1489,2020-06-25,33950.0,,,33700.0
1490,2020-06-26,33900.0,,,31800.0
1491,2020-06-26,31800.0,,,31950.0
1492,2020-06-26,31900.0,,,31850.0
1493,2020-06-26,31850.0,,,31950.0
1494,2020-06-29,31550.0,,,32000.0
1495,2020-06-29,32000.0,,,31200.0
1496,2020-06-29,31150.0,,,30800.0
1497,2020-06-29,30800.0,,,30900.0
1498,2020-06-30,30750.0,,,31000.0
1499,2020-06-30,30500.0,,,30750.0
1500,2020-06-30,29600.0,,,30500.0
1501,2020-06-30,31400.0,,,29600.0
1502,2020-07-01,31500.0,,,30150.0
1503,2020-07-01,30150.0,,,30000.0
1504,2020-07-01,30000.0,,,29750.0
1505,2020-07-01,29750.0,,,29500.0
1506,2020-07-02,30400.0,,,29600.0
1507,2020-07-02,29600.0,,,29650.0
1508,2020-07-02,29650.0,,,29400.0
1509,2020-07-02,29450.0,,,29500.0
1510,2020-07-03,29800.0,,,29900.0
1511,2020-07-03,29750.0,,,28750.0
1512,2020-07-03,28800.0,,,29700.0
1513,2020-07-03,29700.0,,,29800.0
1514,2020-07-06,28700.0,,,28550.0
1515,2020-07-06,28950.0,,,28750.0
1516,2020-07-06,29950.0,,,29000.0
1517,2020-07-06,29000.0,,,28950.0
1518,2020-07-07,28500.0,,,28350.0
1519,2020-07-07,28300.0,,,28750.0
1520,2020-07-07,28750.0,,,29800.0
1521,2020-07-07,29800.0,,,29450.0
1522,2020-07-08,29350.0,,,29000.0
1523,2020-07-08,29000.0,,,28850.0
1524,2020-07-08,28850.0,,,28950.0
1525,2020-07-08,29000.0,,,28650.0
1526,2020-07-09,28500.0,,,28450.0
1527,2020-07-09,28400.0,,,27850.0
1528,2020-07-09,27850.0,,,27600.0
1529,2020-07-09,27600.0,,,27550.0
1530,2020-07-10,27850.0,,,27700.0
1531,2020-07-10,27700.0,,,28000.0
1532,2020-07-10,27550.0,,,27700.0
1533,2020-07-10,27700.0,,,27900.0
1534,2020-07-13,27950.0,,,27150.0
1535,2020-07-13,27100.0,,,26800.0
1536,2020-07-13,26800.0,,,26750.0
1537,2020-07-13,26700.0,,,26800.0
1538,2020-07-14,27150.0,,,26850.0
1539,2020-07-14,26850.0,,,26800.0
1540,2020-07-14,26800.0,,,27700.0
1541,2020-07-14,27550.0,,,27600.0
1542,2020-07-15,29300.0,,,29500.0
1543,2020-07-15,28000.0,,,27650.0
1544,2020-07-15,27650.0,,,28250.0
1545,2020-07-15,28250.0,,,29350.0
1546,2020-07-16,29200.0,,,29350.0
1547,2020-07-16,29400.0,,,29050.0
1548,2020-07-16,29050.0,,,28550.0
1549,2020-07-16,28550.0,,,28600.0
1550,2020-07-17,29150.0,,,29050.0
1551,2020-07-17,28700.0,,,29150.0
1552,2020-07-17,28800.0,,,28700.0
1553,2020-07-17,28750.0,,,28700.0
1554,2020-07-20,29050.0,,,29000.0
1555,2020-07-20,29000.0,,,28800.0
1556,2020-07-20,29150.0,,,29000.0
1557,2020-07-20,29000.0,,,29000.0
1558,2020-07-21,28850.0,,,31000.0
1559,2020-07-21,31050.0,,,30500.0
1560,2020-07-21,30500.0,,,30350.0
1561,2020-07-21,30350.0,,,30600.0
1562,2020-07-22,30600.0,,,30100.0
1563,2020-07-22,30600.0,,,31800.0
1564,2020-07-22,31800.0,,,31700.0
1565,2020-07-22,30100.0,,,30550.0
1566,2020-07-23,31900.0,,,32150.0
1567,2020-07-23,32150.0,,,31850.0
1568,2020-07-23,31850.0,,,31750.0
1569,2020-07-23,31750.0,,,31800.0
1570,2020-07-24,31950.0,,,31650.0
1571,2020-07-24,33100.0,,,31850.0
1572,2020-07-24,31800.0,,,31950.0
1573,2020-07-24,31550.0,,,33100.0
1574,2020-07-27,31400.0,,,31950.0
1575,2020-07-27,31900.0,,,32000.0
1576,2020-07-27,32050.0,,,31600.0
1577,2020-07-27,31600.0,,,31600.0
1578,2020-07-28,32000.0,,,32450.0
1579,2020-07-28,32400.0,,,32700.0
1580,2020-07-28,32700.0,,,32800.0
1581,2020-07-28,32800.0,,,32850.0
1582,2020-07-29,32850.0,,,32100.0
1583,2020-07-29,32100.0,,,31800.0
1584,2020-07-29,31800.0,,,31250.0
1585,2020-07-29,31250.0,,,31150.0
1586,2020-07-30,29950.0,,,29900.0
1587,2020-07-30,30300.0,,,29950.0
1588,2020-07-30,30950.0,,,30300.0
1589,2020-07-30,30250.0,,,30300.0
1590,2020-07-31,30300.0,,,31600.0
1591,2020-07-31,31600.0,,,32500.0
1592,2020-07-31,32550.0,,,32050.0
1593,2020-07-31,32000.0,,,32000.0
1594,2020-08-03,33450.0,,,32450.0
1595,2020-08-03,32400.0,,,32350.0
1596,2020-08-03,32400.0,,,32000.0
1597,2020-08-03,32050.0,,,31950.0
1598,2020-08-04,34750.0,,,36600.0
1599,2020-08-04,32000.0,,,33400.0
1600,2020-08-04,33350.0,,,33900.0
1601,2020-08-04,33900.0,,,34700.0
1602,2020-08-05,36150.0,,,37000.0
1603,2020-08-05,37100.0,,,37300.0
1604,2020-08-05,37300.0,,,34600.0
1605,2020-08-05,34650.0,,,34500.0
1606,2020-08-06,36000.0,,,36550.0
1607,2020-08-06,34900.0,,,35950.0
1608,2020-08-06,36000.0,,,35750.0
1609,2020-08-06,35750.0,,,35950.0
1610,2020-08-07,35850.0,,,34800.0
1611,2020-08-07,34850.0,,,34250.0
1612,2020-08-07,34250.0,,,33350.0
1613,2020-08-07,33350.0,,,33150.0
1614,2020-08-10,32500.0,,,32950.0
1615,2020-08-10,33000.0,,,33350.0
1616,2020-08-10,33400.0,,,35300.0
1617,2020-08-10,35350.0,,,35200.0
1618,2020-08-11,35200.0,,,36350.0
1619,2020-08-11,36350.0,,,36450.0
1620,2020-08-11,36450.0,,,36950.0
1621,2020-08-11,36900.0,,,37050.0
1622,2020-08-12,35550.0,,,35500.0
1623,2020-08-12,36450.0,,,35550.0
1624,2020-08-12,36900.0,,,36450.0
1625,2020-08-12,36750.0,,,36850.0
1626,2020-08-13,36000.0,,,35900.0
1627,2020-08-13,36250.0,,,35450.0
1628,2020-08-13,35450.0,,,35400.0
1629,2020-08-13,35400.0,,,36000.0
1630,2020-08-14,34350.0,,,33850.0
1631,2020-08-14,33500.0,,,33500.0
1632,2020-08-14,35200.0,,,34400.0
1633,2020-08-14,33850.0,,,33500.0
1634,2020-08-18,33000.0,,,32200.0
1635,2020-08-18,32200.0,,,31450.0
1636,2020-08-18,31450.0,,,30000.0
1637,2020-08-18,30000.0,,,30200.0
1638,2020-08-19,30450.0,,,30600.0
1639,2020-08-19,30600.0,,,30900.0
1640,2020-08-19,30950.0,,,30750.0
1641,2020-08-19,30750.0,,,30700.0
1642,2020-08-20,30500.0,,,31050.0
1643,2020-08-20,31150.0,,,30750.0
1644,2020-08-20,30700.0,,,30550.0
1645,2020-08-20,30550.0,,,31000.0
1646,2020-08-21,29650.0,,,29600.0
1647,2020-08-21,29850.0,,,29700.0
1648,2020-08-21,29400.0,,,29850.0
1649,2020-08-21,31350.0,,,29400.0
1650,2020-08-24,29300.0,,,30100.0
1651,2020-08-24,30100.0,,,30650.0
1652,2020-08-24,30600.0,,,30950.0
1653,2020-08-24,30950.0,,,31150.0
1654,2020-08-25,31300.0,,,31800.0
1655,2020-08-25,31800.0,,,31900.0
1656,2020-08-25,31900.0,,,31700.0
1657,2020-08-25,31650.0,,,31650.0
1658,2020-08-26,34650.0,,,34100.0
1659,2020-08-26,31850.0,,,32250.0
1660,2020-08-26,32250.0,,,33550.0
1661,2020-08-26,33550.0,,,34600.0
1662,2020-08-27,33200.0,,,32800.0
1663,2020-08-27,34100.0,,,33200.0
1664,2020-08-27,34300.0,,,33550.0
1665,2020-08-27,33550.0,,,34100.0
1666,2020-08-28,33200.0,,,33700.0
1667,2020-08-28,33750.0,,,33800.0
1668,2020-08-28,33800.0,,,33200.0
1669,2020-08-28,33200.0,,,32950.0
1670,2020-08-31,33250.0,,,34500.0
1671,2020-08-31,34450.0,,,34950.0
1672,2020-08-31,35000.0,,,35450.0
1673,2020-08-31,35450.0,,,35500.0
1674,2020-09-01,35600.0,,,34700.0
1675,2020-09-01,34700.0,,,34400.0
1676,2020-09-01,34400.0,,,34400.0
1677,2020-09-01,34400.0,,,34300.0
1678,2020-09-02,33950.0,,,34700.0
1679,2020-09-02,34750.0,,,34650.0
1680,2020-09-02,34600.0,,,33800.0
1681,2020-09-02,33800.0,,,34000.0
1682,2020-09-03,34900.0,,,35300.0
1683,2020-09-03,35300.0,,,34850.0
1684,2020-09-03,34850.0,,,34150.0
1685,2020-09-03,34200.0,,,34250.0
1686,2020-09-04,32250.0,,,32850.0
1687,2020-09-04,32850.0,,,32900.0
1688,2020-09-04,32900.0,,,33200.0
1689,2020-09-04,33200.0,,,33050.0
1690,2020-09-07,34150.0,,,34200.0
1691,2020-09-07,33750.0,,,34350.0
1692,2020-09-07,34350.0,,,33800.0
1693,2020-09-07,33800.0,,,34150.0
1694,2020-09-08,34100.0,,,33350.0
1695,2020-09-08,33350.0,,,33150.0
1696,2020-09-08,33200.0,,,32800.0
1697,2020-09-08,32800.0,,,33150.0
1698,2020-09-09,32850.0,,,32750.0
1699,2020-09-09,32850.0,,,32850.0
1700,2020-09-09,32400.0,,,33350.0
1701,2020-09-09,33400.0,,,32850.0
1702,2020-09-10,32600.0,,,32450.0
1703,2020-09-10,32300.0,,,32750.0
1704,2020-09-10,33100.0,,,32600.0
1705,2020-09-10,32450.0,,,32300.0
1706,2020-09-11,32900.0,,,32900.0
1707,2020-09-11,32900.0,,,33000.0
1708,2020-09-11,33000.0,,,35300.0
1709,2020-09-11,35300.0,,,35850.0
1710,2020-09-14,37000.0,,,34950.0
1711,2020-09-14,34850.0,,,34300.0
1712,2020-09-14,34300.0,,,34050.0
1713,2020-09-14,35000.0,,,34900.0
1714,2020-09-15,35200.0,,,35900.0
1715,2020-09-15,35950.0,,,35850.0
1716,2020-09-15,35850.0,,,35600.0
1717,2020-09-15,35600.0,,,36100.0
1718,2020-09-16,34600.0,,,34600.0
1719,2020-09-16,35150.0,,,35300.0
1720,2020-09-16,35300.0,,,34650.0
1721,2020-09-16,36100.0,,,35200.0
1722,2020-09-17,34250.0,,,33700.0
1723,2020-09-17,33650.0,,,33350.0
1724,2020-09-17,33350.0,,,32900.0
1725,2020-09-17,32950.0,,,33200.0
1726,2020-09-18,33100.0,,,34400.0
1727,2020-09-18,34350.0,,,35550.0
1728,2020-09-18,35550.0,,,34100.0
1729,2020-09-18,34100.0,,,33850.0
1730,2020-09-21,34400.0,,,34250.0
1731,2020-09-21,34200.0,,,34300.0
1732,2020-09-21,34250.0,,,33650.0
1733,2020-09-21,33650.0,,,34100.0
1734,2020-09-22,32350.0,,,32200.0
1735,2020-09-22,32850.0,,,32300.0
1736,2020-09-22,33800.0,,,32450.0
1737,2020-09-22,32500.0,,,32850.0
1738,2020-09-23,32600.0,,,31550.0
1739,2020-09-23,31600.0,,,31400.0
1740,2020-09-23,31400.0,,,31900.0
1741,2020-09-23,31850.0,,,31200.0
1742,2020-09-24,30400.0,,,31050.0
1743,2020-09-24,31050.0,,,30550.0
1744,2020-09-24,30500.0,,,30200.0
1745,2020-09-24,30200.0,,,29750.0
1746,2020-09-25,29800.0,,,29300.0
1747,2020-09-25,29950.0,,,30250.0
1748,2020-09-25,30200.0,,,30050.0
1749,2020-09-25,30050.0,,,29850.0
1750,2020-09-28,29550.0,,,29950.0
1751,2020-09-28,29950.0,,,29750.0
1752,2020-09-28,29750.0,,,30300.0
1753,2020-09-28,30300.0,,,30300.0
1754,2020-09-29,30850.0,,,31100.0
1755,2020-09-29,30700.0,,,30750.0
1756,2020-09-29,30800.0,,,30950.0
1757,2020-09-29,30950.0,,,30850.0
1758,2020-10-05,31450.0,,,31400.0
1759,2020-10-05,31450.0,,,31550.0
1760,2020-10-05,31550.0,,,31600.0
1761,2020-10-05,31600.0,,,31650.0
1762,2020-10-06,31700.0,,,31750.0
1763,2020-10-06,31800.0,,,31700.0
1764,2020-10-06,31700.0,,,30950.0
1765,2020-10-06,30950.0,,,31300.0
1766,2020-10-07,30750.0,,,31650.0
1767,2020-10-07,31700.0,,,31300.0
1768,2020-10-07,31300.0,,,31550.0
1769,2020-10-07,31500.0,,,31500.0
1770,2020-10-08,30850.0,,,30900.0
1771,2020-10-08,31450.0,,,31200.0
1772,2020-10-08,31800.0,,,31450.0
1773,2020-10-08,31200.0,,,30800.0
1774,2020-10-12,30350.0,,,30150.0
1775,2020-10-12,30200.0,,,30150.0
1776,2020-10-12,30900.0,,,30400.0
1777,2020-10-12,30100.0,,,30200.0
1778,2020-10-13,29600.0,,,29550.0
1779,2020-10-13,30250.0,,,29950.0
1780,2020-10-13,29950.0,,,29600.0
1781,2020-10-13,29650.0,,,29550.0
1782,2020-10-14,29650.0,,,29550.0
1783,2020-10-14,29550.0,,,29400.0
1784,2020-10-14,29450.0,,,29150.0
1785,2020-10-14,29200.0,,,29200.0
1786,2020-10-15,29050.0,,,28150.0
1787,2020-10-15,28200.0,,,27700.0
1788,2020-10-15,27650.0,,,27700.0
1789,2020-10-15,27700.0,,,27550.0
1790,2020-10-16,27500.0,,,27150.0
1791,2020-10-16,27150.0,,,26900.0
1792,2020-10-16,26950.0,,,27050.0
1793,2020-10-16,27050.0,,,27000.0
1794,2020-10-19,26400.0,,,26400.0
1795,2020-10-19,26800.0,,,26400.0
1796,2020-10-19,26850.0,,,27300.0
1797,2020-10-19,27300.0,,,26800.0
1798,2020-10-20,26100.0,,,25500.0
1799,2020-10-20,25500.0,,,25600.0
1800,2020-10-20,25650.0,,,26400.0
1801,2020-10-20,26400.0,,,26700.0
1802,2020-10-21,26700.0,,,26350.0
1803,2020-10-21,26300.0,,,26200.0
1804,2020-10-21,26200.0,,,26200.0
1805,2020-10-21,26150.0,,,26300.0
1806,2020-10-22,25800.0,,,25100.0
1807,2020-10-22,25100.0,,,24800.0
1808,2020-10-22,24800.0,,,24700.0
1809,2020-10-22,24750.0,,,24450.0
1810,2020-10-23,25900.0,,,25750.0
1811,2020-10-23,25350.0,,,25850.0
1812,2020-10-23,25050.0,,,25350.0
1813,2020-10-23,24750.0,,,25050.0
1814,2020-10-26,23850.0,,,23600.0
1815,2020-10-26,25500.0,,,24250.0
1816,2020-10-26,24300.0,,,24200.0
1817,2020-10-26,24200.0,,,23800.0
1818,2020-10-27,23050.0,,,24250.0
1819,2020-10-27,24250.0,,,24550.0
1820,2020-10-27,24650.0,,,23850.0
1821,2020-10-27,23850.0,,,24000.0
1822,2020-10-28,23800.0,,,24950.0
1823,2020-10-28,24950.0,,,24950.0
1824,2020-10-28,24950.0,,,25400.0
1825,2020-10-28,25400.0,,,25450.0
1826,2020-10-29,26100.0,,,25050.0
1827,2020-10-29,25000.0,,,24650.0
1828,2020-10-29,24650.0,,,25300.0
1829,2020-10-29,25250.0,,,25450.0
1830,2020-10-30,25350.0,,,24900.0
1831,2020-10-30,25600.0,,,25300.0
1832,2020-10-30,26100.0,,,25550.0
1833,2020-10-30,25700.0,,,26100.0
1834,2020-11-02,24900.0,,,25550.0
1835,2020-11-02,25600.0,,,25400.0
1836,2020-11-02,25400.0,,,25450.0
1837,2020-11-02,25450.0,,,25550.0
1838,2020-11-03,25550.0,,,26150.0
1839,2020-11-03,26150.0,,,25950.0
1840,2020-11-03,25950.0,,,26050.0
1841,2020-11-03,26050.0,,,25900.0
1842,2020-11-04,26200.0,,,26150.0
1843,2020-11-04,26100.0,,,26350.0
1844,2020-11-04,26350.0,,,26900.0
1845,2020-11-04,26900.0,,,26750.0
1846,2020-11-05,26900.0,,,26950.0
1847,2020-11-05,26950.0,,,26900.0
1848,2020-11-05,27500.0,,,26950.0
1849,2020-11-05,27000.0,,,26950.0
1850,2020-11-06,26650.0,,,26450.0
1851,2020-11-06,24300.0,,,24450.0
1852,2020-11-06,27200.0,,,26650.0
1853,2020-11-06,26400.0,,,24350.0
1854,2020-11-09,24450.0,,,24800.0
1855,2020-11-09,24800.0,,,25050.0
1856,2020-11-09,25050.0,,,24850.0
1857,2020-11-09,24850.0,,,24950.0
1858,2020-11-10,24950.0,,,24550.0
1859,2020-11-10,24550.0,,,24350.0
1860,2020-11-10,24400.0,,,24500.0
1861,2020-11-10,24500.0,,,24400.0
1862,2020-11-11,24350.0,,,23950.0
1863,2020-11-11,23950.0,,,23650.0
1864,2020-11-11,23650.0,,,23950.0
1865,2020-11-11,23900.0,,,23950.0
1866,2020-11-12,23950.0,,,24000.0
1867,2020-11-12,23950.0,,,23950.0
1868,2020-11-12,24400.0,,,24000.0
1869,2020-11-12,24300.0,,,24400.0
1870,2020-11-13,23750.0,,,23200.0
1871,2020-11-13,23250.0,,,23550.0
1872,2020-11-13,23550.0,,,24250.0
1873,2020-11-13,24200.0,,,24250.0
1874,2020-11-16,24500.0,,,24200.0
1875,2020-11-16,24200.0,,,24050.0
1876,2020-11-16,24050.0,,,23900.0
1877,2020-11-16,23900.0,,,23850.0
1878,2020-11-17,22450.0,,,22300.0
1879,2020-11-17,23850.0,,,22700.0
1880,2020-11-17,22700.0,,,23200.0
1881,2020-11-17,23200.0,,,22450.0
1882,2020-11-18,24500.0,,,24700.0
1883,2020-11-18,24650.0,,,24550.0
1884,2020-11-18,22300.0,,,23850.0
1885,2020-11-18,23850.0,,,24600.0
1886,2020-11-19,24500.0,,,24750.0
1887,2020-11-19,24750.0,,,25550.0
1888,2020-11-19,25550.0,,,25850.0
1889,2020-11-19,25800.0,,,25800.0
1890,2020-11-20,25850.0,,,25900.0
1891,2020-11-20,25900.0,,,26050.0
1892,2020-11-20,26050.0,,,26850.0
1893,2020-11-20,26850.0,,,26750.0
1894,2020-11-23,27050.0,,,26750.0
1895,2020-11-23,26750.0,,,26450.0
1896,2020-11-23,26500.0,,,26600.0
1897,2020-11-23,26600.0,,,26350.0
1898,2020-11-24,25650.0,,,25750.0
1899,2020-11-24,25700.0,,,25600.0
1900,2020-11-24,26400.0,,,25500.0
1901,2020-11-24,25450.0,,,25600.0
1902,2020-11-25,25850.0,,,25900.0
1903,2020-11-25,25850.0,,,25700.0
1904,2020-11-25,25700.0,,,25400.0
1905,2020-11-25,25500.0,,,25300.0
1906,2020-11-26,25350.0,,,26450.0
1907,2020-11-26,26500.0,,,26550.0
1908,2020-11-26,26500.0,,,27400.0
1909,2020-11-26,27400.0,,,27450.0
1910,2020-11-27,27550.0,,,27450.0
1911,2020-11-27,27850.0,,,27550.0
1912,2020-11-27,27550.0,,,27600.0
1913,2020-11-27,27650.0,,,27550.0
1914,2020-11-30,27500.0,,,27400.0
1915,2020-11-30,27400.0,,,27300.0
1916,2020-11-30,27350.0,,,27600.0
1917,2020-11-30,27650.0,,,27700.0
1918,2020-12-01,27300.0,,,27200.0
1919,2020-12-01,27300.0,,,27300.0
1920,2020-12-01,27550.0,,,27500.0
1921,2020-12-01,27500.0,,,27350.0
1922,2020-12-02,27000.0,,,26550.0
1923,2020-12-02,27200.0,,,27250.0
1924,2020-12-02,27450.0,,,27000.0
1925,2020-12-02,26550.0,,,27250.0
1926,2020-12-03,27200.0,,,26500.0
1927,2020-12-03,26500.0,,,26050.0
1928,2020-12-03,26000.0,,,25950.0
1929,2020-12-03,25950.0,,,25900.0
1930,2020-12-04,25900.0,,,25800.0
1931,2020-12-04,25700.0,,,25850.0
1932,2020-12-04,25850.0,,,26150.0
1933,2020-12-04,25800.0,,,25700.0
1934,2020-12-07,26000.0,,,26900.0
1935,2020-12-07,26900.0,,,27650.0
1936,2020-12-07,27650.0,,,28450.0
1937,2020-12-07,28400.0,,,28300.0
1938,2020-12-08,27050.0,,,27000.0
1939,2020-12-08,27400.0,,,27300.0
1940,2020-12-08,28550.0,,,27400.0
1941,2020-12-08,27250.0,,,27100.0
1942,2020-12-09,27300.0,,,27750.0
1943,2020-12-09,27750.0,,,27500.0
1944,2020-12-09,27500.0,,,27400.0
1945,2020-12-09,27400.0,,,27500.0
1946,2020-12-10,27400.0,,,28550.0
1947,2020-12-10,28450.0,,,29350.0
1948,2020-12-10,29350.0,,,29000.0
1949,2020-12-10,29000.0,,,28950.0
1950,2020-12-11,28850.0,,,29000.0
1951,2020-12-11,29050.0,,,29100.0
1952,2020-12-11,29100.0,,,29050.0
1953,2020-12-11,29050.0,,,29200.0
1954,2020-12-14,29000.0,,,28900.0
1955,2020-12-14,28950.0,,,28700.0
1956,2020-12-14,29050.0,,,28500.0
1957,2020-12-14,28500.0,,,29000.0
1958,2020-12-15,28700.0,,,28250.0
1959,2020-12-15,28250.0,,,28150.0
1960,2020-12-15,28150.0,,,28000.0
1961,2020-12-15,28000.0,,,28000.0
1962,2020-12-16,28100.0,,,28900.0
1963,2020-12-16,28900.0,,,28900.0
1964,2020-12-16,28950.0,,,28750.0
1965,2020-12-16,28700.0,,,28800.0
1966,2020-12-17,28900.0,,,28900.0
1967,2020-12-17,29100.0,,,28650.0
1968,2020-12-17,28700.0,,,28800.0
1969,2020-12-17,28850.0,,,28900.0
1970,2020-12-18,28850.0,,,28500.0
1971,2020-12-18,28400.0,,,28450.0
1972,2020-12-18,28450.0,,,28350.0
1973,2020-12-18,28350.0,,,28750.0
1974,2020-12-21,29800.0,,,29700.0
1975,2020-12-21,28750.0,,,28350.0
1976,2020-12-21,28400.0,,,29850.0
1977,2020-12-21,29800.0,,,29750.0
1978,2020-12-22,30100.0,,,29400.0
1979,2020-12-22,29400.0,,,29800.0
1980,2020-12-22,29800.0,,,28850.0
1981,2020-12-22,28850.0,,,28500.0
1982,2020-12-23,28900.0,,,28650.0
1983,2020-12-23,28700.0,,,28900.0
1984,2020-12-23,28900.0,,,28650.0
1985,2020-12-23,28700.0,,,28550.0
1986,2020-12-24,28850.0,,,28950.0
1987,2020-12-24,28950.0,,,29200.0
1988,2020-12-24,29150.0,,,29450.0
1989,2020-12-24,29450.0,,,29400.0
1990,2020-12-28,30750.0,,,30800.0
1991,2020-12-28,30800.0,,,31050.0
1992,2020-12-28,31350.0,,,30750.0
1993,2020-12-28,30000.0,,,31400.0
1994,2020-12-29,31250.0,,,31500.0
1995,2020-12-29,31000.0,,,31100.0
1996,2020-12-29,31050.0,,,31350.0
1997,2020-12-29,31350.0,,,31250.0
1998,2020-12-30,31400.0,,,31400.0
1999,2020-12-30,31450.0,,,31400.0
2000,2020-12-30,31400.0,,,31000.0
2001,2020-12-30,30950.0,,,31100.0
2002,2021-01-04,32050.0,,,31250.0
2003,2021-01-04,31250.0,,,31300.0
2004,2021-01-04,31300.0,,,31350.0
2005,2021-01-05,31400.0,,,30400.0
2006,2021-01-05,30450.0,,,30550.0
2007,2021-01-05,30550.0,,,30500.0
2008,2021-01-05,30450.0,,,30450.0
2009,2021-01-06,30450.0,,,30200.0
2010,2021-01-06,30400.0,,,30450.0
2011,2021-01-06,30800.0,,,30700.0
2012,2021-01-06,30700.0,,,30400.0
2013,2021-01-07,30300.0,,,29400.0
2014,2021-01-07,29400.0,,,29500.0
2015,2021-01-07,29500.0,,,28650.0
2016,2021-01-07,28700.0,,,28600.0
2017,2021-01-08,28800.0,,,27200.0
2018,2021-01-08,27200.0,,,27300.0
2019,2021-01-08,27250.0,,,27350.0
2020,2021-01-08,27350.0,,,27500.0
2021,2021-01-11,27050.0,,,27350.0
2022,2021-01-11,27700.0,,,26700.0
2023,2021-01-11,26700.0,,,26800.0
2024,2021-01-11,26800.0,,,27100.0
2025,2021-01-12,27550.0,,,27550.0
2026,2021-01-12,27550.0,,,28100.0
2027,2021-01-12,28100.0,,,28900.0
2028,2021-01-12,28950.0,,,28800.0
2029,2021-01-13,28600.0,,,28450.0
2030,2021-01-13,28950.0,,,28300.0
2031,2021-01-13,28250.0,,,28750.0
2032,2021-01-13,28750.0,,,28600.0
2033,2021-01-14,28700.0,,,28200.0
2034,2021-01-14,28200.0,,,28150.0
2035,2021-01-14,28200.0,,,27950.0
2036,2021-01-14,28000.0,,,27900.0
2037,2021-01-15,27900.0,,,27250.0
2038,2021-01-15,27200.0,,,27200.0
2039,2021-01-15,27200.0,,,26700.0
2040,2021-01-15,26700.0,,,26550.0
2041,2021-01-18,26000.0,,,25850.0
2042,2021-01-18,25950.0,,,26850.0
2043,2021-01-18,26850.0,,,26400.0
2044,2021-01-18,26400.0,,,26000.0
2045,2021-01-19,25750.0,,,24950.0
2046,2021-01-19,24950.0,,,25550.0
2047,2021-01-19,25550.0,,,25900.0
2048,2021-01-19,25850.0,,,26000.0
2049,2021-01-20,27050.0,,,27000.0
2050,2021-01-20,26000.0,,,26500.0
2051,2021-01-20,26450.0,,,27150.0
2052,2021-01-20,27100.0,,,27100.0
2053,2021-01-21,27150.0,,,26600.0
2054,2021-01-21,26600.0,,,26650.0
2055,2021-01-21,26650.0,,,26350.0
2056,2021-01-21,26400.0,,,26350.0
2057,2021-01-22,27000.0,,,26800.0
2058,2021-01-22,26800.0,,,26900.0
2059,2021-01-22,26900.0,,,26650.0
2060,2021-01-22,26700.0,,,26400.0
2061,2021-01-25,26300.0,,,26750.0
2062,2021-01-25,26750.0,,,26850.0
2063,2021-01-25,26850.0,,,27300.0
2064,2021-01-25,27300.0,,,27400.0
2065,2021-01-26,26600.0,,,26450.0
2066,2021-01-26,26800.0,,,26600.0
2067,2021-01-26,27650.0,,,27100.0
2068,2021-01-26,27100.0,,,26800.0
2069,2021-01-27,26000.0,,,25900.0
2070,2021-01-27,25550.0,,,25450.0
2071,2021-01-27,26550.0,,,26050.0
2072,2021-01-27,25900.0,,,25600.0
2073,2021-01-28,24600.0,,,24500.0
2074,2021-01-28,24700.0,,,24800.0
2075,2021-01-28,24800.0,,,24550.0
2076,2021-01-28,24550.0,,,24600.0
2077,2021-01-29,24500.0,,,24850.0
2078,2021-01-29,24800.0,,,24700.0
2079,2021-01-29,24700.0,,,24200.0
2080,2021-01-29,24200.0,,,24200.0
2081,2021-02-01,24150.0,,,24750.0
2082,2021-02-01,24750.0,,,24950.0
2083,2021-02-01,25000.0,,,25500.0
2084,2021-02-01,25450.0,,,25400.0
2085,2021-02-02,25450.0,,,25600.0
2086,2021-02-02,25550.0,,,25400.0
2087,2021-02-02,25400.0,,,25300.0
2088,2021-02-02,25250.0,,,25300.0
2089,2021-02-03,24750.0,,,24750.0
2090,2021-02-03,24700.0,,,24750.0
2091,2021-02-03,24850.0,,,24700.0
2092,2021-02-03,25450.0,,,24850.0
2093,2021-02-04,24800.0,,,24000.0
2094,2021-02-04,24050.0,,,23900.0
2095,2021-02-04,23900.0,,,24000.0
2096,2021-02-04,23950.0,,,23850.0
2097,2021-02-05,23900.0,,,24200.0
2098,2021-02-05,24200.0,,,24250.0
2099,2021-02-05,24250.0,,,24150.0
2100,2021-02-05,24150.0,,,24000.0
2101,2021-02-08,23900.0,,,23400.0
2102,2021-02-08,23400.0,,,23550.0
2103,2021-02-08,23550.0,,,23400.0
2104,2021-02-08,23400.0,,,23400.0
2105,2021-02-09,24050.0,,,23750.0
2106,2021-02-09,23650.0,,,24100.0
2107,2021-02-09,23400.0,,,23700.0
2108,2021-02-09,23700.0,,,23650.0
2109,2021-02-10,23450.0,,,23350.0
2110,2021-02-10,23450.0,,,23550.0
2111,2021-02-10,23700.0,,,23400.0
2112,2021-02-10,23350.0,,,23450.0
2113,2021-02-15,23350.0,,,23050.0
2114,2021-02-15,23050.0,,,22950.0
2115,2021-02-15,22950.0,,,22800.0
2116,2021-02-15,22750.0,,,22850.0
2117,2021-02-16,23100.0,,,22100.0
2118,2021-02-16,22350.0,,,22350.0
2119,2021-02-16,22350.0,,,22150.0
2120,2021-02-16,22150.0,,,22350.0
2121,2021-02-17,22150.0,,,21750.0
2122,2021-02-17,21750.0,,,21650.0
2123,2021-02-17,21600.0,,,21400.0
2124,2021-02-17,21400.0,,,21400.0
2125,2021-02-18,21200.0,,,21050.0
2126,2021-02-18,21550.0,,,21400.0
2127,2021-02-18,21400.0,,,21150.0
2128,2021-02-18,21200.0,,,21500.0
2129,2021-02-19,21100.0,,,20800.0
2130,2021-02-19,20800.0,,,20700.0
2131,2021-02-19,20700.0,,,21100.0
2132,2021-02-19,21100.0,,,21100.0
2133,2021-02-22,21050.0,,,21350.0
2134,2021-02-22,21400.0,,,21250.0
2135,2021-02-22,21250.0,,,20950.0
2136,2021-02-22,20950.0,,,20950.0
2137,2021-02-23,20850.0,,,20600.0
2138,2021-02-23,20550.0,,,20450.0
2139,2021-02-23,20450.0,,,20400.0
2140,2021-02-23,20350.0,,,20250.0
2141,2021-02-24,20300.0,,,20150.0
2142,2021-02-24,20750.0,,,21150.0
2143,2021-02-24,20100.0,,,20700.0
2144,2021-02-24,21150.0,,,20250.0
2145,2021-02-25,20700.0,,,20950.0
2146,2021-02-25,20950.0,,,21100.0
2147,2021-02-25,20600.0,,,20700.0
2148,2021-02-25,20950.0,,,20950.0
2149,2021-02-26,20600.0,,,20200.0
2150,2021-02-26,20200.0,,,20300.0
2151,2021-02-26,20250.0,,,20100.0
2152,2021-02-26,20100.0,,,20300.0
2153,2021-03-02,20750.0,,,21500.0
2154,2021-03-02,21400.0,,,21450.0
2155,2021-03-02,21450.0,,,21550.0
2156,2021-03-02,21500.0,,,21400.0
2157,2021-03-03,21350.0,,,21450.0
2158,2021-03-03,21450.0,,,21500.0
2159,2021-03-03,21500.0,,,21250.0
2160,2021-03-03,21250.0,,,21250.0
2161,2021-03-04,20300.0,,,20350.0
2162,2021-03-04,20500.0,,,20300.0
2163,2021-03-04,20350.0,,,20300.0
2164,2021-03-04,20900.0,,,20500.0
2165,2021-03-05,20050.0,,,20600.0
2166,2021-03-05,20550.0,,,20700.0
2167,2021-03-05,20700.0,,,21350.0
2168,2021-03-05,21350.0,,,21100.0
2169,2021-03-08,21650.0,,,21400.0
2170,2021-03-08,21400.0,,,21100.0
2171,2021-03-08,21150.0,,,20900.0
2172,2021-03-08,20900.0,,,20650.0
2173,2021-03-09,20650.0,,,20450.0
2174,2021-03-09,20450.0,,,20900.0
2175,2021-03-09,20900.0,,,20800.0
2176,2021-03-09,20800.0,,,20850.0
2177,2021-03-10,20200.0,,,20200.0
2178,2021-03-10,20650.0,,,20200.0
2179,2021-03-10,21050.0,,,20750.0
2180,2021-03-10,20750.0,,,20650.0
2181,2021-03-11,20400.0,,,20400.0
2182,2021-03-11,20350.0,,,20500.0
2183,2021-03-11,20500.0,,,21250.0
2184,2021-03-11,21250.0,,,21350.0
2185,2021-03-12,21150.0,,,21550.0
2186,2021-03-12,21500.0,,,21400.0
2187,2021-03-12,21450.0,,,21500.0
2188,2021-03-12,21500.0,,,21600.0
2189,2021-03-15,21650.0,,,21650.0
2190,2021-03-15,21950.0,,,21650.0
2191,2021-03-15,21700.0,,,21650.0
2192,2021-03-15,21600.0,,,21650.0
2193,2021-03-16,21650.0,,,21750.0
2194,2021-03-16,21700.0,,,22150.0
2195,2021-03-16,22150.0,,,22100.0
2196,2021-03-16,22100.0,,,22200.0
2197,2021-03-17,22350.0,,,22400.0
2198,2021-03-17,22200.0,,,22150.0
2199,2021-03-17,22150.0,,,22200.0
2200,2021-03-17,22200.0,,,22300.0
2201,2021-03-18,22600.0,,,22450.0
2202,2021-03-18,22450.0,,,22250.0
2203,2021-03-18,22300.0,,,22050.0
2204,2021-03-18,22050.0,,,22000.0
2205,2021-03-19,21500.0,,,21950.0
2206,2021-03-19,21950.0,,,22150.0
2207,2021-03-19,22150.0,,,22150.0
2208,2021-03-19,22200.0,,,22050.0
2209,2021-03-22,22150.0,,,21800.0
2210,2021-03-22,21800.0,,,21800.0
2211,2021-03-22,21800.0,,,21700.0
2212,2021-03-22,21700.0,,,21650.0
2213,2021-03-23,22200.0,,,22150.0
2214,2021-03-23,22600.0,,,22700.0
2215,2021-03-23,21800.0,,,22600.0
2216,2021-03-23,22700.0,,,22250.0
2217,2021-03-24,22450.0,,,22400.0
2218,2021-03-24,22350.0,,,22400.0
2219,2021-03-24,21900.0,,,22400.0
2220,2021-03-24,22350.0,,,22400.0
2221,2021-03-25,22150.0,,,21900.0
2222,2021-03-25,21950.0,,,21850.0
2223,2021-03-25,21850.0,,,21900.0
2224,2021-03-25,21850.0,,,21850.0
2225,2021-03-26,22000.0,,,22200.0
2226,2021-03-26,22150.0,,,22250.0
2227,2021-03-26,22300.0,,,22150.0
2228,2021-03-26,22150.0,,,22200.0
2229,2021-03-29,22300.0,,,22350.0
2230,2021-03-29,22350.0,,,22300.0
2231,2021-03-29,22350.0,,,22200.0
2232,2021-03-29,22200.0,,,22250.0
2233,2021-03-30,22200.0,,,22250.0
2234,2021-03-30,22400.0,,,22300.0
2235,2021-03-30,22300.0,,,22200.0
2236,2021-03-30,22350.0,,,22400.0
2237,2021-03-31,22200.0,,,22150.0
2238,2021-03-31,22150.0,,,22150.0
2239,2021-03-31,22150.0,,,21950.0
2240,2021-03-31,21950.0,,,21850.0
2241,2021-04-01,22000.0,,,21850.0
2242,2021-04-01,21850.0,,,21950.0
2243,2021-04-01,22000.0,,,21900.0
2244,2021-04-01,21850.0,,,21750.0
2245,2021-04-02,21750.0,,,21700.0
2246,2021-04-02,21700.0,,,21900.0
2247,2021-04-02,21850.0,,,22000.0
2248,2021-04-02,22000.0,,,22100.0
2249,2021-04-05,21800.0,,,21800.0
2250,2021-04-05,21800.0,,,21750.0
2251,2021-04-05,22150.0,,,21850.0
2252,2021-04-05,21850.0,,,21800.0
2253,2021-04-06,21850.0,,,21250.0
2254,2021-04-06,21250.0,,,21250.0
2255,2021-04-06,21250.0,,,21050.0
2256,2021-04-06,21100.0,,,21100.0
2257,2021-04-07,21200.0,,,21200.0
2258,2021-04-07,21200.0,,,21100.0
2259,2021-04-07,21050.0,,,21000.0
2260,2021-04-07,21000.0,,,20850.0
2261,2021-04-08,21050.0,,,21050.0
2262,2021-04-08,20800.0,,,20650.0
2263,2021-04-08,20650.0,,,20900.0
2264,2021-04-08,20950.0,,,21050.0
2265,2021-04-09,21250.0,,,22550.0
2266,2021-04-09,22600.0,,,22500.0
2267,2021-04-09,22500.0,,,22350.0
2268,2021-04-09,22350.0,,,22450.0
2269,2021-04-12,23450.0,,,23400.0
2270,2021-04-12,22700.0,,,22650.0
2271,2021-04-12,22650.0,,,23050.0
2272,2021-04-12,23050.0,,,23450.0
2273,2021-04-13,23200.0,,,24700.0
2274,2021-04-13,24750.0,,,24750.0
2275,2021-04-13,24700.0,,,24750.0
2276,2021-04-13,24700.0,,,24950.0
2277,2021-04-14,25000.0,,,25800.0
2278,2021-04-14,25800.0,,,25450.0
2279,2021-04-14,25450.0,,,25500.0
2280,2021-04-14,25500.0,,,25350.0
2281,2021-04-15,25350.0,,,24850.0
2282,2021-04-15,24850.0,,,25300.0
2283,2021-04-15,25300.0,,,25350.0
2284,2021-04-15,25400.0,,,25300.0
2285,2021-04-16,25200.0,,,26450.0
2286,2021-04-16,26450.0,,,26450.0
2287,2021-04-16,25000.0,,,25150.0
2288,2021-04-16,25150.0,,,25200.0
2289,2021-04-19,26600.0,,,25950.0
2290,2021-04-19,25900.0,,,25850.0
2291,2021-04-19,25850.0,,,26500.0
2292,2021-04-19,26500.0,,,26200.0
2293,2021-04-20,26300.0,,,26600.0
2294,2021-04-20,26650.0,,,26350.0
2295,2021-04-20,26350.0,,,25850.0
2296,2021-04-20,25850.0,,,25650.0
2297,2021-04-21,25050.0,,,24900.0
2298,2021-04-21,25650.0,,,25500.0
2299,2021-04-21,25500.0,,,25150.0
2300,2021-04-21,25150.0,,,25050.0
2301,2021-04-22,25050.0,,,24500.0
2302,2021-04-22,24500.0,,,25050.0
2303,2021-04-22,25050.0,,,24750.0
2304,2021-04-22,24750.0,,,24650.0
2305,2021-04-23,24700.0,,,24400.0
2306,2021-04-23,24600.0,,,24300.0
2307,2021-04-23,24300.0,,,24500.0
2308,2021-04-23,24500.0,,,24700.0
2309,2021-04-26,24600.0,,,25150.0
2310,2021-04-26,25150.0,,,25300.0
2311,2021-04-26,25300.0,,,25050.0
2312,2021-04-26,25000.0,,,24950.0
2313,2021-04-27,25000.0,,,24100.0
2314,2021-04-27,24100.0,,,24150.0
2315,2021-04-27,24150.0,,,23850.0
2316,2021-04-27,23850.0,,,23800.0
2317,2021-04-28,23750.0,,,23200.0
2318,2021-04-28,23150.0,,,22950.0
2319,2021-04-28,22950.0,,,22550.0
2320,2021-04-28,22550.0,,,22600.0
2321,2021-04-29,22700.0,,,22600.0
2322,2021-04-29,22550.0,,,22400.0
2323,2021-04-29,22700.0,,,22700.0
2324,2021-04-29,22650.0,,,22700.0
2325,2021-04-30,21700.0,,,21750.0
2326,2021-04-30,21700.0,,,21600.0
2327,2021-04-30,21650.0,,,21450.0
2328,2021-04-30,22300.0,,,21750.0
2329,2021-05-03,21400.0,,,21550.0
2330,2021-05-03,21550.0,,,21250.0
2331,2021-05-03,21250.0,,,20850.0
2332,2021-05-03,20850.0,,,20850.0
2333,2021-05-04,21250.0,,,21250.0
2334,2021-05-04,20900.0,,,20950.0
2335,2021-05-04,20900.0,,,21250.0
2336,2021-05-04,20650.0,,,20900.0
2337,2021-05-06,21200.0,,,20900.0
2338,2021-05-06,20900.0,,,20600.0
2339,2021-05-06,20650.0,,,20750.0
2340,2021-05-06,20750.0,,,20850.0
2341,2021-05-07,21300.0,,,21250.0
2342,2021-05-07,21500.0,,,21550.0
2343,2021-05-07,20750.0,,,21500.0
2344,2021-05-07,21500.0,,,21350.0
2345,2021-05-10,21350.0,,,21750.0
2346,2021-05-10,21800.0,,,22000.0
2347,2021-05-10,22000.0,,,21950.0
2348,2021-05-10,21950.0,,,22350.0
2349,2021-05-11,21150.0,,,21100.0
2350,2021-05-11,21100.0,,,21100.0
2351,2021-05-11,22100.0,,,21200.0
2352,2021-05-11,21200.0,,,21150.0
2353,2021-05-12,20900.0,,,21200.0
2354,2021-05-12,21200.0,,,20900.0
2355,2021-05-12,20950.0,,,21200.0
2356,2021-05-12,21200.0,,,21350.0
2357,2021-05-13,20850.0,,,21150.0
2358,2021-05-13,21150.0,,,21150.0
2359,2021-05-13,21150.0,,,20750.0
2360,2021-05-13,20700.0,,,20750.0
